PRIMARY_AXIS = Z
SWEEP_MODE = RHI
PARAMETERS = ROT,TILT
<sweep>
    -177.96500     -8.30510
    -176.19700     -7.66230
    -175.10900     -7.02040
    -174.29700     -6.37940
    -173.65300     -5.73920
    -173.12900     -5.09970
    -172.70000     -4.46080
    -172.34700     -3.82260
    -172.06200     -3.18470
    -171.83700     -2.54730
    -171.66600     -1.91020
    -171.54600     -1.27330
    -171.47400     -0.63663
    -171.45100      0.00000
    -171.47400      0.63663
    -171.54600      1.27330
    -171.66600      1.91020
    -171.83700      2.54730
    -172.06200      3.18470
    -172.34700      3.82260
    -172.70000      4.46080
    -173.12900      5.09970
    -173.65300      5.73920
    -174.29700      6.37940
    -175.10900      7.02040
    -176.19700      7.66230
    -177.96500      8.30510
</sweep>
<sweep>
    -176.32200    -11.53700
    -174.68600    -10.88800
    -173.51700    -10.24000
    -172.59000     -9.59410
    -171.82000     -8.94900
    -171.16700     -8.30510
    -170.60500     -7.66230
    -170.11800     -7.02040
    -169.69500     -6.37940
    -169.32800     -5.73920
    -169.01100     -5.09970
    -168.73900     -4.46080
    -168.51000     -3.82260
    -168.31900     -3.18470
    -168.16600     -2.54730
    -168.04800     -1.91020
    -167.96500     -1.27330
    -167.91500     -0.63663
    -167.89900      0.00000
    -167.91500      0.63663
    -167.96500      1.27330
    -168.04800      1.91020
    -168.16600      2.54730
    -168.31900      3.18470
    -168.51000      3.82260
    -168.73900      4.46080
    -169.01100      5.09970
    -169.32800      5.73920
    -169.69500      6.37940
    -170.11800      7.02040
    -170.60500      7.66230
    -171.16700      8.30510
    -171.82000      8.94900
    -172.59000      9.59410
    -173.51700     10.24000
    -174.68600     10.88800
    -176.32200     11.53700
</sweep>
<sweep>
    -179.06900    -14.80700
    -175.49400    -14.14900
    -173.77700    -13.49300
    -172.50500    -12.84000
    -171.47700    -12.18700
    -170.61000    -11.53700
    -169.86200    -10.88800
    -169.20800    -10.24000
    -168.63100     -9.59410
    -168.11900     -8.94900
    -167.66400     -8.30510
    -167.25900     -7.66230
    -166.89800     -7.02040
    -166.57900     -6.37940
    -166.29700     -5.73920
    -166.05000     -5.09970
    -165.83700     -4.46080
    -165.65500     -3.82260
    -165.50300     -3.18470
    -165.38000     -2.54730
    -165.28600     -1.91020
    -165.21800     -1.27330
    -165.17800     -0.63663
    -165.16500      0.00000
    -165.17800      0.63663
    -165.21800      1.27330
    -165.28600      1.91020
    -165.38000      2.54730
    -165.50300      3.18470
    -165.65500      3.82260
    -165.83700      4.46080
    -166.05000      5.09970
    -166.29700      5.73920
    -166.57900      6.37940
    -166.89800      7.02040
    -167.25900      7.66230
    -167.66400      8.30510
    -168.11900      8.94900
    -168.63100      9.59410
    -169.20800     10.24000
    -169.86200     10.88800
    -170.61000     11.53700
    -171.47700     12.18700
    -172.50500     12.84000
    -173.77700     13.49300
    -175.49400     14.14900
    -179.06900     14.80700
</sweep>
<sweep>
    -176.47900    -16.79100
    -174.09900    -16.12800
    -172.50600    -15.46600
    -171.25500    -14.80700
    -170.21400    -14.14900
    -169.32100    -13.49300
    -168.53900    -12.84000
    -167.84700    -12.18700
    -167.22900    -11.53700
    -166.67300    -10.88800
    -166.17300    -10.24000
    -165.72200     -9.59410
    -165.31400     -8.94900
    -164.94600     -8.30510
    -164.61500     -7.66230
    -164.31700     -7.02040
    -164.05200     -6.37940
    -163.81600     -5.73920
    -163.60800     -5.09970
    -163.42700     -4.46080
    -163.27300     -3.82260
    -163.14300     -3.18470
    -163.03800     -2.54730
    -162.95700     -1.91020
    -162.90000     -1.27330
    -162.86500     -0.63663
    -162.85400      0.00000
    -162.86500      0.63663
    -162.90000      1.27330
    -162.95700      1.91020
    -163.03800      2.54730
    -163.14300      3.18470
    -163.27300      3.82260
    -163.42700      4.46080
    -163.60800      5.09970
    -163.81600      5.73920
    -164.05200      6.37940
    -164.31700      7.02040
    -164.61500      7.66230
    -164.94600      8.30510
    -165.31400      8.94900
    -165.72200      9.59410
    -166.17300     10.24000
    -166.67300     10.88800
    -167.22900     11.53700
    -167.84700     12.18700
    -168.53900     12.84000
    -169.32100     13.49300
    -170.21400     14.14900
    -171.25500     14.80700
    -172.50600     15.46600
    -174.09900     16.12800
    -176.47900     16.79100
</sweep>
<sweep>
    -176.07600    -18.79700
    -173.59700    -18.12600
    -171.90900    -17.45800
    -170.57700    -16.79100
    -169.46200    -16.12800
    -168.50100    -15.46600
    -167.65600    -14.80700
    -166.90400    -14.14900
    -166.22900    -13.49300
    -165.61900    -12.84000
    -165.06500    -12.18700
    -164.56200    -11.53700
    -164.10300    -10.88800
    -163.68500    -10.24000
    -163.30400     -9.59410
    -162.95700     -8.94900
    -162.64100     -8.30510
    -162.35500     -7.66230
    -162.09700     -7.02040
    -161.86600     -6.37940
    -161.65900     -5.73920
    -161.47700     -5.09970
    -161.31900     -4.46080
    -161.18200     -3.82260
    -161.06800     -3.18470
    -160.97500     -2.54730
    -160.90400     -1.91020
    -160.85300     -1.27330
    -160.82200     -0.63663
    -160.81200      0.00000
    -160.82200      0.63663
    -160.85300      1.27330
    -160.90400      1.91020
    -160.97500      2.54730
    -161.06800      3.18470
    -161.18200      3.82260
    -161.31900      4.46080
    -161.47700      5.09970
    -161.65900      5.73920
    -161.86600      6.37940
    -162.09700      7.02040
    -162.35500      7.66230
    -162.64100      8.30510
    -162.95700      8.94900
    -163.30400      9.59410
    -163.68500     10.24000
    -164.10300     10.88800
    -164.56200     11.53700
    -165.06500     12.18700
    -165.61900     12.84000
    -166.22900     13.49300
    -166.90400     14.14900
    -167.65600     14.80700
    -168.50100     15.46600
    -169.46200     16.12800
    -170.57700     16.79100
    -171.90900     17.45800
    -173.59700     18.12600
    -176.07600     18.79700
</sweep>
<sweep>
    -176.95200    -20.82700
    -173.81000    -20.14800
    -171.87000    -19.47100
    -170.37300    -18.79700
    -169.13400    -18.12600
    -168.07000    -17.45800
    -167.13600    -16.79100
    -166.30500    -16.12800
    -165.55800    -15.46600
    -164.88200    -14.80700
    -164.26700    -14.14900
    -163.70500    -13.49300
    -163.19000    -12.84000
    -162.71800    -12.18700
    -162.28500    -11.53700
    -161.88700    -10.88800
    -161.52100    -10.24000
    -161.18600     -9.59410
    -160.88000     -8.94900
    -160.60000     -8.30510
    -160.34600     -7.66230
    -160.11600     -7.02040
    -159.90900     -6.37940
    -159.72400     -5.73920
    -159.56100     -5.09970
    -159.41800     -4.46080
    -159.29500     -3.82260
    -159.19200     -3.18470
    -159.10800     -2.54730
    -159.04400     -1.91020
    -158.99700     -1.27330
    -158.97000     -0.63663
    -158.96100      0.00000
    -158.97000      0.63663
    -158.99700      1.27330
    -159.04400      1.91020
    -159.10800      2.54730
    -159.19200      3.18470
    -159.29500      3.82260
    -159.41800      4.46080
    -159.56100      5.09970
    -159.72400      5.73920
    -159.90900      6.37940
    -160.11600      7.02040
    -160.34600      7.66230
    -160.60000      8.30510
    -160.88000      8.94900
    -161.18600      9.59410
    -161.52100     10.24000
    -161.88700     10.88800
    -162.28500     11.53700
    -162.71800     12.18700
    -163.19000     12.84000
    -163.70500     13.49300
    -164.26700     14.14900
    -164.88200     14.80700
    -165.55800     15.46600
    -166.30500     16.12800
    -167.13600     16.79100
    -168.07000     17.45800
    -169.13400     18.12600
    -170.37300     18.79700
    -171.87000     19.47100
    -173.81000     20.14800
    -176.95200     20.82700
</sweep>
<sweep>
    -174.89400    -22.19600
    -172.42000    -21.51000
    -170.64400    -20.82700
    -169.21400    -20.14800
    -168.00500    -19.47100
    -166.95200    -18.79700
    -166.02000    -18.12600
    -165.18400    -17.45800
    -164.42800    -16.79100
    -163.74000    -16.12800
    -163.11100    -15.46600
    -162.53400    -14.80700
    -162.00300    -14.14900
    -161.51400    -13.49300
    -161.06200    -12.84000
    -160.64600    -12.18700
    -160.26100    -11.53700
    -159.90600    -10.88800
    -159.57800    -10.24000
    -159.27700     -9.59410
    -159.00100     -8.94900
    -158.74800     -8.30510
    -158.51800     -7.66230
    -158.30900     -7.02040
    -158.12000     -6.37940
    -157.95200     -5.73920
    -157.80300     -5.09970
    -157.67200     -4.46080
    -157.56000     -3.82260
    -157.46500     -3.18470
    -157.38900     -2.54730
    -157.32900     -1.91020
    -157.28700     -1.27330
    -157.26200     -0.63663
    -157.25300      0.00000
    -157.26200      0.63663
    -157.28700      1.27330
    -157.32900      1.91020
    -157.38900      2.54730
    -157.46500      3.18470
    -157.56000      3.82260
    -157.67200      4.46080
    -157.80300      5.09970
    -157.95200      5.73920
    -158.12000      6.37940
    -158.30900      7.02040
    -158.51800      7.66230
    -158.74800      8.30510
    -159.00100      8.94900
    -159.27700      9.59410
    -159.57800     10.24000
    -159.90600     10.88800
    -160.26100     11.53700
    -160.64600     12.18700
    -161.06200     12.84000
    -161.51400     13.49300
    -162.00300     14.14900
    -162.53400     14.80700
    -163.11100     15.46600
    -163.74000     16.12800
    -164.42800     16.79100
    -165.18400     17.45800
    -166.02000     18.12600
    -166.95200     18.79700
    -168.00500     19.47100
    -169.21400     20.14800
    -170.64400     20.82700
    -172.42000     21.51000
    -174.89400     22.19600
</sweep>
<sweep>
    -178.15200    -24.27500
    -173.77500    -23.57800
    -171.47700    -22.88500
    -169.74700    -22.19600
    -168.32700    -21.51000
    -167.11300    -20.82700
    -166.04800    -20.14800
    -165.10100    -19.47100
    -164.24800    -18.79700
    -163.47300    -18.12600
    -162.76600    -17.45800
    -162.11800    -16.79100
    -161.52000    -16.12800
    -160.96900    -15.46600
    -160.45900    -14.80700
    -159.98700    -14.14900
    -159.55000    -13.49300
    -159.14400    -12.84000
    -158.76800    -12.18700
    -158.41900    -11.53700
    -158.09600    -10.88800
    -157.79800    -10.24000
    -157.52300     -9.59410
    -157.27000     -8.94900
    -157.03900     -8.30510
    -156.82700     -7.66230
    -156.63400     -7.02040
    -156.46100     -6.37940
    -156.30500     -5.73920
    -156.16800     -5.09970
    -156.04700     -4.46080
    -155.94300     -3.82260
    -155.85600     -3.18470
    -155.78500     -2.54730
    -155.73000     -1.91020
    -155.69100     -1.27330
    -155.66700     -0.63663
    -155.65900      0.00000
    -155.66700      0.63663
    -155.69100      1.27330
    -155.73000      1.91020
    -155.78500      2.54730
    -155.85600      3.18470
    -155.94300      3.82260
    -156.04700      4.46080
    -156.16800      5.09970
    -156.30500      5.73920
    -156.46100      6.37940
    -156.63400      7.02040
    -156.82700      7.66230
    -157.03900      8.30510
    -157.27000      8.94900
    -157.52300      9.59410
    -157.79800     10.24000
    -158.09600     10.88800
    -158.41900     11.53700
    -158.76800     12.18700
    -159.14400     12.84000
    -159.55000     13.49300
    -159.98700     14.14900
    -160.45900     14.80700
    -160.96900     15.46600
    -161.52000     16.12800
    -162.11800     16.79100
    -162.76600     17.45800
    -163.47300     18.12600
    -164.24800     18.79700
    -165.10100     19.47100
    -166.04800     20.14800
    -167.11300     20.82700
    -168.32700     21.51000
    -169.74700     22.19600
    -171.47700     22.88500
    -173.77500     23.57800
    -178.15200     24.27500
</sweep>
<sweep>
    -177.00200    -25.67900
    -173.13900    -24.97500
    -170.85600    -24.27500
    -169.10700    -23.57800
    -167.66000    -22.88500
    -166.41700    -22.19600
    -165.32400    -21.51000
    -164.34900    -20.82700
    -163.46900    -20.14800
    -162.66800    -19.47100
    -161.93500    -18.79700
    -161.26200    -18.12600
    -160.64000    -17.45800
    -160.06500    -16.79100
    -159.53200    -16.12800
    -159.03700    -15.46600
    -158.57700    -14.80700
    -158.14900    -14.14900
    -157.75100    -13.49300
    -157.38100    -12.84000
    -157.03600    -12.18700
    -156.71600    -11.53700
    -156.41900    -10.88800
    -156.14500    -10.24000
    -155.89100     -9.59410
    -155.65600     -8.94900
    -155.44200     -8.30510
    -155.24500     -7.66230
    -155.06700     -7.02040
    -154.90500     -6.37940
    -154.76100     -5.73920
    -154.63200     -5.09970
    -154.52000     -4.46080
    -154.42300     -3.82260
    -154.34200     -3.18470
    -154.27500     -2.54730
    -154.22400     -1.91020
    -154.18700     -1.27330
    -154.16500     -0.63663
    -154.15800      0.00000
    -154.16500      0.63663
    -154.18700      1.27330
    -154.22400      1.91020
    -154.27500      2.54730
    -154.34200      3.18470
    -154.42300      3.82260
    -154.52000      4.46080
    -154.63200      5.09970
    -154.76100      5.73920
    -154.90500      6.37940
    -155.06700      7.02040
    -155.24500      7.66230
    -155.44200      8.30510
    -155.65600      8.94900
    -155.89100      9.59410
    -156.14500     10.24000
    -156.41900     10.88800
    -156.71600     11.53700
    -157.03600     12.18700
    -157.38100     12.84000
    -157.75100     13.49300
    -158.14900     14.14900
    -158.57700     14.80700
    -159.03700     15.46600
    -159.53200     16.12800
    -160.06500     16.79100
    -160.64000     17.45800
    -161.26200     18.12600
    -161.93500     18.79700
    -162.66800     19.47100
    -163.46900     20.14800
    -164.34900     20.82700
    -165.32400     21.51000
    -166.41700     22.19600
    -167.66000     22.88500
    -169.10700     23.57800
    -170.85600     24.27500
    -173.13900     24.97500
    -177.00200     25.67900
</sweep>
<sweep>
    -176.88100    -27.10100
    -172.87500    -26.38800
    -170.50600    -25.67900
    -168.69000    -24.97500
    -167.18800    -24.27500
    -165.89700    -23.57800
    -164.76100    -22.88500
    -163.74600    -22.19600
    -162.83000    -21.51000
    -161.99600    -20.82700
    -161.23200    -20.14800
    -160.52900    -19.47100
    -159.87900    -18.79700
    -159.27700    -18.12600
    -158.71900    -17.45800
    -158.19900    -16.79100
    -157.71400    -16.12800
    -157.26300    -15.46600
    -156.84100    -14.80700
    -156.44800    -14.14900
    -156.08100    -13.49300
    -155.73900    -12.84000
    -155.42000    -12.18700
    -155.12400    -11.53700
    -154.84800    -10.88800
    -154.59200    -10.24000
    -154.35600     -9.59410
    -154.13700     -8.94900
    -153.93700     -8.30510
    -153.75300     -7.66230
    -153.58600     -7.02040
    -153.43500     -6.37940
    -153.29900     -5.73920
    -153.17900     -5.09970
    -153.07400     -4.46080
    -152.98300     -3.82260
    -152.90600     -3.18470
    -152.84400     -2.54730
    -152.79600     -1.91020
    -152.76100     -1.27330
    -152.74100     -0.63663
    -152.73400      0.00000
    -152.74100      0.63663
    -152.76100      1.27330
    -152.79600      1.91020
    -152.84400      2.54730
    -152.90600      3.18470
    -152.98300      3.82260
    -153.07400      4.46080
    -153.17900      5.09970
    -153.29900      5.73920
    -153.43500      6.37940
    -153.58600      7.02040
    -153.75300      7.66230
    -153.93700      8.30510
    -154.13700      8.94900
    -154.35600      9.59410
    -154.59200     10.24000
    -154.84800     10.88800
    -155.12400     11.53700
    -155.42000     12.18700
    -155.73900     12.84000
    -156.08100     13.49300
    -156.44800     14.14900
    -156.84100     14.80700
    -157.26300     15.46600
    -157.71400     16.12800
    -158.19900     16.79100
    -158.71900     17.45800
    -159.27700     18.12600
    -159.87900     18.79700
    -160.52900     19.47100
    -161.23200     20.14800
    -161.99600     20.82700
    -162.83000     21.51000
    -163.74600     22.19600
    -164.76100     22.88500
    -165.89700     23.57800
    -167.18800     24.27500
    -168.69000     24.97500
    -170.50600     25.67900
    -172.87500     26.38800
    -176.88100     27.10100
</sweep>
<sweep>
    -177.70800    -28.54000
    -172.96700    -27.81800
    -170.41400    -27.10100
    -168.48600    -26.38800
    -166.89900    -25.67900
    -165.54000    -24.97500
    -164.34700    -24.27500
    -163.28200    -23.57800
    -162.32200    -22.88500
    -161.44700    -22.19600
    -160.64600    -21.51000
    -159.90900    -20.82700
    -159.22700    -20.14800
    -158.59500    -19.47100
    -158.00700    -18.79700
    -157.46000    -18.12600
    -156.95000    -17.45800
    -156.47300    -16.79100
    -156.02700    -16.12800
    -155.61000    -15.46600
    -155.22000    -14.80700
    -154.85600    -14.14900
    -154.51500    -13.49300
    -154.19600    -12.84000
    -153.89900    -12.18700
    -153.62100    -11.53700
    -153.36300    -10.88800
    -153.12400    -10.24000
    -152.90200     -9.59410
    -152.69700     -8.94900
    -152.50900     -8.30510
    -152.33600     -7.66230
    -152.17900     -7.02040
    -152.03700     -6.37940
    -151.90900     -5.73920
    -151.79500     -5.09970
    -151.69600     -4.46080
    -151.61000     -3.82260
    -151.53800     -3.18470
    -151.47900     -2.54730
    -151.43400     -1.91020
    -151.40100     -1.27330
    -151.38200     -0.63663
    -151.37500      0.00000
    -151.38200      0.63663
    -151.40100      1.27330
    -151.43400      1.91020
    -151.47900      2.54730
    -151.53800      3.18470
    -151.61000      3.82260
    -151.69600      4.46080
    -151.79500      5.09970
    -151.90900      5.73920
    -152.03700      6.37940
    -152.17900      7.02040
    -152.33600      7.66230
    -152.50900      8.30510
    -152.69700      8.94900
    -152.90200      9.59410
    -153.12400     10.24000
    -153.36300     10.88800
    -153.62100     11.53700
    -153.89900     12.18700
    -154.19600     12.84000
    -154.51500     13.49300
    -154.85600     14.14900
    -155.22000     14.80700
    -155.61000     15.46600
    -156.02700     16.12800
    -156.47300     16.79100
    -156.95000     17.45800
    -157.46000     18.12600
    -158.00700     18.79700
    -158.59500     19.47100
    -159.22700     20.14800
    -159.90900     20.82700
    -160.64600     21.51000
    -161.44700     22.19600
    -162.32200     22.88500
    -163.28200     23.57800
    -164.34700     24.27500
    -165.54000     24.97500
    -166.89900     25.67900
    -168.48600     26.38800
    -170.41400     27.10100
    -172.96700     27.81800
    -177.70800     28.54000
</sweep>
<sweep>
    -173.45800    -29.26800
    -170.59300    -28.54000
    -168.49600    -27.81800
    -166.79400    -27.10100
    -165.34600    -26.38800
    -164.08000    -25.67900
    -162.95300    -24.97500
    -161.93900    -24.27500
    -161.01600    -23.57800
    -160.17200    -22.88500
    -159.39500    -22.19600
    -158.67700    -21.51000
    -158.01100    -20.82700
    -157.39200    -20.14800
    -156.81500    -19.47100
    -156.27600    -18.79700
    -155.77200    -18.12600
    -155.30100    -17.45800
    -154.85900    -16.79100
    -154.44500    -16.12800
    -154.05700    -15.46600
    -153.69300    -14.80700
    -153.35200    -14.14900
    -153.03300    -13.49300
    -152.73400    -12.84000
    -152.45500    -12.18700
    -152.19500    -11.53700
    -151.95200    -10.88800
    -151.72600    -10.24000
    -151.51700     -9.59410
    -151.32400     -8.94900
    -151.14600     -8.30510
    -150.98300     -7.66230
    -150.83400     -7.02040
    -150.70000     -6.37940
    -150.57900     -5.73920
    -150.47200     -5.09970
    -150.37700     -4.46080
    -150.29600     -3.82260
    -150.22800     -3.18470
    -150.17200     -2.54730
    -150.12900     -1.91020
    -150.09800     -1.27330
    -150.08000     -0.63663
    -150.07400      0.00000
    -150.08000      0.63663
    -150.09800      1.27330
    -150.12900      1.91020
    -150.17200      2.54730
    -150.22800      3.18470
    -150.29600      3.82260
    -150.37700      4.46080
    -150.47200      5.09970
    -150.57900      5.73920
    -150.70000      6.37940
    -150.83400      7.02040
    -150.98300      7.66230
    -151.14600      8.30510
    -151.32400      8.94900
    -151.51700      9.59410
    -151.72600     10.24000
    -151.95200     10.88800
    -152.19500     11.53700
    -152.45500     12.18700
    -152.73400     12.84000
    -153.03300     13.49300
    -153.35200     14.14900
    -153.69300     14.80700
    -154.05700     15.46600
    -154.44500     16.12800
    -154.85900     16.79100
    -155.30100     17.45800
    -155.77200     18.12600
    -156.27600     18.79700
    -156.81500     19.47100
    -157.39200     20.14800
    -158.01100     20.82700
    -158.67700     21.51000
    -159.39500     22.19600
    -160.17200     22.88500
    -161.01600     23.57800
    -161.93900     24.27500
    -162.95300     24.97500
    -164.08000     25.67900
    -165.34600     26.38800
    -166.79400     27.10100
    -168.49600     27.81800
    -170.59300     28.54000
    -173.45800     29.26800
</sweep>
<sweep>
    -174.49900    -30.73800
    -171.08200    -30.00000
    -168.74000    -29.26800
    -166.88200    -28.54000
    -165.31800    -27.81800
    -163.96100    -27.10100
    -162.75900    -26.38800
    -161.68000    -25.67900
    -160.70100    -24.97500
    -159.80700    -24.27500
    -158.98500    -23.57800
    -158.22600    -22.88500
    -157.52200    -22.19600
    -156.86800    -21.51000
    -156.25800    -20.82700
    -155.68900    -20.14800
    -155.15600    -19.47100
    -154.65700    -18.79700
    -154.18800    -18.12600
    -153.74900    -17.45800
    -153.33700    -16.79100
    -152.94900    -16.12800
    -152.58600    -15.46600
    -152.24400    -14.80700
    -151.92400    -14.14900
    -151.62300    -13.49300
    -151.34200    -12.84000
    -151.07800    -12.18700
    -150.83200    -11.53700
    -150.60300    -10.88800
    -150.39000    -10.24000
    -150.19100     -9.59410
    -150.00800     -8.94900
    -149.84000     -8.30510
    -149.68500     -7.66230
    -149.54400     -7.02040
    -149.41600     -6.37940
    -149.30200     -5.73920
    -149.20000     -5.09970
    -149.11000     -4.46080
    -149.03300     -3.82260
    -148.96800     -3.18470
    -148.91500     -2.54730
    -148.87400     -1.91020
    -148.84500     -1.27330
    -148.82700     -0.63663
    -148.82100      0.00000
    -148.82700      0.63663
    -148.84500      1.27330
    -148.87400      1.91020
    -148.91500      2.54730
    -148.96800      3.18470
    -149.03300      3.82260
    -149.11000      4.46080
    -149.20000      5.09970
    -149.30200      5.73920
    -149.41600      6.37940
    -149.54400      7.02040
    -149.68500      7.66230
    -149.84000      8.30510
    -150.00800      8.94900
    -150.19100      9.59410
    -150.39000     10.24000
    -150.60300     10.88800
    -150.83200     11.53700
    -151.07800     12.18700
    -151.34200     12.84000
    -151.62300     13.49300
    -151.92400     14.14900
    -152.24400     14.80700
    -152.58600     15.46600
    -152.94900     16.12800
    -153.33700     16.79100
    -153.74900     17.45800
    -154.18800     18.12600
    -154.65700     18.79700
    -155.15600     19.47100
    -155.68900     20.14800
    -156.25800     20.82700
    -156.86800     21.51000
    -157.52200     22.19600
    -158.22600     22.88500
    -158.98500     23.57800
    -159.80700     24.27500
    -160.70100     24.97500
    -161.68000     25.67900
    -162.75900     26.38800
    -163.96100     27.10100
    -165.31800     27.81800
    -166.88200     28.54000
    -168.74000     29.26800
    -171.08200     30.00000
    -174.49900     30.73800
</sweep>
<sweep>
    -176.63200    -32.23100
    -171.96800    -31.48100
    -169.25500    -30.73800
    -167.18200    -30.00000
    -165.47000    -29.26800
    -163.99900    -28.54000
    -162.70500    -27.81800
    -161.54900    -27.10100
    -160.50400    -26.38800
    -159.55200    -25.67900
    -158.67800    -24.97500
    -157.87200    -24.27500
    -157.12600    -23.57800
    -156.43300    -22.88500
    -155.78700    -22.19600
    -155.18400    -21.51000
    -154.62000    -20.82700
    -154.09100    -20.14800
    -153.59400    -19.47100
    -153.12800    -18.79700
    -152.69000    -18.12600
    -152.27800    -17.45800
    -151.89100    -16.79100
    -151.52700    -16.12800
    -151.18400    -15.46600
    -150.86200    -14.80700
    -150.55900    -14.14900
    -150.27500    -13.49300
    -150.00900    -12.84000
    -149.75900    -12.18700
    -149.52600    -11.53700
    -149.30800    -10.88800
    -149.10500    -10.24000
    -148.91700     -9.59410
    -148.74300     -8.94900
    -148.58300     -8.30510
    -148.43600     -7.66230
    -148.30100     -7.02040
    -148.18000     -6.37940
    -148.07000     -5.73920
    -147.97300     -5.09970
    -147.88800     -4.46080
    -147.81400     -3.82260
    -147.75200     -3.18470
    -147.70200     -2.54730
    -147.66300     -1.91020
    -147.63500     -1.27330
    -147.61800     -0.63663
    -147.61200      0.00000
    -147.61800      0.63663
    -147.63500      1.27330
    -147.66300      1.91020
    -147.70200      2.54730
    -147.75200      3.18470
    -147.81400      3.82260
    -147.88800      4.46080
    -147.97300      5.09970
    -148.07000      5.73920
    -148.18000      6.37940
    -148.30100      7.02040
    -148.43600      7.66230
    -148.58300      8.30510
    -148.74300      8.94900
    -148.91700      9.59410
    -149.10500     10.24000
    -149.30800     10.88800
    -149.52600     11.53700
    -149.75900     12.18700
    -150.00900     12.84000
    -150.27500     13.49300
    -150.55900     14.14900
    -150.86200     14.80700
    -151.18400     15.46600
    -151.52700     16.12800
    -151.89100     16.79100
    -152.27800     17.45800
    -152.69000     18.12600
    -153.12800     18.79700
    -153.59400     19.47100
    -154.09100     20.14800
    -154.62000     20.82700
    -155.18400     21.51000
    -155.78700     22.19600
    -156.43300     22.88500
    -157.12600     23.57800
    -157.87200     24.27500
    -158.67800     24.97500
    -159.55200     25.67900
    -160.50400     26.38800
    -161.54900     27.10100
    -162.70500     27.81800
    -163.99900     28.54000
    -165.47000     29.26800
    -167.18200     30.00000
    -169.25500     30.73800
    -171.96800     31.48100
    -176.63200     32.23100
</sweep>
<sweep>
    -173.45700    -32.98700
    -170.11000    -32.23100
    -167.73100    -31.48100
    -165.82200    -30.73800
    -164.20700    -30.00000
    -162.80000    -29.26800
    -161.55100    -28.54000
    -160.42800    -27.81800
    -159.40800    -27.10100
    -158.47500    -26.38800
    -157.61700    -25.67900
    -156.82300    -24.97500
    -156.08600    -24.27500
    -155.40100    -23.57800
    -154.76100    -22.88500
    -154.16200    -22.19600
    -153.60100    -21.51000
    -153.07400    -20.82700
    -152.58000    -20.14800
    -152.11400    -19.47100
    -151.67700    -18.79700
    -151.26400    -18.12600
    -150.87600    -17.45800
    -150.51100    -16.79100
    -150.16600    -16.12800
    -149.84200    -15.46600
    -149.53700    -14.80700
    -149.25000    -14.14900
    -148.98000    -13.49300
    -148.72700    -12.84000
    -148.49000    -12.18700
    -148.26800    -11.53700
    -148.06100    -10.88800
    -147.86800    -10.24000
    -147.68800     -9.59410
    -147.52300     -8.94900
    -147.36900     -8.30510
    -147.22900     -7.66230
    -147.10100     -7.02040
    -146.98500     -6.37940
    -146.88000     -5.73920
    -146.78800     -5.09970
    -146.70600     -4.46080
    -146.63600     -3.82260
    -146.57700     -3.18470
    -146.52800     -2.54730
    -146.49100     -1.91020
    -146.46400     -1.27330
    -146.44800     -0.63663
    -146.44300      0.00000
    -146.44800      0.63663
    -146.46400      1.27330
    -146.49100      1.91020
    -146.52800      2.54730
    -146.57700      3.18470
    -146.63600      3.82260
    -146.70600      4.46080
    -146.78800      5.09970
    -146.88000      5.73920
    -146.98500      6.37940
    -147.10100      7.02040
    -147.22900      7.66230
    -147.36900      8.30510
    -147.52300      8.94900
    -147.68800      9.59410
    -147.86800     10.24000
    -148.06100     10.88800
    -148.26800     11.53700
    -148.49000     12.18700
    -148.72700     12.84000
    -148.98000     13.49300
    -149.25000     14.14900
    -149.53700     14.80700
    -149.84200     15.46600
    -150.16600     16.12800
    -150.51100     16.79100
    -150.87600     17.45800
    -151.26400     18.12600
    -151.67700     18.79700
    -152.11400     19.47100
    -152.58000     20.14800
    -153.07400     20.82700
    -153.60100     21.51000
    -154.16200     22.19600
    -154.76100     22.88500
    -155.40100     23.57800
    -156.08600     24.27500
    -156.82300     24.97500
    -157.61700     25.67900
    -158.47500     26.38800
    -159.40800     27.10100
    -160.42800     27.81800
    -161.55100     28.54000
    -162.80000     29.26800
    -164.20700     30.00000
    -165.82200     30.73800
    -167.73100     31.48100
    -170.11000     32.23100
    -173.45700     32.98700
</sweep>
<sweep>
    -176.29200    -34.51800
    -171.44200    -33.74900
    -168.59100    -32.98700
    -166.41000    -32.23100
    -164.60800    -31.48100
    -163.06000    -30.73800
    -161.69900    -30.00000
    -160.48300    -29.26800
    -159.38400    -28.54000
    -158.38200    -27.81800
    -157.46300    -27.10100
    -156.61500    -26.38800
    -155.82900    -25.67900
    -155.09900    -24.97500
    -154.41800    -24.27500
    -153.78200    -23.57800
    -153.18600    -22.88500
    -152.62700    -22.19600
    -152.10100    -21.51000
    -151.60700    -20.82700
    -151.14200    -20.14800
    -150.70300    -19.47100
    -150.29000    -18.79700
    -149.90100    -18.12600
    -149.53300    -17.45800
    -149.18700    -16.79100
    -148.86000    -16.12800
    -148.55200    -15.46600
    -148.26200    -14.80700
    -147.98900    -14.14900
    -147.73200    -13.49300
    -147.49100    -12.84000
    -147.26500    -12.18700
    -147.05300    -11.53700
    -146.85600    -10.88800
    -146.67100    -10.24000
    -146.50000     -9.59410
    -146.34100     -8.94900
    -146.19500     -8.30510
    -146.06100     -7.66230
    -145.93800     -7.02040
    -145.82700     -6.37940
    -145.72700     -5.73920
    -145.63800     -5.09970
    -145.56000     -4.46080
    -145.49300     -3.82260
    -145.43600     -3.18470
    -145.39000     -2.54730
    -145.35400     -1.91020
    -145.32800     -1.27330
    -145.31300     -0.63663
    -145.30800      0.00000
    -145.31300      0.63663
    -145.32800      1.27330
    -145.35400      1.91020
    -145.39000      2.54730
    -145.43600      3.18470
    -145.49300      3.82260
    -145.56000      4.46080
    -145.63800      5.09970
    -145.72700      5.73920
    -145.82700      6.37940
    -145.93800      7.02040
    -146.06100      7.66230
    -146.19500      8.30510
    -146.34100      8.94900
    -146.50000      9.59410
    -146.67100     10.24000
    -146.85600     10.88800
    -147.05300     11.53700
    -147.26500     12.18700
    -147.49100     12.84000
    -147.73200     13.49300
    -147.98900     14.14900
    -148.26200     14.80700
    -148.55200     15.46600
    -148.86000     16.12800
    -149.18700     16.79100
    -149.53300     17.45800
    -149.90100     18.12600
    -150.29000     18.79700
    -150.70300     19.47100
    -151.14200     20.14800
    -151.60700     20.82700
    -152.10100     21.51000
    -152.62700     22.19600
    -153.18600     22.88500
    -153.78200     23.57800
    -154.41800     24.27500
    -155.09900     24.97500
    -155.82900     25.67900
    -156.61500     26.38800
    -157.46300     27.10100
    -158.38200     27.81800
    -159.38400     28.54000
    -160.48300     29.26800
    -161.69900     30.00000
    -163.06000     30.73800
    -164.60800     31.48100
    -166.41000     32.23100
    -168.59100     32.98700
    -171.44200     33.74900
    -176.29200     34.51800
</sweep>
<sweep>
    -173.60200    -35.29400
    -169.87300    -34.51800
    -167.29200    -33.74900
    -165.23800    -32.98700
    -163.51000    -32.23100
    -162.00900    -31.48100
    -160.68000    -30.73800
    -159.48700    -30.00000
    -158.40400    -29.26800
    -157.41500    -28.54000
    -156.50500    -27.81800
    -155.66500    -27.10100
    -154.88400    -26.38800
    -154.15800    -25.67900
    -153.48000    -24.97500
    -152.84600    -24.27500
    -152.25100    -23.57800
    -151.69200    -22.88500
    -151.16700    -22.19600
    -150.67200    -21.51000
    -150.20600    -20.82700
    -149.76700    -20.14800
    -149.35200    -19.47100
    -148.96000    -18.79700
    -148.59100    -18.12600
    -148.24200    -17.45800
    -147.91200    -16.79100
    -147.60100    -16.12800
    -147.30800    -15.46600
    -147.03100    -14.80700
    -146.77100    -14.14900
    -146.52600    -13.49300
    -146.29600    -12.84000
    -146.08000    -12.18700
    -145.87700    -11.53700
    -145.68800    -10.88800
    -145.51200    -10.24000
    -145.34800     -9.59410
    -145.19600     -8.94900
    -145.05600     -8.30510
    -144.92700     -7.66230
    -144.80900     -7.02040
    -144.70300     -6.37940
    -144.60700     -5.73920
    -144.52200     -5.09970
    -144.44700     -4.46080
    -144.38200     -3.82260
    -144.32800     -3.18470
    -144.28300     -2.54730
    -144.24900     -1.91020
    -144.22400     -1.27330
    -144.21000     -0.63663
    -144.20500      0.00000
    -144.21000      0.63663
    -144.22400      1.27330
    -144.24900      1.91020
    -144.28300      2.54730
    -144.32800      3.18470
    -144.38200      3.82260
    -144.44700      4.46080
    -144.52200      5.09970
    -144.60700      5.73920
    -144.70300      6.37940
    -144.80900      7.02040
    -144.92700      7.66230
    -145.05600      8.30510
    -145.19600      8.94900
    -145.34800      9.59410
    -145.51200     10.24000
    -145.68800     10.88800
    -145.87700     11.53700
    -146.08000     12.18700
    -146.29600     12.84000
    -146.52600     13.49300
    -146.77100     14.14900
    -147.03100     14.80700
    -147.30800     15.46600
    -147.60100     16.12800
    -147.91200     16.79100
    -148.24200     17.45800
    -148.59100     18.12600
    -148.96000     18.79700
    -149.35200     19.47100
    -149.76700     20.14800
    -150.20600     20.82700
    -150.67200     21.51000
    -151.16700     22.19600
    -151.69200     22.88500
    -152.25100     23.57800
    -152.84600     24.27500
    -153.48000     24.97500
    -154.15800     25.67900
    -154.88400     26.38800
    -155.66500     27.10100
    -156.50500     27.81800
    -157.41500     28.54000
    -158.40400     29.26800
    -159.48700     30.00000
    -160.68000     30.73800
    -162.00900     31.48100
    -163.51000     32.23100
    -165.23800     32.98700
    -167.29200     33.74900
    -169.87300     34.51800
    -173.60200     35.29400
</sweep>
<sweep>
    -171.82400    -36.07800
    -168.56800    -35.29400
    -166.15200    -34.51800
    -164.18400    -33.74900
    -162.50600    -32.98700
    -161.03800    -32.23100
    -159.73100    -31.48100
    -158.55300    -30.73800
    -157.48200    -30.00000
    -156.50100    -29.26800
    -155.59700    -28.54000
    -154.76100    -27.81800
    -153.98300    -27.10100
    -153.25900    -26.38800
    -152.58200    -25.67900
    -151.94800    -24.97500
    -151.35300    -24.27500
    -150.79400    -23.57800
    -150.26800    -22.88500
    -149.77200    -22.19600
    -149.30400    -21.51000
    -148.86300    -20.82700
    -148.44600    -20.14800
    -148.05200    -19.47100
    -147.68000    -18.79700
    -147.32800    -18.12600
    -146.99600    -17.45800
    -146.68100    -16.79100
    -146.38500    -16.12800
    -146.10500    -15.46600
    -145.84000    -14.80700
    -145.59100    -14.14900
    -145.35700    -13.49300
    -145.13600    -12.84000
    -144.93000    -12.18700
    -144.73600    -11.53700
    -144.55400    -10.88800
    -144.38500    -10.24000
    -144.22800     -9.59410
    -144.08200     -8.94900
    -143.94800     -8.30510
    -143.82400     -7.66230
    -143.71100     -7.02040
    -143.60900     -6.37940
    -143.51700     -5.73920
    -143.43500     -5.09970
    -143.36300     -4.46080
    -143.30100     -3.82260
    -143.24800     -3.18470
    -143.20600     -2.54730
    -143.17300     -1.91020
    -143.14900     -1.27330
    -143.13500     -0.63663
    -143.13000      0.00000
    -143.13500      0.63663
    -143.14900      1.27330
    -143.17300      1.91020
    -143.20600      2.54730
    -143.24800      3.18470
    -143.30100      3.82260
    -143.36300      4.46080
    -143.43500      5.09970
    -143.51700      5.73920
    -143.60900      6.37940
    -143.71100      7.02040
    -143.82400      7.66230
    -143.94800      8.30510
    -144.08200      8.94900
    -144.22800      9.59410
    -144.38500     10.24000
    -144.55400     10.88800
    -144.73600     11.53700
    -144.93000     12.18700
    -145.13600     12.84000
    -145.35700     13.49300
    -145.59100     14.14900
    -145.84000     14.80700
    -146.10500     15.46600
    -146.38500     16.12800
    -146.68100     16.79100
    -146.99600     17.45800
    -147.32800     18.12600
    -147.68000     18.79700
    -148.05200     19.47100
    -148.44600     20.14800
    -148.86300     20.82700
    -149.30400     21.51000
    -149.77200     22.19600
    -150.26800     22.88500
    -150.79400     23.57800
    -151.35300     24.27500
    -151.94800     24.97500
    -152.58200     25.67900
    -153.25900     26.38800
    -153.98300     27.10100
    -154.76100     27.81800
    -155.59700     28.54000
    -156.50100     29.26800
    -157.48200     30.00000
    -158.55300     30.73800
    -159.73100     31.48100
    -161.03800     32.23100
    -162.50600     32.98700
    -164.18400     33.74900
    -166.15200     34.51800
    -168.56800     35.29400
    -171.82400     36.07800
</sweep>
<sweep>
    -175.30500    -37.67000
    -170.44000    -36.87000
    -167.44500    -36.07800
    -165.13800    -35.29400
    -163.22600    -34.51800
    -161.58200    -33.74900
    -160.13600    -32.98700
    -158.84300    -32.23100
    -157.67500    -31.48100
    -156.61100    -30.73800
    -155.63400    -30.00000
    -154.73300    -29.26800
    -153.89800    -28.54000
    -153.12200    -27.81800
    -152.39800    -27.10100
    -151.72000    -26.38800
    -151.08600    -25.67900
    -150.48900    -24.97500
    -149.92900    -24.27500
    -149.40100    -23.57800
    -148.90300    -22.88500
    -148.43300    -22.19600
    -147.98900    -21.51000
    -147.57000    -20.82700
    -147.17300    -20.14800
    -146.79800    -19.47100
    -146.44300    -18.79700
    -146.10700    -18.12600
    -145.79000    -17.45800
    -145.49000    -16.79100
    -145.20600    -16.12800
    -144.93800    -15.46600
    -144.68500    -14.80700
    -144.44600    -14.14900
    -144.22100    -13.49300
    -144.01000    -12.84000
    -143.81100    -12.18700
    -143.62500    -11.53700
    -143.45100    -10.88800
    -143.28900    -10.24000
    -143.13800     -9.59410
    -142.99800     -8.94900
    -142.86800     -8.30510
    -142.74900     -7.66230
    -142.64100     -7.02040
    -142.54200     -6.37940
    -142.45400     -5.73920
    -142.37500     -5.09970
    -142.30600     -4.46080
    -142.24600     -3.82260
    -142.19600     -3.18470
    -142.15500     -2.54730
    -142.12300     -1.91020
    -142.10000     -1.27330
    -142.08600     -0.63663
    -142.08200      0.00000
    -142.08600      0.63663
    -142.10000      1.27330
    -142.12300      1.91020
    -142.15500      2.54730
    -142.19600      3.18470
    -142.24600      3.82260
    -142.30600      4.46080
    -142.37500      5.09970
    -142.45400      5.73920
    -142.54200      6.37940
    -142.64100      7.02040
    -142.74900      7.66230
    -142.86800      8.30510
    -142.99800      8.94900
    -143.13800      9.59410
    -143.28900     10.24000
    -143.45100     10.88800
    -143.62500     11.53700
    -143.81100     12.18700
    -144.01000     12.84000
    -144.22100     13.49300
    -144.44600     14.14900
    -144.68500     14.80700
    -144.93800     15.46600
    -145.20600     16.12800
    -145.49000     16.79100
    -145.79000     17.45800
    -146.10700     18.12600
    -146.44300     18.79700
    -146.79800     19.47100
    -147.17300     20.14800
    -147.57000     20.82700
    -147.98900     21.51000
    -148.43300     22.19600
    -148.90300     22.88500
    -149.40100     23.57800
    -149.92900     24.27500
    -150.48900     24.97500
    -151.08600     25.67900
    -151.72000     26.38800
    -152.39800     27.10100
    -153.12200     27.81800
    -153.89800     28.54000
    -154.73300     29.26800
    -155.63400     30.00000
    -156.61100     30.73800
    -157.67500     31.48100
    -158.84300     32.23100
    -160.13600     32.98700
    -161.58200     33.74900
    -163.22600     34.51800
    -165.13800     35.29400
    -167.44500     36.07800
    -170.44000     36.87000
    -175.30500     37.67000
</sweep>
<sweep>
    -173.48000    -38.47900
    -169.29800    -37.67000
    -166.46400    -36.87000
    -164.22600    -36.07800
    -162.35100    -35.29400
    -160.72900    -34.51800
    -159.29500    -33.74900
    -158.01100    -32.98700
    -156.84800    -32.23100
    -155.78600    -31.48100
    -154.81000    -30.73800
    -153.90900    -30.00000
    -153.07400    -29.26800
    -152.29700    -28.54000
    -151.57100    -27.81800
    -150.89200    -27.10100
    -150.25500    -26.38800
    -149.65700    -25.67900
    -149.09400    -24.97500
    -148.56300    -24.27500
    -148.06200    -23.57800
    -147.59000    -22.88500
    -147.14300    -22.19600
    -146.72000    -21.51000
    -146.32100    -20.82700
    -145.94200    -20.14800
    -145.58400    -19.47100
    -145.24500    -18.79700
    -144.92400    -18.12600
    -144.62000    -17.45800
    -144.33300    -16.79100
    -144.06100    -16.12800
    -143.80400    -15.46600
    -143.56100    -14.80700
    -143.33200    -14.14900
    -143.11600    -13.49300
    -142.91300    -12.84000
    -142.72300    -12.18700
    -142.54400    -11.53700
    -142.37600    -10.88800
    -142.22000    -10.24000
    -142.07500     -9.59410
    -141.94000     -8.94900
    -141.81500     -8.30510
    -141.70100     -7.66230
    -141.59600     -7.02040
    -141.50100     -6.37940
    -141.41600     -5.73920
    -141.34000     -5.09970
    -141.27300     -4.46080
    -141.21600     -3.82260
    -141.16700     -3.18470
    -141.12800     -2.54730
    -141.09700     -1.91020
    -141.07500     -1.27330
    -141.06200     -0.63663
    -141.05800      0.00000
    -141.06200      0.63663
    -141.07500      1.27330
    -141.09700      1.91020
    -141.12800      2.54730
    -141.16700      3.18470
    -141.21600      3.82260
    -141.27300      4.46080
    -141.34000      5.09970
    -141.41600      5.73920
    -141.50100      6.37940
    -141.59600      7.02040
    -141.70100      7.66230
    -141.81500      8.30510
    -141.94000      8.94900
    -142.07500      9.59410
    -142.22000     10.24000
    -142.37600     10.88800
    -142.54400     11.53700
    -142.72300     12.18700
    -142.91300     12.84000
    -143.11600     13.49300
    -143.33200     14.14900
    -143.56100     14.80700
    -143.80400     15.46600
    -144.06100     16.12800
    -144.33300     16.79100
    -144.62000     17.45800
    -144.92400     18.12600
    -145.24500     18.79700
    -145.58400     19.47100
    -145.94200     20.14800
    -146.32100     20.82700
    -146.72000     21.51000
    -147.14300     22.19600
    -147.59000     22.88500
    -148.06200     23.57800
    -148.56300     24.27500
    -149.09400     24.97500
    -149.65700     25.67900
    -150.25500     26.38800
    -150.89200     27.10100
    -151.57100     27.81800
    -152.29700     28.54000
    -153.07400     29.26800
    -153.90900     30.00000
    -154.81000     30.73800
    -155.78600     31.48100
    -156.84800     32.23100
    -158.01100     32.98700
    -159.29500     33.74900
    -160.72900     34.51800
    -162.35100     35.29400
    -164.22600     36.07800
    -166.46400     36.87000
    -169.29800     37.67000
    -173.48000     38.47900
</sweep>
<sweep>
    -172.17100    -39.29600
    -168.33300    -38.47900
    -165.59700    -37.67000
    -163.40200    -36.87000
    -161.54900    -36.07800
    -159.93800    -35.29400
    -158.51000    -34.51800
    -157.22800    -33.74900
    -156.06500    -32.98700
    -155.00300    -32.23100
    -154.02600    -31.48100
    -153.12300    -30.73800
    -152.28500    -30.00000
    -151.50500    -29.26800
    -150.77600    -28.54000
    -150.09400    -27.81800
    -149.45400    -27.10100
    -148.85300    -26.38800
    -148.28600    -25.67900
    -147.75200    -24.97500
    -147.24900    -24.27500
    -146.77300    -23.57800
    -146.32200    -22.88500
    -145.89700    -22.19600
    -145.49300    -21.51000
    -145.11200    -20.82700
    -144.75000    -20.14800
    -144.40700    -19.47100
    -144.08200    -18.79700
    -143.77500    -18.12600
    -143.48300    -17.45800
    -143.20800    -16.79100
    -142.94700    -16.12800
    -142.70000    -15.46600
    -142.46700    -14.80700
    -142.24700    -14.14900
    -142.03900    -13.49300
    -141.84400    -12.84000
    -141.66000    -12.18700
    -141.48800    -11.53700
    -141.32700    -10.88800
    -141.17600    -10.24000
    -141.03600     -9.59410
    -140.90600     -8.94900
    -140.78600     -8.30510
    -140.67600     -7.66230
    -140.57500     -7.02040
    -140.48400     -6.37940
    -140.40100     -5.73920
    -140.32800     -5.09970
    -140.26400     -4.46080
    -140.20800     -3.82260
    -140.16100     -3.18470
    -140.12300     -2.54730
    -140.09400     -1.91020
    -140.07200     -1.27330
    -140.06000     -0.63663
    -140.05500      0.00000
    -140.06000      0.63663
    -140.07200      1.27330
    -140.09400      1.91020
    -140.12300      2.54730
    -140.16100      3.18470
    -140.20800      3.82260
    -140.26400      4.46080
    -140.32800      5.09970
    -140.40100      5.73920
    -140.48400      6.37940
    -140.57500      7.02040
    -140.67600      7.66230
    -140.78600      8.30510
    -140.90600      8.94900
    -141.03600      9.59410
    -141.17600     10.24000
    -141.32700     10.88800
    -141.48800     11.53700
    -141.66000     12.18700
    -141.84400     12.84000
    -142.03900     13.49300
    -142.24700     14.14900
    -142.46700     14.80700
    -142.70000     15.46600
    -142.94700     16.12800
    -143.20800     16.79100
    -143.48300     17.45800
    -143.77500     18.12600
    -144.08200     18.79700
    -144.40700     19.47100
    -144.75000     20.14800
    -145.11200     20.82700
    -145.49300     21.51000
    -145.89700     22.19600
    -146.32200     22.88500
    -146.77300     23.57800
    -147.24900     24.27500
    -147.75200     24.97500
    -148.28600     25.67900
    -148.85300     26.38800
    -149.45400     27.10100
    -150.09400     27.81800
    -150.77600     28.54000
    -151.50500     29.26800
    -152.28500     30.00000
    -153.12300     30.73800
    -154.02600     31.48100
    -155.00300     32.23100
    -156.06500     32.98700
    -157.22800     33.74900
    -158.51000     34.51800
    -159.93800     35.29400
    -161.54900     36.07800
    -163.40200     36.87000
    -165.59700     37.67000
    -168.33300     38.47900
    -172.17100     39.29600
</sweep>
<sweep>
    -171.15400    -40.12400
    -167.50700    -39.29600
    -164.82800    -38.47900
    -162.65600    -37.67000
    -160.81200    -36.87000
    -159.20300    -36.07800
    -157.77500    -35.29400
    -156.49100    -34.51800
    -155.32500    -33.74900
    -154.25800    -32.98700
    -153.27700    -32.23100
    -152.37000    -31.48100
    -151.52800    -30.73800
    -150.74300    -30.00000
    -150.01100    -29.26800
    -149.32500    -28.54000
    -148.68100    -27.81800
    -148.07500    -27.10100
    -147.50500    -26.38800
    -146.96700    -25.67900
    -146.45900    -24.97500
    -145.97900    -24.27500
    -145.52600    -23.57800
    -145.09600    -22.88500
    -144.68900    -22.19600
    -144.30300    -21.51000
    -143.93800    -20.82700
    -143.59100    -20.14800
    -143.26300    -19.47100
    -142.95100    -18.79700
    -142.65600    -18.12600
    -142.37600    -17.45800
    -142.11100    -16.79100
    -141.86000    -16.12800
    -141.62300    -15.46600
    -141.39900    -14.80700
    -141.18700    -14.14900
    -140.98700    -13.49300
    -140.79900    -12.84000
    -140.62200    -12.18700
    -140.45600    -11.53700
    -140.30100    -10.88800
    -140.15500    -10.24000
    -140.02000     -9.59410
    -139.89500     -8.94900
    -139.77900     -8.30510
    -139.67300     -7.66230
    -139.57600     -7.02040
    -139.48700     -6.37940
    -139.40800     -5.73920
    -139.33700     -5.09970
    -139.27500     -4.46080
    -139.22100     -3.82260
    -139.17600     -3.18470
    -139.13900     -2.54730
    -139.11100     -1.91020
    -139.09000     -1.27330
    -139.07800     -0.63663
    -139.07400      0.00000
    -139.07800      0.63663
    -139.09000      1.27330
    -139.11100      1.91020
    -139.13900      2.54730
    -139.17600      3.18470
    -139.22100      3.82260
    -139.27500      4.46080
    -139.33700      5.09970
    -139.40800      5.73920
    -139.48700      6.37940
    -139.57600      7.02040
    -139.67300      7.66230
    -139.77900      8.30510
    -139.89500      8.94900
    -140.02000      9.59410
    -140.15500     10.24000
    -140.30100     10.88800
    -140.45600     11.53700
    -140.62200     12.18700
    -140.79900     12.84000
    -140.98700     13.49300
    -141.18700     14.14900
    -141.39900     14.80700
    -141.62300     15.46600
    -141.86000     16.12800
    -142.11100     16.79100
    -142.37600     17.45800
    -142.65600     18.12600
    -142.95100     18.79700
    -143.26300     19.47100
    -143.59100     20.14800
    -143.93800     20.82700
    -144.30300     21.51000
    -144.68900     22.19600
    -145.09600     22.88500
    -145.52600     23.57800
    -145.97900     24.27500
    -146.45900     24.97500
    -146.96700     25.67900
    -147.50500     26.38800
    -148.07500     27.10100
    -148.68100     27.81800
    -149.32500     28.54000
    -150.01100     29.26800
    -150.74300     30.00000
    -151.52800     30.73800
    -152.37000     31.48100
    -153.27700     32.23100
    -154.25800     32.98700
    -155.32500     33.74900
    -156.49100     34.51800
    -157.77500     35.29400
    -159.20300     36.07800
    -160.81200     36.87000
    -162.65600     37.67000
    -164.82800     38.47900
    -167.50700     39.29600
    -171.15400     40.12400
</sweep>
<sweep>
    -177.16600    -41.81000
    -170.34200    -40.96200
    -166.79900    -40.12400
    -164.14700    -39.29600
    -161.98100    -38.47900
    -160.13500    -37.67000
    -158.52200    -36.87000
    -157.08700    -36.07800
    -155.79600    -35.29400
    -154.62300    -34.51800
    -153.55000    -33.74900
    -152.56300    -32.98700
    -151.64900    -32.23100
    -150.80100    -31.48100
    -150.01100    -30.73800
    -149.27300    -30.00000
    -148.58100    -29.26800
    -147.93200    -28.54000
    -147.32200    -27.81800
    -146.74700    -27.10100
    -146.20500    -26.38800
    -145.69300    -25.67900
    -145.20900    -24.97500
    -144.75100    -24.27500
    -144.31700    -23.57800
    -143.90600    -22.88500
    -143.51600    -22.19600
    -143.14700    -21.51000
    -142.79600    -20.82700
    -142.46400    -20.14800
    -142.14800    -19.47100
    -141.84900    -18.79700
    -141.56500    -18.12600
    -141.29600    -17.45800
    -141.04100    -16.79100
    -140.80000    -16.12800
    -140.57100    -15.46600
    -140.35500    -14.80700
    -140.15100    -14.14900
    -139.95800    -13.49300
    -139.77700    -12.84000
    -139.60600    -12.18700
    -139.44600    -11.53700
    -139.29600    -10.88800
    -139.15600    -10.24000
    -139.02600     -9.59410
    -138.90500     -8.94900
    -138.79300     -8.30510
    -138.69000     -7.66230
    -138.59600     -7.02040
    -138.51100     -6.37940
    -138.43400     -5.73920
    -138.36600     -5.09970
    -138.30600     -4.46080
    -138.25400     -3.82260
    -138.21000     -3.18470
    -138.17500     -2.54730
    -138.14700     -1.91020
    -138.12700     -1.27330
    -138.11500     -0.63663
    -138.11100      0.00000
    -138.11500      0.63663
    -138.12700      1.27330
    -138.14700      1.91020
    -138.17500      2.54730
    -138.21000      3.18470
    -138.25400      3.82260
    -138.30600      4.46080
    -138.36600      5.09970
    -138.43400      5.73920
    -138.51100      6.37940
    -138.59600      7.02040
    -138.69000      7.66230
    -138.79300      8.30510
    -138.90500      8.94900
    -139.02600      9.59410
    -139.15600     10.24000
    -139.29600     10.88800
    -139.44600     11.53700
    -139.60600     12.18700
    -139.77700     12.84000
    -139.95800     13.49300
    -140.15100     14.14900
    -140.35500     14.80700
    -140.57100     15.46600
    -140.80000     16.12800
    -141.04100     16.79100
    -141.29600     17.45800
    -141.56500     18.12600
    -141.84900     18.79700
    -142.14800     19.47100
    -142.46400     20.14800
    -142.79600     20.82700
    -143.14700     21.51000
    -143.51600     22.19600
    -143.90600     22.88500
    -144.31700     23.57800
    -144.75100     24.27500
    -145.20900     24.97500
    -145.69300     25.67900
    -146.20500     26.38800
    -146.74700     27.10100
    -147.32200     27.81800
    -147.93200     28.54000
    -148.58100     29.26800
    -149.27300     30.00000
    -150.01100     30.73800
    -150.80100     31.48100
    -151.64900     32.23100
    -152.56300     32.98700
    -153.55000     33.74900
    -154.62300     34.51800
    -155.79600     35.29400
    -157.08700     36.07800
    -158.52200     36.87000
    -160.13500     37.67000
    -161.98100     38.47900
    -164.14700     39.29600
    -166.79900     40.12400
    -170.34200     40.96200
    -177.16600     41.81000
</sweep>
<sweep>
    -175.84400    -42.67000
    -169.69500    -41.81000
    -166.19500    -40.96200
    -163.54500    -40.12400
    -161.37100    -39.29600
    -159.51400    -38.47900
    -157.88900    -37.67000
    -156.44400    -36.87000
    -155.14200    -36.07800
    -153.95900    -35.29400
    -152.87600    -34.51800
    -151.88000    -33.74900
    -150.95800    -32.98700
    -150.10300    -32.23100
    -149.30600    -31.48100
    -148.56100    -30.73800
    -147.86300    -30.00000
    -147.20800    -29.26800
    -146.59200    -28.54000
    -146.01200    -27.81800
    -145.46500    -27.10100
    -144.94800    -26.38800
    -144.45900    -25.67900
    -143.99600    -24.97500
    -143.55800    -24.27500
    -143.14300    -23.57800
    -142.74900    -22.88500
    -142.37500    -22.19600
    -142.02100    -21.51000
    -141.68400    -20.82700
    -141.36400    -20.14800
    -141.06100    -19.47100
    -140.77300    -18.79700
    -140.50000    -18.12600
    -140.24100    -17.45800
    -139.99500    -16.79100
    -139.76300    -16.12800
    -139.54200    -15.46600
    -139.33400    -14.80700
    -139.13700    -14.14900
    -138.95100    -13.49300
    -138.77600    -12.84000
    -138.61100    -12.18700
    -138.45700    -11.53700
    -138.31200    -10.88800
    -138.17700    -10.24000
    -138.05100     -9.59410
    -137.93400     -8.94900
    -137.82600     -8.30510
    -137.72600     -7.66230
    -137.63500     -7.02040
    -137.55300     -6.37940
    -137.47900     -5.73920
    -137.41300     -5.09970
    -137.35500     -4.46080
    -137.30500     -3.82260
    -137.26200     -3.18470
    -137.22800     -2.54730
    -137.20100     -1.91020
    -137.18200     -1.27330
    -137.17000     -0.63663
    -137.16700      0.00000
    -137.17000      0.63663
    -137.18200      1.27330
    -137.20100      1.91020
    -137.22800      2.54730
    -137.26200      3.18470
    -137.30500      3.82260
    -137.35500      4.46080
    -137.41300      5.09970
    -137.47900      5.73920
    -137.55300      6.37940
    -137.63500      7.02040
    -137.72600      7.66230
    -137.82600      8.30510
    -137.93400      8.94900
    -138.05100      9.59410
    -138.17700     10.24000
    -138.31200     10.88800
    -138.45700     11.53700
    -138.61100     12.18700
    -138.77600     12.84000
    -138.95100     13.49300
    -139.13700     14.14900
    -139.33400     14.80700
    -139.54200     15.46600
    -139.76300     16.12800
    -139.99500     16.79100
    -140.24100     17.45800
    -140.50000     18.12600
    -140.77300     18.79700
    -141.06100     19.47100
    -141.36400     20.14800
    -141.68400     20.82700
    -142.02100     21.51000
    -142.37500     22.19600
    -142.74900     22.88500
    -143.14300     23.57800
    -143.55800     24.27500
    -143.99600     24.97500
    -144.45900     25.67900
    -144.94800     26.38800
    -145.46500     27.10100
    -146.01200     27.81800
    -146.59200     28.54000
    -147.20800     29.26800
    -147.86300     30.00000
    -148.56100     30.73800
    -149.30600     31.48100
    -150.10300     32.23100
    -150.95800     32.98700
    -151.88000     33.74900
    -152.87600     34.51800
    -153.95900     35.29400
    -155.14200     36.07800
    -156.44400     36.87000
    -157.88900     37.67000
    -159.51400     38.47900
    -161.37100     39.29600
    -163.54500     40.12400
    -166.19500     40.96200
    -169.69500     41.81000
    -175.84400     42.67000
</sweep>
<sweep>
    -175.10400    -43.54200
    -169.19100    -42.67000
    -165.68800    -41.81000
    -163.01900    -40.96200
    -160.82400    -40.12400
    -158.94700    -39.29600
    -157.30400    -38.47900
    -155.84200    -37.67000
    -154.52600    -36.87000
    -153.33000    -36.07800
    -152.23500    -35.29400
    -151.22800    -34.51800
    -150.29600    -33.74900
    -149.43100    -32.98700
    -148.62600    -32.23100
    -147.87300    -31.48100
    -147.16800    -30.73800
    -146.50700    -30.00000
    -145.88400    -29.26800
    -145.29800    -28.54000
    -144.74500    -27.81800
    -144.22300    -27.10100
    -143.72900    -26.38800
    -143.26100    -25.67900
    -142.81800    -24.97500
    -142.39800    -24.27500
    -142.00000    -23.57800
    -141.62200    -22.88500
    -141.26300    -22.19600
    -140.92200    -21.51000
    -140.59800    -20.82700
    -140.29100    -20.14800
    -139.99900    -19.47100
    -139.72200    -18.79700
    -139.45800    -18.12600
    -139.20900    -17.45800
    -138.97200    -16.79100
    -138.74700    -16.12800
    -138.53500    -15.46600
    -138.33400    -14.80700
    -138.14300    -14.14900
    -137.96400    -13.49300
    -137.79500    -12.84000
    -137.63600    -12.18700
    -137.48600    -11.53700
    -137.34600    -10.88800
    -137.21500    -10.24000
    -137.09400     -9.59410
    -136.98100     -8.94900
    -136.87600     -8.30510
    -136.78000     -7.66230
    -136.69200     -7.02040
    -136.61200     -6.37940
    -136.54000     -5.73920
    -136.47700     -5.09970
    -136.42000     -4.46080
    -136.37200     -3.82260
    -136.33100     -3.18470
    -136.29700     -2.54730
    -136.27200     -1.91020
    -136.25300     -1.27330
    -136.24200     -0.63663
    -136.23800      0.00000
    -136.24200      0.63663
    -136.25300      1.27330
    -136.27200      1.91020
    -136.29700      2.54730
    -136.33100      3.18470
    -136.37200      3.82260
    -136.42000      4.46080
    -136.47700      5.09970
    -136.54000      5.73920
    -136.61200      6.37940
    -136.69200      7.02040
    -136.78000      7.66230
    -136.87600      8.30510
    -136.98100      8.94900
    -137.09400      9.59410
    -137.21500     10.24000
    -137.34600     10.88800
    -137.48600     11.53700
    -137.63600     12.18700
    -137.79500     12.84000
    -137.96400     13.49300
    -138.14300     14.14900
    -138.33400     14.80700
    -138.53500     15.46600
    -138.74700     16.12800
    -138.97200     16.79100
    -139.20900     17.45800
    -139.45800     18.12600
    -139.72200     18.79700
    -139.99900     19.47100
    -140.29100     20.14800
    -140.59800     20.82700
    -140.92200     21.51000
    -141.26300     22.19600
    -141.62200     22.88500
    -142.00000     23.57800
    -142.39800     24.27500
    -142.81800     24.97500
    -143.26100     25.67900
    -143.72900     26.38800
    -144.22300     27.10100
    -144.74500     27.81800
    -145.29800     28.54000
    -145.88400     29.26800
    -146.50700     30.00000
    -147.16800     30.73800
    -147.87300     31.48100
    -148.62600     32.23100
    -149.43100     32.98700
    -150.29600     33.74900
    -151.22800     34.51800
    -152.23500     35.29400
    -153.33000     36.07800
    -154.52600     36.87000
    -155.84200     37.67000
    -157.30400     38.47900
    -158.94700     39.29600
    -160.82400     40.12400
    -163.01900     40.96200
    -165.68800     41.81000
    -169.19100     42.67000
    -175.10400     43.54200
</sweep>
<sweep>
    -174.71900    -44.42700
    -168.82000    -43.54200
    -165.27300    -42.67000
    -162.56500    -41.81000
    -160.33700    -40.96200
    -158.43200    -40.12400
    -156.76500    -39.29600
    -155.28100    -38.47900
    -153.94600    -37.67000
    -152.73400    -36.87000
    -151.62500    -36.07800
    -150.60500    -35.29400
    -149.66100    -34.51800
    -148.78600    -33.74900
    -147.97000    -32.98700
    -147.20900    -32.23100
    -146.49600    -31.48100
    -145.82600    -30.73800
    -145.19700    -30.00000
    -144.60400    -29.26800
    -144.04500    -28.54000
    -143.51700    -27.81800
    -143.01700    -27.10100
    -142.54400    -26.38800
    -142.09600    -25.67900
    -141.67100    -24.97500
    -141.26800    -24.27500
    -140.88500    -23.57800
    -140.52200    -22.88500
    -140.17700    -22.19600
    -139.84900    -21.51000
    -139.53700    -20.82700
    -139.24100    -20.14800
    -138.96000    -19.47100
    -138.69200    -18.79700
    -138.43800    -18.12600
    -138.19800    -17.45800
    -137.96900    -16.79100
    -137.75200    -16.12800
    -137.54700    -15.46600
    -137.35200    -14.80700
    -137.16900    -14.14900
    -136.99500    -13.49300
    -136.83200    -12.84000
    -136.67800    -12.18700
    -136.53300    -11.53700
    -136.39800    -10.88800
    -136.27100    -10.24000
    -136.15400     -9.59410
    -136.04400     -8.94900
    -135.94300     -8.30510
    -135.85000     -7.66230
    -135.76500     -7.02040
    -135.68800     -6.37940
    -135.61800     -5.73920
    -135.55600     -5.09970
    -135.50200     -4.46080
    -135.45500     -3.82260
    -135.41500     -3.18470
    -135.38300     -2.54730
    -135.35800     -1.91020
    -135.34000     -1.27330
    -135.32900     -0.63663
    -135.32500      0.00000
    -135.32900      0.63663
    -135.34000      1.27330
    -135.35800      1.91020
    -135.38300      2.54730
    -135.41500      3.18470
    -135.45500      3.82260
    -135.50200      4.46080
    -135.55600      5.09970
    -135.61800      5.73920
    -135.68800      6.37940
    -135.76500      7.02040
    -135.85000      7.66230
    -135.94300      8.30510
    -136.04400      8.94900
    -136.15400      9.59410
    -136.27100     10.24000
    -136.39800     10.88800
    -136.53300     11.53700
    -136.67800     12.18700
    -136.83200     12.84000
    -136.99500     13.49300
    -137.16900     14.14900
    -137.35200     14.80700
    -137.54700     15.46600
    -137.75200     16.12800
    -137.96900     16.79100
    -138.19800     17.45800
    -138.43800     18.12600
    -138.69200     18.79700
    -138.96000     19.47100
    -139.24100     20.14800
    -139.53700     20.82700
    -139.84900     21.51000
    -140.17700     22.19600
    -140.52200     22.88500
    -140.88500     23.57800
    -141.26800     24.27500
    -141.67100     24.97500
    -142.09600     25.67900
    -142.54400     26.38800
    -143.01700     27.10100
    -143.51700     27.81800
    -144.04500     28.54000
    -144.60400     29.26800
    -145.19700     30.00000
    -145.82600     30.73800
    -146.49600     31.48100
    -147.20900     32.23100
    -147.97000     32.98700
    -148.78600     33.74900
    -149.66100     34.51800
    -150.60500     35.29400
    -151.62500     36.07800
    -152.73400     36.87000
    -153.94600     37.67000
    -155.28100     38.47900
    -156.76500     39.29600
    -158.43200     40.12400
    -160.33700     40.96200
    -162.56500     41.81000
    -165.27300     42.67000
    -168.82000     43.54200
    -174.71900     44.42700
</sweep>
<sweep>
    -174.63500    -45.32500
    -168.57800    -44.42700
    -164.94900    -43.54200
    -162.18200    -42.67000
    -159.90900    -41.81000
    -157.96800    -40.96200
    -156.27000    -40.12400
    -154.76100    -39.29600
    -153.40300    -38.47900
    -152.17100    -37.67000
    -151.04500    -36.87000
    -150.00900    -36.07800
    -149.05300    -35.29400
    -148.16500    -34.51800
    -147.33800    -33.74900
    -146.56700    -32.98700
    -145.84400    -32.23100
    -145.16700    -31.48100
    -144.52900    -30.73800
    -143.92900    -30.00000
    -143.36300    -29.26800
    -142.82800    -28.54000
    -142.32300    -27.81800
    -141.84400    -27.10100
    -141.39100    -26.38800
    -140.96100    -25.67900
    -140.55300    -24.97500
    -140.16500    -24.27500
    -139.79700    -23.57800
    -139.44700    -22.88500
    -139.11500    -22.19600
    -138.79900    -21.51000
    -138.49900    -20.82700
    -138.21300    -20.14800
    -137.94200    -19.47100
    -137.68400    -18.79700
    -137.43900    -18.12600
    -137.20600    -17.45800
    -136.98500    -16.79100
    -136.77600    -16.12800
    -136.57700    -15.46600
    -136.38900    -14.80700
    -136.21200    -14.14900
    -136.04400    -13.49300
    -135.88600    -12.84000
    -135.73700    -12.18700
    -135.59700    -11.53700
    -135.46600    -10.88800
    -135.34300    -10.24000
    -135.22900     -9.59410
    -135.12300     -8.94900
    -135.02500     -8.30510
    -134.93500     -7.66230
    -134.85300     -7.02040
    -134.77800     -6.37940
    -134.71100     -5.73920
    -134.65100     -5.09970
    -134.59800     -4.46080
    -134.55200     -3.82260
    -134.51400     -3.18470
    -134.48300     -2.54730
    -134.45800     -1.91020
    -134.44100     -1.27330
    -134.43000     -0.63663
    -134.42700      0.00000
    -134.43000      0.63663
    -134.44100      1.27330
    -134.45800      1.91020
    -134.48300      2.54730
    -134.51400      3.18470
    -134.55200      3.82260
    -134.59800      4.46080
    -134.65100      5.09970
    -134.71100      5.73920
    -134.77800      6.37940
    -134.85300      7.02040
    -134.93500      7.66230
    -135.02500      8.30510
    -135.12300      8.94900
    -135.22900      9.59410
    -135.34300     10.24000
    -135.46600     10.88800
    -135.59700     11.53700
    -135.73700     12.18700
    -135.88600     12.84000
    -136.04400     13.49300
    -136.21200     14.14900
    -136.38900     14.80700
    -136.57700     15.46600
    -136.77600     16.12800
    -136.98500     16.79100
    -137.20600     17.45800
    -137.43900     18.12600
    -137.68400     18.79700
    -137.94200     19.47100
    -138.21300     20.14800
    -138.49900     20.82700
    -138.79900     21.51000
    -139.11500     22.19600
    -139.44700     22.88500
    -139.79700     23.57800
    -140.16500     24.27500
    -140.55300     24.97500
    -140.96100     25.67900
    -141.39100     26.38800
    -141.84400     27.10100
    -142.32300     27.81800
    -142.82800     28.54000
    -143.36300     29.26800
    -143.92900     30.00000
    -144.52900     30.73800
    -145.16700     31.48100
    -145.84400     32.23100
    -146.56700     32.98700
    -147.33800     33.74900
    -148.16500     34.51800
    -149.05300     35.29400
    -150.00900     36.07800
    -151.04500     36.87000
    -152.17100     37.67000
    -153.40300     38.47900
    -154.76100     39.29600
    -156.27000     40.12400
    -157.96800     40.96200
    -159.90900     41.81000
    -162.18200     42.67000
    -164.94900     43.54200
    -168.57800     44.42700
    -174.63500     45.32500
</sweep>
<sweep>
    -174.86800    -46.23800
    -168.46900    -45.32500
    -164.71700    -44.42700
    -161.87200    -43.54200
    -159.54100    -42.67000
    -157.55400    -41.81000
    -155.81900    -40.96200
    -154.27900    -40.12400
    -152.89500    -39.29600
    -151.64100    -38.47900
    -150.49500    -37.67000
    -149.44200    -36.87000
    -148.46900    -36.07800
    -147.56800    -35.29400
    -146.72900    -34.51800
    -145.94600    -33.74900
    -145.21300    -32.98700
    -144.52600    -32.23100
    -143.88000    -31.48100
    -143.27200    -30.73800
    -142.69900    -30.00000
    -142.15700    -29.26800
    -141.64500    -28.54000
    -141.16000    -27.81800
    -140.70100    -27.10100
    -140.26600    -26.38800
    -139.85200    -25.67900
    -139.46000    -24.97500
    -139.08700    -24.27500
    -138.73300    -23.57800
    -138.39600    -22.88500
    -138.07500    -22.19600
    -137.77100    -21.51000
    -137.48100    -20.82700
    -137.20500    -20.14800
    -136.94300    -19.47100
    -136.69400    -18.79700
    -136.45700    -18.12600
    -136.23200    -17.45800
    -136.01900    -16.79100
    -135.81600    -16.12800
    -135.62400    -15.46600
    -135.44300    -14.80700
    -135.27100    -14.14900
    -135.10800    -13.49300
    -134.95500    -12.84000
    -134.81100    -12.18700
    -134.67600    -11.53700
    -134.54900    -10.88800
    -134.43000    -10.24000
    -134.32000     -9.59410
    -134.21700     -8.94900
    -134.12200     -8.30510
    -134.03500     -7.66230
    -133.95500     -7.02040
    -133.88200     -6.37940
    -133.81700     -5.73920
    -133.75900     -5.09970
    -133.70800     -4.46080
    -133.66400     -3.82260
    -133.62700     -3.18470
    -133.59600     -2.54730
    -133.57300     -1.91020
    -133.55600     -1.27330
    -133.54600     -0.63663
    -133.54200      0.00000
    -133.54600      0.63663
    -133.55600      1.27330
    -133.57300      1.91020
    -133.59600      2.54730
    -133.62700      3.18470
    -133.66400      3.82260
    -133.70800      4.46080
    -133.75900      5.09970
    -133.81700      5.73920
    -133.88200      6.37940
    -133.95500      7.02040
    -134.03500      7.66230
    -134.12200      8.30510
    -134.21700      8.94900
    -134.32000      9.59410
    -134.43000     10.24000
    -134.54900     10.88800
    -134.67600     11.53700
    -134.81100     12.18700
    -134.95500     12.84000
    -135.10800     13.49300
    -135.27100     14.14900
    -135.44300     14.80700
    -135.62400     15.46600
    -135.81600     16.12800
    -136.01900     16.79100
    -136.23200     17.45800
    -136.45700     18.12600
    -136.69400     18.79700
    -136.94300     19.47100
    -137.20500     20.14800
    -137.48100     20.82700
    -137.77100     21.51000
    -138.07500     22.19600
    -138.39600     22.88500
    -138.73300     23.57800
    -139.08700     24.27500
    -139.46000     24.97500
    -139.85200     25.67900
    -140.26600     26.38800
    -140.70100     27.10100
    -141.16000     27.81800
    -141.64500     28.54000
    -142.15700     29.26800
    -142.69900     30.00000
    -143.27200     30.73800
    -143.88000     31.48100
    -144.52600     32.23100
    -145.21300     32.98700
    -145.94600     33.74900
    -146.72900     34.51800
    -147.56800     35.29400
    -148.46900     36.07800
    -149.44200     36.87000
    -150.49500     37.67000
    -151.64100     38.47900
    -152.89500     39.29600
    -154.27900     40.12400
    -155.81900     40.96200
    -157.55400     41.81000
    -159.54100     42.67000
    -161.87200     43.54200
    -164.71700     44.42700
    -168.46900     45.32500
    -174.86800     46.23800
</sweep>
<sweep>
    -175.50500    -47.16700
    -168.50100    -46.23800
    -164.58200    -45.32500
    -161.63700    -44.42700
    -159.23400    -43.54200
    -157.19200    -42.67000
    -155.41400    -41.81000
    -153.83700    -40.96200
    -152.42300    -40.12400
    -151.14200    -39.29600
    -149.97300    -38.47900
    -148.90100    -37.67000
    -147.91100    -36.87000
    -146.99400    -36.07800
    -146.14100    -35.29400
    -145.34600    -34.51800
    -144.60200    -33.74900
    -143.90400    -32.98700
    -143.24900    -32.23100
    -142.63200    -31.48100
    -142.05100    -30.73800
    -141.50200    -30.00000
    -140.98300    -29.26800
    -140.49200    -28.54000
    -140.02600    -27.81800
    -139.58500    -27.10100
    -139.16600    -26.38800
    -138.76900    -25.67900
    -138.39100    -24.97500
    -138.03200    -24.27500
    -137.69000    -23.57800
    -137.36500    -22.88500
    -137.05600    -22.19600
    -136.76200    -21.51000
    -136.48200    -20.82700
    -136.21600    -20.14800
    -135.96300    -19.47100
    -135.72200    -18.79700
    -135.49300    -18.12600
    -135.27600    -17.45800
    -135.06900    -16.79100
    -134.87400    -16.12800
    -134.68800    -15.46600
    -134.51200    -14.80700
    -134.34500    -14.14900
    -134.18800    -13.49300
    -134.04000    -12.84000
    -133.90000    -12.18700
    -133.76900    -11.53700
    -133.64600    -10.88800
    -133.53100    -10.24000
    -133.42400     -9.59410
    -133.32500     -8.94900
    -133.23300     -8.30510
    -133.14800     -7.66230
    -133.07000     -7.02040
    -133.00000     -6.37940
    -132.93700     -5.73920
    -132.88000     -5.09970
    -132.83100     -4.46080
    -132.78800     -3.82260
    -132.75200     -3.18470
    -132.72200     -2.54730
    -132.70000     -1.91020
    -132.68300     -1.27330
    -132.67300     -0.63663
    -132.67000      0.00000
    -132.67300      0.63663
    -132.68300      1.27330
    -132.70000      1.91020
    -132.72200      2.54730
    -132.75200      3.18470
    -132.78800      3.82260
    -132.83100      4.46080
    -132.88000      5.09970
    -132.93700      5.73920
    -133.00000      6.37940
    -133.07000      7.02040
    -133.14800      7.66230
    -133.23300      8.30510
    -133.32500      8.94900
    -133.42400      9.59410
    -133.53100     10.24000
    -133.64600     10.88800
    -133.76900     11.53700
    -133.90000     12.18700
    -134.04000     12.84000
    -134.18800     13.49300
    -134.34500     14.14900
    -134.51200     14.80700
    -134.68800     15.46600
    -134.87400     16.12800
    -135.06900     16.79100
    -135.27600     17.45800
    -135.49300     18.12600
    -135.72200     18.79700
    -135.96300     19.47100
    -136.21600     20.14800
    -136.48200     20.82700
    -136.76200     21.51000
    -137.05600     22.19600
    -137.36500     22.88500
    -137.69000     23.57800
    -138.03200     24.27500
    -138.39100     24.97500
    -138.76900     25.67900
    -139.16600     26.38800
    -139.58500     27.10100
    -140.02600     27.81800
    -140.49200     28.54000
    -140.98300     29.26800
    -141.50200     30.00000
    -142.05100     30.73800
    -142.63200     31.48100
    -143.24900     32.23100
    -143.90400     32.98700
    -144.60200     33.74900
    -145.34600     34.51800
    -146.14100     35.29400
    -146.99400     36.07800
    -147.91100     36.87000
    -148.90100     37.67000
    -149.97300     38.47900
    -151.14200     39.29600
    -152.42300     40.12400
    -153.83700     40.96200
    -155.41400     41.81000
    -157.19200     42.67000
    -159.23400     43.54200
    -161.63700     44.42700
    -164.58200     45.32500
    -168.50100     46.23800
    -175.50500     47.16700
</sweep>
<sweep>
    -176.83600    -48.11100
    -168.69000    -47.16700
    -164.55000    -46.23800
    -161.47900    -45.32500
    -158.99000    -44.42700
    -156.88400    -43.54200
    -155.05300    -42.67000
    -153.43500    -41.81000
    -151.98600    -40.96200
    -150.67500    -40.12400
    -149.48100    -39.29600
    -148.38600    -38.47900
    -147.37700    -37.67000
    -146.44300    -36.87000
    -145.57500    -36.07800
    -144.76600    -35.29400
    -144.00900    -34.51800
    -143.30100    -33.74900
    -142.63500    -32.98700
    -142.00900    -32.23100
    -141.41900    -31.48100
    -140.86200    -30.73800
    -140.33600    -30.00000
    -139.83800    -29.26800
    -139.36600    -28.54000
    -138.91900    -27.81800
    -138.49400    -27.10100
    -138.09100    -26.38800
    -137.70800    -25.67900
    -137.34400    -24.97500
    -136.99800    -24.27500
    -136.66800    -23.57800
    -136.35500    -22.88500
    -136.05600    -22.19600
    -135.77200    -21.51000
    -135.50200    -20.82700
    -135.24500    -20.14800
    -135.00000    -19.47100
    -134.76700    -18.79700
    -134.54600    -18.12600
    -134.33500    -17.45800
    -134.13500    -16.79100
    -133.94600    -16.12800
    -133.76600    -15.46600
    -133.59600    -14.80700
    -133.43400    -14.14900
    -133.28200    -13.49300
    -133.13800    -12.84000
    -133.00300    -12.18700
    -132.87600    -11.53700
    -132.75700    -10.88800
    -132.64500    -10.24000
    -132.54100     -9.59410
    -132.44500     -8.94900
    -132.35600     -8.30510
    -132.27400     -7.66230
    -132.19900     -7.02040
    -132.13000     -6.37940
    -132.06900     -5.73920
    -132.01400     -5.09970
    -131.96600     -4.46080
    -131.92500     -3.82260
    -131.89000     -3.18470
    -131.86100     -2.54730
    -131.83900     -1.91020
    -131.82300     -1.27330
    -131.81300     -0.63663
    -131.81000      0.00000
    -131.81300      0.63663
    -131.82300      1.27330
    -131.83900      1.91020
    -131.86100      2.54730
    -131.89000      3.18470
    -131.92500      3.82260
    -131.96600      4.46080
    -132.01400      5.09970
    -132.06900      5.73920
    -132.13000      6.37940
    -132.19900      7.02040
    -132.27400      7.66230
    -132.35600      8.30510
    -132.44500      8.94900
    -132.54100      9.59410
    -132.64500     10.24000
    -132.75700     10.88800
    -132.87600     11.53700
    -133.00300     12.18700
    -133.13800     12.84000
    -133.28200     13.49300
    -133.43400     14.14900
    -133.59600     14.80700
    -133.76600     15.46600
    -133.94600     16.12800
    -134.13500     16.79100
    -134.33500     17.45800
    -134.54600     18.12600
    -134.76700     18.79700
    -135.00000     19.47100
    -135.24500     20.14800
    -135.50200     20.82700
    -135.77200     21.51000
    -136.05600     22.19600
    -136.35500     22.88500
    -136.66800     23.57800
    -136.99800     24.27500
    -137.34400     24.97500
    -137.70800     25.67900
    -138.09100     26.38800
    -138.49400     27.10100
    -138.91900     27.81800
    -139.36600     28.54000
    -139.83800     29.26800
    -140.33600     30.00000
    -140.86200     30.73800
    -141.41900     31.48100
    -142.00900     32.23100
    -142.63500     32.98700
    -143.30100     33.74900
    -144.00900     34.51800
    -144.76600     35.29400
    -145.57500     36.07800
    -146.44300     36.87000
    -147.37700     37.67000
    -148.38600     38.47900
    -149.48100     39.29600
    -150.67500     40.12400
    -151.98600     40.96200
    -153.43500     41.81000
    -155.05300     42.67000
    -156.88400     43.54200
    -158.99000     44.42700
    -161.47900     45.32500
    -164.55000     46.23800
    -168.69000     47.16700
    -176.83600     48.11100
</sweep>
<sweep>
    -169.06200    -48.11100
    -164.63100    -47.16700
    -161.40500    -46.23800
    -158.81300    -45.32500
    -156.63000    -44.42700
    -154.74000    -43.54200
    -153.07400    -42.67000
    -151.58500    -41.81000
    -150.24100    -40.96200
    -149.01800    -40.12400
    -147.89800    -39.29600
    -146.86700    -38.47900
    -145.91400    -37.67000
    -145.02900    -36.87000
    -144.20500    -36.07800
    -143.43500    -35.29400
    -142.71500    -34.51800
    -142.03800    -33.74900
    -141.40200    -32.98700
    -140.80300    -32.23100
    -140.23700    -31.48100
    -139.70300    -30.73800
    -139.19800    -30.00000
    -138.71900    -29.26800
    -138.26600    -28.54000
    -137.83500    -27.81800
    -137.42600    -27.10100
    -137.03800    -26.38800
    -136.66900    -25.67900
    -136.31800    -24.97500
    -135.98300    -24.27500
    -135.66500    -23.57800
    -135.36300    -22.88500
    -135.07400    -22.19600
    -134.80000    -21.51000
    -134.53800    -20.82700
    -134.29000    -20.14800
    -134.05300    -19.47100
    -133.82800    -18.79700
    -133.61300    -18.12600
    -133.41000    -17.45800
    -133.21600    -16.79100
    -133.03200    -16.12800
    -132.85800    -15.46600
    -132.69300    -14.80700
    -132.53700    -14.14900
    -132.38900    -13.49300
    -132.25000    -12.84000
    -132.11900    -12.18700
    -131.99600    -11.53700
    -131.88000    -10.88800
    -131.77200    -10.24000
    -131.67100     -9.59410
    -131.57800     -8.94900
    -131.49100     -8.30510
    -131.41100     -7.66230
    -131.33900     -7.02040
    -131.27200     -6.37940
    -131.21300     -5.73920
    -131.16000     -5.09970
    -131.11300     -4.46080
    -131.07300     -3.82260
    -131.03900     -3.18470
    -131.01100     -2.54730
    -130.98900     -1.91020
    -130.97400     -1.27330
    -130.96500     -0.63663
    -130.96200      0.00000
    -130.96500      0.63663
    -130.97400      1.27330
    -130.98900      1.91020
    -131.01100      2.54730
    -131.03900      3.18470
    -131.07300      3.82260
    -131.11300      4.46080
    -131.16000      5.09970
    -131.21300      5.73920
    -131.27200      6.37940
    -131.33900      7.02040
    -131.41100      7.66230
    -131.49100      8.30510
    -131.57800      8.94900
    -131.67100      9.59410
    -131.77200     10.24000
    -131.88000     10.88800
    -131.99600     11.53700
    -132.11900     12.18700
    -132.25000     12.84000
    -132.38900     13.49300
    -132.53700     14.14900
    -132.69300     14.80700
    -132.85800     15.46600
    -133.03200     16.12800
    -133.21600     16.79100
    -133.41000     17.45800
    -133.61300     18.12600
    -133.82800     18.79700
    -134.05300     19.47100
    -134.29000     20.14800
    -134.53800     20.82700
    -134.80000     21.51000
    -135.07400     22.19600
    -135.36300     22.88500
    -135.66500     23.57800
    -135.98300     24.27500
    -136.31800     24.97500
    -136.66900     25.67900
    -137.03800     26.38800
    -137.42600     27.10100
    -137.83500     27.81800
    -138.26600     28.54000
    -138.71900     29.26800
    -139.19800     30.00000
    -139.70300     30.73800
    -140.23700     31.48100
    -140.80300     32.23100
    -141.40200     32.98700
    -142.03800     33.74900
    -142.71500     34.51800
    -143.43500     35.29400
    -144.20500     36.07800
    -145.02900     36.87000
    -145.91400     37.67000
    -146.86700     38.47900
    -147.89800     39.29600
    -149.01800     40.12400
    -150.24100     40.96200
    -151.58500     41.81000
    -153.07400     42.67000
    -154.74000     43.54200
    -156.63000     44.42700
    -158.81300     45.32500
    -161.40500     46.23800
    -164.63100     47.16700
    -169.06200     48.11100
</sweep>
<sweep>
    -169.65900    -49.07400
    -164.83900    -48.11100
    -161.42300    -47.16700
    -158.70700    -46.23800
    -156.43400    -45.32500
    -154.47600    -44.42700
    -152.75400    -43.54200
    -151.22000    -42.67000
    -149.83900    -41.81000
    -148.58400    -40.96200
    -147.43600    -40.12400
    -146.38200    -39.29600
    -145.40800    -38.47900
    -144.50400    -37.67000
    -143.66400    -36.87000
    -142.88000    -36.07800
    -142.14600    -35.29400
    -141.45700    -34.51800
    -140.81000    -33.74900
    -140.20100    -32.98700
    -139.62700    -32.23100
    -139.08400    -31.48100
    -138.57100    -30.73800
    -138.08500    -30.00000
    -137.62500    -29.26800
    -137.18800    -28.54000
    -136.77400    -27.81800
    -136.38000    -27.10100
    -136.00500    -26.38800
    -135.64900    -25.67900
    -135.31000    -24.97500
    -134.98700    -24.27500
    -134.68000    -23.57800
    -134.38700    -22.88500
    -134.10900    -22.19600
    -133.84300    -21.51000
    -133.59100    -20.82700
    -133.35000    -20.14800
    -133.12100    -19.47100
    -132.90300    -18.79700
    -132.69500    -18.12600
    -132.49800    -17.45800
    -132.31000    -16.79100
    -132.13200    -16.12800
    -131.96400    -15.46600
    -131.80400    -14.80700
    -131.65200    -14.14900
    -131.50900    -13.49300
    -131.37400    -12.84000
    -131.24700    -12.18700
    -131.12700    -11.53700
    -131.01500    -10.88800
    -130.91000    -10.24000
    -130.81300     -9.59410
    -130.72200     -8.94900
    -130.63800     -8.30510
    -130.56000     -7.66230
    -130.49000     -7.02040
    -130.42600     -6.37940
    -130.36800     -5.73920
    -130.31600     -5.09970
    -130.27100     -4.46080
    -130.23200     -3.82260
    -130.19900     -3.18470
    -130.17200     -2.54730
    -130.15100     -1.91020
    -130.13600     -1.27330
    -130.12700     -0.63663
    -130.12400      0.00000
    -130.12700      0.63663
    -130.13600      1.27330
    -130.15100      1.91020
    -130.17200      2.54730
    -130.19900      3.18470
    -130.23200      3.82260
    -130.27100      4.46080
    -130.31600      5.09970
    -130.36800      5.73920
    -130.42600      6.37940
    -130.49000      7.02040
    -130.56000      7.66230
    -130.63800      8.30510
    -130.72200      8.94900
    -130.81300      9.59410
    -130.91000     10.24000
    -131.01500     10.88800
    -131.12700     11.53700
    -131.24700     12.18700
    -131.37400     12.84000
    -131.50900     13.49300
    -131.65200     14.14900
    -131.80400     14.80700
    -131.96400     15.46600
    -132.13200     16.12800
    -132.31000     16.79100
    -132.49800     17.45800
    -132.69500     18.12600
    -132.90300     18.79700
    -133.12100     19.47100
    -133.35000     20.14800
    -133.59100     20.82700
    -133.84300     21.51000
    -134.10900     22.19600
    -134.38700     22.88500
    -134.68000     23.57800
    -134.98700     24.27500
    -135.31000     24.97500
    -135.64900     25.67900
    -136.00500     26.38800
    -136.38000     27.10100
    -136.77400     27.81800
    -137.18800     28.54000
    -137.62500     29.26800
    -138.08500     30.00000
    -138.57100     30.73800
    -139.08400     31.48100
    -139.62700     32.23100
    -140.20100     32.98700
    -140.81000     33.74900
    -141.45700     34.51800
    -142.14600     35.29400
    -142.88000     36.07800
    -143.66400     36.87000
    -144.50400     37.67000
    -145.40800     38.47900
    -146.38200     39.29600
    -147.43600     40.12400
    -148.58400     40.96200
    -149.83900     41.81000
    -151.22000     42.67000
    -152.75400     43.54200
    -154.47600     44.42700
    -156.43400     45.32500
    -158.70700     46.23800
    -161.42300     47.16700
    -164.83900     48.11100
    -169.65900     49.07400
</sweep>
<sweep>
    -170.55100    -50.05500
    -165.19400    -49.07400
    -161.54100    -48.11100
    -158.67800    -47.16700
    -156.30100    -46.23800
    -154.26300    -45.32500
    -152.47900    -44.42700
    -150.89400    -43.54200
    -149.47000    -42.67000
    -148.18000    -41.81000
    -147.00200    -40.96200
    -145.92100    -40.12400
    -144.92400    -39.29600
    -144.00000    -38.47900
    -143.14200    -37.67000
    -142.34200    -36.87000
    -141.59300    -36.07800
    -140.89200    -35.29400
    -140.23400    -34.51800
    -139.61400    -33.74900
    -139.03000    -32.98700
    -138.47800    -32.23100
    -137.95700    -31.48100
    -137.46400    -30.73800
    -136.99600    -30.00000
    -136.55300    -29.26800
    -136.13200    -28.54000
    -135.73300    -27.81800
    -135.35300    -27.10100
    -134.99100    -26.38800
    -134.64700    -25.67900
    -134.32000    -24.97500
    -134.00800    -24.27500
    -133.71100    -23.57800
    -133.42800    -22.88500
    -133.15900    -22.19600
    -132.90200    -21.51000
    -132.65700    -20.82700
    -132.42400    -20.14800
    -132.20200    -19.47100
    -131.99100    -18.79700
    -131.79000    -18.12600
    -131.59900    -17.45800
    -131.41700    -16.79100
    -131.24500    -16.12800
    -131.08100    -15.46600
    -130.92600    -14.80700
    -130.77900    -14.14900
    -130.64100    -13.49300
    -130.51000    -12.84000
    -130.38600    -12.18700
    -130.27000    -11.53700
    -130.16100    -10.88800
    -130.06000    -10.24000
    -129.96500     -9.59410
    -129.87700     -8.94900
    -129.79500     -8.30510
    -129.72000     -7.66230
    -129.65200     -7.02040
    -129.58900     -6.37940
    -129.53300     -5.73920
    -129.48300     -5.09970
    -129.43900     -4.46080
    -129.40100     -3.82260
    -129.36900     -3.18470
    -129.34300     -2.54730
    -129.32300     -1.91020
    -129.30800     -1.27330
    -129.29900     -0.63663
    -129.29600      0.00000
    -129.29900      0.63663
    -129.30800      1.27330
    -129.32300      1.91020
    -129.34300      2.54730
    -129.36900      3.18470
    -129.40100      3.82260
    -129.43900      4.46080
    -129.48300      5.09970
    -129.53300      5.73920
    -129.58900      6.37940
    -129.65200      7.02040
    -129.72000      7.66230
    -129.79500      8.30510
    -129.87700      8.94900
    -129.96500      9.59410
    -130.06000     10.24000
    -130.16100     10.88800
    -130.27000     11.53700
    -130.38600     12.18700
    -130.51000     12.84000
    -130.64100     13.49300
    -130.77900     14.14900
    -130.92600     14.80700
    -131.08100     15.46600
    -131.24500     16.12800
    -131.41700     16.79100
    -131.59900     17.45800
    -131.79000     18.12600
    -131.99100     18.79700
    -132.20200     19.47100
    -132.42400     20.14800
    -132.65700     20.82700
    -132.90200     21.51000
    -133.15900     22.19600
    -133.42800     22.88500
    -133.71100     23.57800
    -134.00800     24.27500
    -134.32000     24.97500
    -134.64700     25.67900
    -134.99100     26.38800
    -135.35300     27.10100
    -135.73300     27.81800
    -136.13200     28.54000
    -136.55300     29.26800
    -136.99600     30.00000
    -137.46400     30.73800
    -137.95700     31.48100
    -138.47800     32.23100
    -139.03000     32.98700
    -139.61400     33.74900
    -140.23400     34.51800
    -140.89200     35.29400
    -141.59300     36.07800
    -142.34200     36.87000
    -143.14200     37.67000
    -144.00000     38.47900
    -144.92400     39.29600
    -145.92100     40.12400
    -147.00200     40.96200
    -148.18000     41.81000
    -149.47000     42.67000
    -150.89400     43.54200
    -152.47900     44.42700
    -154.26300     45.32500
    -156.30100     46.23800
    -158.67800     47.16700
    -161.54100     48.11100
    -165.19400     49.07400
    -170.55100     50.05500
</sweep>
<sweep>
    -171.87000    -51.05800
    -165.72500    -50.05500
    -161.77500    -49.07400
    -158.73500    -48.11100
    -156.23500    -47.16700
    -154.10600    -46.23800
    -152.25100    -45.32500
    -150.60800    -44.42700
    -149.13700    -43.54200
    -147.80700    -42.67000
    -146.59500    -41.81000
    -145.48500    -40.96200
    -144.46200    -40.12400
    -143.51700    -39.29600
    -142.63900    -38.47900
    -141.82100    -37.67000
    -141.05800    -36.87000
    -140.34200    -36.07800
    -139.67100    -35.29400
    -139.04000    -34.51800
    -138.44600    -33.74900
    -137.88500    -32.98700
    -137.35500    -32.23100
    -136.85400    -31.48100
    -136.37900    -30.73800
    -135.92900    -30.00000
    -135.50200    -29.26800
    -135.09600    -28.54000
    -134.71100    -27.81800
    -134.34400    -27.10100
    -133.99500    -26.38800
    -133.66300    -25.67900
    -133.34600    -24.97500
    -133.04500    -24.27500
    -132.75800    -23.57800
    -132.48400    -22.88500
    -132.22300    -22.19600
    -131.97500    -21.51000
    -131.73800    -20.82700
    -131.51200    -20.14800
    -131.29700    -19.47100
    -131.09300    -18.79700
    -130.89800    -18.12600
    -130.71300    -17.45800
    -130.53700    -16.79100
    -130.36900    -16.12800
    -130.21100    -15.46600
    -130.06000    -14.80700
    -129.91800    -14.14900
    -129.78300    -13.49300
    -129.65600    -12.84000
    -129.53600    -12.18700
    -129.42400    -11.53700
    -129.31800    -10.88800
    -129.22000    -10.24000
    -129.12800     -9.59410
    -129.04200     -8.94900
    -128.96300     -8.30510
    -128.89000     -7.66230
    -128.82300     -7.02040
    -128.76300     -6.37940
    -128.70800     -5.73920
    -128.66000     -5.09970
    -128.61700     -4.46080
    -128.58000     -3.82260
    -128.54900     -3.18470
    -128.52400     -2.54730
    -128.50400     -1.91020
    -128.49000     -1.27330
    -128.48100     -0.63663
    -128.47900      0.00000
    -128.48100      0.63663
    -128.49000      1.27330
    -128.50400      1.91020
    -128.52400      2.54730
    -128.54900      3.18470
    -128.58000      3.82260
    -128.61700      4.46080
    -128.66000      5.09970
    -128.70800      5.73920
    -128.76300      6.37940
    -128.82300      7.02040
    -128.89000      7.66230
    -128.96300      8.30510
    -129.04200      8.94900
    -129.12800      9.59410
    -129.22000     10.24000
    -129.31800     10.88800
    -129.42400     11.53700
    -129.53600     12.18700
    -129.65600     12.84000
    -129.78300     13.49300
    -129.91800     14.14900
    -130.06000     14.80700
    -130.21100     15.46600
    -130.36900     16.12800
    -130.53700     16.79100
    -130.71300     17.45800
    -130.89800     18.12600
    -131.09300     18.79700
    -131.29700     19.47100
    -131.51200     20.14800
    -131.73800     20.82700
    -131.97500     21.51000
    -132.22300     22.19600
    -132.48400     22.88500
    -132.75800     23.57800
    -133.04500     24.27500
    -133.34600     24.97500
    -133.66300     25.67900
    -133.99500     26.38800
    -134.34400     27.10100
    -134.71100     27.81800
    -135.09600     28.54000
    -135.50200     29.26800
    -135.92900     30.00000
    -136.37900     30.73800
    -136.85400     31.48100
    -137.35500     32.23100
    -137.88500     32.98700
    -138.44600     33.74900
    -139.04000     34.51800
    -139.67100     35.29400
    -140.34200     36.07800
    -141.05800     36.87000
    -141.82100     37.67000
    -142.63900     38.47900
    -143.51700     39.29600
    -144.46200     40.12400
    -145.48500     40.96200
    -146.59500     41.81000
    -147.80700     42.67000
    -149.13700     43.54200
    -150.60800     44.42700
    -152.25100     45.32500
    -154.10600     46.23800
    -156.23500     47.16700
    -158.73500     48.11100
    -161.77500     49.07400
    -165.72500     50.05500
    -171.87000     51.05800
</sweep>
<sweep>
    -173.94800    -52.08200
    -166.47600    -51.05800
    -162.14200    -50.05500
    -158.88700    -49.07400
    -156.24400    -48.11100
    -154.00900    -47.16700
    -152.07300    -46.23800
    -150.36500    -45.32500
    -148.84000    -44.42700
    -147.46500    -43.54200
    -146.21600    -42.67000
    -145.07400    -41.81000
    -144.02400    -40.96200
    -143.05400    -40.12400
    -142.15500    -39.29600
    -141.31900    -38.47900
    -140.53800    -37.67000
    -139.80800    -36.87000
    -139.12400    -36.07800
    -138.48100    -35.29400
    -137.87500    -34.51800
    -137.30500    -33.74900
    -136.76600    -32.98700
    -136.25600    -32.23100
    -135.77300    -31.48100
    -135.31600    -30.73800
    -134.88200    -30.00000
    -134.47000    -29.26800
    -134.07900    -28.54000
    -133.70600    -27.81800
    -133.35200    -27.10100
    -133.01500    -26.38800
    -132.69400    -25.67900
    -132.38800    -24.97500
    -132.09700    -24.27500
    -131.81900    -23.57800
    -131.55400    -22.88500
    -131.30100    -22.19600
    -131.06100    -21.51000
    -130.83100    -20.82700
    -130.61300    -20.14800
    -130.40500    -19.47100
    -130.20600    -18.79700
    -130.01800    -18.12600
    -129.83800    -17.45800
    -129.66700    -16.79100
    -129.50500    -16.12800
    -129.35100    -15.46600
    -129.20500    -14.80700
    -129.06700    -14.14900
    -128.93600    -13.49300
    -128.81300    -12.84000
    -128.69700    -12.18700
    -128.58800    -11.53700
    -128.48500    -10.88800
    -128.38900    -10.24000
    -128.30000     -9.59410
    -128.21700     -8.94900
    -128.14000     -8.30510
    -128.06900     -7.66230
    -128.00500     -7.02040
    -127.94600     -6.37940
    -127.89300     -5.73920
    -127.84600     -5.09970
    -127.80400     -4.46080
    -127.76900     -3.82260
    -127.73800     -3.18470
    -127.71400     -2.54730
    -127.69400     -1.91020
    -127.68100     -1.27330
    -127.67300     -0.63663
    -127.67000      0.00000
    -127.67300      0.63663
    -127.68100      1.27330
    -127.69400      1.91020
    -127.71400      2.54730
    -127.73800      3.18470
    -127.76900      3.82260
    -127.80400      4.46080
    -127.84600      5.09970
    -127.89300      5.73920
    -127.94600      6.37940
    -128.00500      7.02040
    -128.06900      7.66230
    -128.14000      8.30510
    -128.21700      8.94900
    -128.30000      9.59410
    -128.38900     10.24000
    -128.48500     10.88800
    -128.58800     11.53700
    -128.69700     12.18700
    -128.81300     12.84000
    -128.93600     13.49300
    -129.06700     14.14900
    -129.20500     14.80700
    -129.35100     15.46600
    -129.50500     16.12800
    -129.66700     16.79100
    -129.83800     17.45800
    -130.01800     18.12600
    -130.20600     18.79700
    -130.40500     19.47100
    -130.61300     20.14800
    -130.83100     20.82700
    -131.06100     21.51000
    -131.30100     22.19600
    -131.55400     22.88500
    -131.81900     23.57800
    -132.09700     24.27500
    -132.38800     24.97500
    -132.69400     25.67900
    -133.01500     26.38800
    -133.35200     27.10100
    -133.70600     27.81800
    -134.07900     28.54000
    -134.47000     29.26800
    -134.88200     30.00000
    -135.31600     30.73800
    -135.77300     31.48100
    -136.25600     32.23100
    -136.76600     32.98700
    -137.30500     33.74900
    -137.87500     34.51800
    -138.48100     35.29400
    -139.12400     36.07800
    -139.80800     36.87000
    -140.53800     37.67000
    -141.31900     38.47900
    -142.15500     39.29600
    -143.05400     40.12400
    -144.02400     40.96200
    -145.07400     41.81000
    -146.21600     42.67000
    -147.46500     43.54200
    -148.84000     44.42700
    -150.36500     45.32500
    -152.07300     46.23800
    -154.00900     47.16700
    -156.24400     48.11100
    -158.88700     49.07400
    -162.14200     50.05500
    -166.47600     51.05800
    -173.94800     52.08200
</sweep>
<sweep>
    -167.51300    -52.08200
    -162.66800    -51.05800
    -159.15000    -50.05500
    -156.33600    -49.07400
    -153.97800    -48.11100
    -151.94800    -47.16700
    -150.16700    -46.23800
    -148.58200    -45.32500
    -147.15800    -44.42700
    -145.86700    -43.54200
    -144.68900    -42.67000
    -143.60900    -41.81000
    -142.61300    -40.96200
    -141.69000    -40.12400
    -140.83400    -39.29600
    -140.03500    -38.47900
    -139.28900    -37.67000
    -138.59000    -36.87000
    -137.93400    -36.07800
    -137.31700    -35.29400
    -136.73600    -34.51800
    -136.18700    -33.74900
    -135.66900    -32.98700
    -135.17800    -32.23100
    -134.71300    -31.48100
    -134.27200    -30.73800
    -133.85400    -30.00000
    -133.45600    -29.26800
    -133.07800    -28.54000
    -132.71900    -27.81800
    -132.37700    -27.10100
    -132.05100    -26.38800
    -131.74000    -25.67900
    -131.44400    -24.97500
    -131.16200    -24.27500
    -130.89300    -23.57800
    -130.63700    -22.88500
    -130.39300    -22.19600
    -130.15900    -21.51000
    -129.93700    -20.82700
    -129.72500    -20.14800
    -129.52400    -19.47100
    -129.33100    -18.79700
    -129.14800    -18.12600
    -128.97400    -17.45800
    -128.80900    -16.79100
    -128.65100    -16.12800
    -128.50200    -15.46600
    -128.36100    -14.80700
    -128.22600    -14.14900
    -128.10000    -13.49300
    -127.98000    -12.84000
    -127.86700    -12.18700
    -127.76100    -11.53700
    -127.66200    -10.88800
    -127.56900    -10.24000
    -127.48200     -9.59410
    -127.40100     -8.94900
    -127.32700     -8.30510
    -127.25800     -7.66230
    -127.19500     -7.02040
    -127.13800     -6.37940
    -127.08700     -5.73920
    -127.04100     -5.09970
    -127.00100     -4.46080
    -126.96600     -3.82260
    -126.93600     -3.18470
    -126.91200     -2.54730
    -126.89400     -1.91020
    -126.88100     -1.27330
    -126.87300     -0.63663
    -126.87000      0.00000
    -126.87300      0.63663
    -126.88100      1.27330
    -126.89400      1.91020
    -126.91200      2.54730
    -126.93600      3.18470
    -126.96600      3.82260
    -127.00100      4.46080
    -127.04100      5.09970
    -127.08700      5.73920
    -127.13800      6.37940
    -127.19500      7.02040
    -127.25800      7.66230
    -127.32700      8.30510
    -127.40100      8.94900
    -127.48200      9.59410
    -127.56900     10.24000
    -127.66200     10.88800
    -127.76100     11.53700
    -127.86700     12.18700
    -127.98000     12.84000
    -128.10000     13.49300
    -128.22600     14.14900
    -128.36100     14.80700
    -128.50200     15.46600
    -128.65100     16.12800
    -128.80900     16.79100
    -128.97400     17.45800
    -129.14800     18.12600
    -129.33100     18.79700
    -129.52400     19.47100
    -129.72500     20.14800
    -129.93700     20.82700
    -130.15900     21.51000
    -130.39300     22.19600
    -130.63700     22.88500
    -130.89300     23.57800
    -131.16200     24.27500
    -131.44400     24.97500
    -131.74000     25.67900
    -132.05100     26.38800
    -132.37700     27.10100
    -132.71900     27.81800
    -133.07800     28.54000
    -133.45600     29.26800
    -133.85400     30.00000
    -134.27200     30.73800
    -134.71300     31.48100
    -135.17800     32.23100
    -135.66900     32.98700
    -136.18700     33.74900
    -136.73600     34.51800
    -137.31700     35.29400
    -137.93400     36.07800
    -138.59000     36.87000
    -139.28900     37.67000
    -140.03500     38.47900
    -140.83400     39.29600
    -141.69000     40.12400
    -142.61300     40.96200
    -143.60900     41.81000
    -144.68900     42.67000
    -145.86700     43.54200
    -147.15800     44.42700
    -148.58200     45.32500
    -150.16700     46.23800
    -151.94800     47.16700
    -153.97800     48.11100
    -156.33600     49.07400
    -159.15000     50.05500
    -162.66800     51.05800
    -167.51300     52.08200
</sweep>
<sweep>
    -168.95600    -53.13000
    -163.38900    -52.08200
    -159.54000    -51.05800
    -156.52100    -50.05500
    -154.02100    -49.07400
    -151.88300    -48.11100
    -150.01800    -47.16700
    -148.36600    -46.23800
    -146.88600    -45.32500
    -145.54900    -44.42700
    -144.33200    -43.54200
    -143.21800    -42.67000
    -142.19300    -41.81000
    -141.24500    -40.96200
    -140.36700    -40.12400
    -139.54900    -39.29600
    -138.78500    -38.47900
    -138.07100    -37.67000
    -137.40100    -36.87000
    -136.77200    -36.07800
    -136.17900    -35.29400
    -135.62000    -34.51800
    -135.09200    -33.74900
    -134.59300    -32.98700
    -134.12000    -32.23100
    -133.67200    -31.48100
    -133.24700    -30.73800
    -132.84300    -30.00000
    -132.45900    -29.26800
    -132.09400    -28.54000
    -131.74700    -27.81800
    -131.41600    -27.10100
    -131.10100    -26.38800
    -130.80000    -25.67900
    -130.51400    -24.97500
    -130.24100    -24.27500
    -129.98100    -23.57800
    -129.73200    -22.88500
    -129.49600    -22.19600
    -129.27000    -21.51000
    -129.05500    -20.82700
    -128.84900    -20.14800
    -128.65400    -19.47100
    -128.46700    -18.79700
    -128.29000    -18.12600
    -128.12100    -17.45800
    -127.96000    -16.79100
    -127.80800    -16.12800
    -127.66300    -15.46600
    -127.52600    -14.80700
    -127.39500    -14.14900
    -127.27200    -13.49300
    -127.15600    -12.84000
    -127.04700    -12.18700
    -126.94400    -11.53700
    -126.84700    -10.88800
    -126.75700    -10.24000
    -126.67300     -9.59410
    -126.59400     -8.94900
    -126.52200     -8.30510
    -126.45500     -7.66230
    -126.39400     -7.02040
    -126.33900     -6.37940
    -126.28900     -5.73920
    -126.24400     -5.09970
    -126.20500     -4.46080
    -126.17100     -3.82260
    -126.14300     -3.18470
    -126.12000     -2.54730
    -126.10100     -1.91020
    -126.08900     -1.27330
    -126.08100     -0.63663
    -126.07800      0.00000
    -126.08100      0.63663
    -126.08900      1.27330
    -126.10100      1.91020
    -126.12000      2.54730
    -126.14300      3.18470
    -126.17100      3.82260
    -126.20500      4.46080
    -126.24400      5.09970
    -126.28900      5.73920
    -126.33900      6.37940
    -126.39400      7.02040
    -126.45500      7.66230
    -126.52200      8.30510
    -126.59400      8.94900
    -126.67300      9.59410
    -126.75700     10.24000
    -126.84700     10.88800
    -126.94400     11.53700
    -127.04700     12.18700
    -127.15600     12.84000
    -127.27200     13.49300
    -127.39500     14.14900
    -127.52600     14.80700
    -127.66300     15.46600
    -127.80800     16.12800
    -127.96000     16.79100
    -128.12100     17.45800
    -128.29000     18.12600
    -128.46700     18.79700
    -128.65400     19.47100
    -128.84900     20.14800
    -129.05500     20.82700
    -129.27000     21.51000
    -129.49600     22.19600
    -129.73200     22.88500
    -129.98100     23.57800
    -130.24100     24.27500
    -130.51400     24.97500
    -130.80000     25.67900
    -131.10100     26.38800
    -131.41600     27.10100
    -131.74700     27.81800
    -132.09400     28.54000
    -132.45900     29.26800
    -132.84300     30.00000
    -133.24700     30.73800
    -133.67200     31.48100
    -134.12000     32.23100
    -134.59300     32.98700
    -135.09200     33.74900
    -135.62000     34.51800
    -136.17900     35.29400
    -136.77200     36.07800
    -137.40100     36.87000
    -138.07100     37.67000
    -138.78500     38.47900
    -139.54900     39.29600
    -140.36700     40.12400
    -141.24500     40.96200
    -142.19300     41.81000
    -143.21800     42.67000
    -144.33200     43.54200
    -145.54900     44.42700
    -146.88600     45.32500
    -148.36600     46.23800
    -150.01800     47.16700
    -151.88300     48.11100
    -154.02100     49.07400
    -156.52100     50.05500
    -159.54000     51.05800
    -163.38900     52.08200
    -168.95600     53.13000
</sweep>
<sweep>
    -171.05400    -54.20500
    -164.35800    -53.13000
    -160.08300    -52.08200
    -156.81500    -51.05800
    -154.14500    -50.05500
    -151.88300    -49.07400
    -149.92200    -48.11100
    -148.19400    -47.16700
    -146.65200    -46.23800
    -145.26400    -45.32500
    -144.00300    -44.42700
    -142.85200    -43.54200
    -141.79500    -42.67000
    -140.82000    -41.81000
    -139.91800    -40.96200
    -139.07900    -40.12400
    -138.29700    -39.29600
    -137.56600    -38.47900
    -136.88100    -37.67000
    -136.23800    -36.87000
    -135.63400    -36.07800
    -135.06400    -35.29400
    -134.52600    -34.51800
    -134.01800    -33.74900
    -133.53700    -32.98700
    -133.08100    -32.23100
    -132.64900    -31.48100
    -132.23800    -30.73800
    -131.84800    -30.00000
    -131.47800    -29.26800
    -131.12500    -28.54000
    -130.78900    -27.81800
    -130.46900    -27.10100
    -130.16400    -26.38800
    -129.87400    -25.67900
    -129.59700    -24.97500
    -129.33200    -24.27500
    -129.08000    -23.57800
    -128.84000    -22.88500
    -128.61000    -22.19600
    -128.39100    -21.51000
    -128.18300    -20.82700
    -127.98400    -20.14800
    -127.79400    -19.47100
    -127.61300    -18.79700
    -127.44100    -18.12600
    -127.27700    -17.45800
    -127.12200    -16.79100
    -126.97400    -16.12800
    -126.83300    -15.46600
    -126.70000    -14.80700
    -126.57400    -14.14900
    -126.45400    -13.49300
    -126.34100    -12.84000
    -126.23500    -12.18700
    -126.13500    -11.53700
    -126.04100    -10.88800
    -125.95400    -10.24000
    -125.87200     -9.59410
    -125.79600     -8.94900
    -125.72500     -8.30510
    -125.66100     -7.66230
    -125.60100     -7.02040
    -125.54700     -6.37940
    -125.49900     -5.73920
    -125.45600     -5.09970
    -125.41800     -4.46080
    -125.38500     -3.82260
    -125.35700     -3.18470
    -125.33500     -2.54730
    -125.31700     -1.91020
    -125.30400     -1.27330
    -125.29700     -0.63663
    -125.29400      0.00000
    -125.29700      0.63663
    -125.30400      1.27330
    -125.31700      1.91020
    -125.33500      2.54730
    -125.35700      3.18470
    -125.38500      3.82260
    -125.41800      4.46080
    -125.45600      5.09970
    -125.49900      5.73920
    -125.54700      6.37940
    -125.60100      7.02040
    -125.66100      7.66230
    -125.72500      8.30510
    -125.79600      8.94900
    -125.87200      9.59410
    -125.95400     10.24000
    -126.04100     10.88800
    -126.13500     11.53700
    -126.23500     12.18700
    -126.34100     12.84000
    -126.45400     13.49300
    -126.57400     14.14900
    -126.70000     14.80700
    -126.83300     15.46600
    -126.97400     16.12800
    -127.12200     16.79100
    -127.27700     17.45800
    -127.44100     18.12600
    -127.61300     18.79700
    -127.79400     19.47100
    -127.98400     20.14800
    -128.18300     20.82700
    -128.39100     21.51000
    -128.61000     22.19600
    -128.84000     22.88500
    -129.08000     23.57800
    -129.33200     24.27500
    -129.59700     24.97500
    -129.87400     25.67900
    -130.16400     26.38800
    -130.46900     27.10100
    -130.78900     27.81800
    -131.12500     28.54000
    -131.47800     29.26800
    -131.84800     30.00000
    -132.23800     30.73800
    -132.64900     31.48100
    -133.08100     32.23100
    -133.53700     32.98700
    -134.01800     33.74900
    -134.52600     34.51800
    -135.06400     35.29400
    -135.63400     36.07800
    -136.23800     36.87000
    -136.88100     37.67000
    -137.56600     38.47900
    -138.29700     39.29600
    -139.07900     40.12400
    -139.91800     40.96200
    -140.82000     41.81000
    -141.79500     42.67000
    -142.85200     43.54200
    -144.00300     44.42700
    -145.26400     45.32500
    -146.65200     46.23800
    -148.19400     47.16700
    -149.92200     48.11100
    -151.88300     49.07400
    -154.14500     50.05500
    -156.81500     51.05800
    -160.08300     52.08200
    -164.35800     53.13000
    -171.05400     54.20500
</sweep>
<sweep>
    -174.62800    -55.30800
    -165.65900    -54.20500
    -160.81200    -53.13000
    -157.23600    -52.08200
    -154.36400    -51.05800
    -151.95700    -50.05500
    -149.88600    -49.07400
    -148.07100    -48.11100
    -146.45900    -47.16700
    -145.01300    -46.23800
    -143.70500    -45.32500
    -142.51300    -44.42700
    -141.42100    -43.54200
    -140.41600    -42.67000
    -139.48700    -41.81000
    -138.62600    -40.96200
    -137.82300    -40.12400
    -137.07500    -39.29600
    -136.37400    -38.47900
    -135.71700    -37.67000
    -135.09900    -36.87000
    -134.51800    -36.07800
    -133.97000    -35.29400
    -133.45200    -34.51800
    -132.96200    -33.74900
    -132.49800    -32.98700
    -132.05900    -32.23100
    -131.64200    -31.48100
    -131.24600    -30.73800
    -130.86900    -30.00000
    -130.51100    -29.26800
    -130.17000    -28.54000
    -129.84500    -27.81800
    -129.53500    -27.10100
    -129.24100    -26.38800
    -128.95900    -25.67900
    -128.69100    -24.97500
    -128.43500    -24.27500
    -128.19100    -23.57800
    -127.95800    -22.88500
    -127.73600    -22.19600
    -127.52400    -21.51000
    -127.32100    -20.82700
    -127.12800    -20.14800
    -126.94400    -19.47100
    -126.76900    -18.79700
    -126.60200    -18.12600
    -126.44300    -17.45800
    -126.29200    -16.79100
    -126.14900    -16.12800
    -126.01200    -15.46600
    -125.88300    -14.80700
    -125.76000    -14.14900
    -125.64400    -13.49300
    -125.53500    -12.84000
    -125.43200    -12.18700
    -125.33500    -11.53700
    -125.24400    -10.88800
    -125.15800    -10.24000
    -125.07900     -9.59410
    -125.00500     -8.94900
    -124.93700     -8.30510
    -124.87400     -7.66230
    -124.81600     -7.02040
    -124.76400     -6.37940
    -124.71700     -5.73920
    -124.67500     -5.09970
    -124.63800     -4.46080
    -124.60600     -3.82260
    -124.57900     -3.18470
    -124.55700     -2.54730
    -124.54000     -1.91020
    -124.52800     -1.27330
    -124.52100     -0.63663
    -124.51800      0.00000
    -124.52100      0.63663
    -124.52800      1.27330
    -124.54000      1.91020
    -124.55700      2.54730
    -124.57900      3.18470
    -124.60600      3.82260
    -124.63800      4.46080
    -124.67500      5.09970
    -124.71700      5.73920
    -124.76400      6.37940
    -124.81600      7.02040
    -124.87400      7.66230
    -124.93700      8.30510
    -125.00500      8.94900
    -125.07900      9.59410
    -125.15800     10.24000
    -125.24400     10.88800
    -125.33500     11.53700
    -125.43200     12.18700
    -125.53500     12.84000
    -125.64400     13.49300
    -125.76000     14.14900
    -125.88300     14.80700
    -126.01200     15.46600
    -126.14900     16.12800
    -126.29200     16.79100
    -126.44300     17.45800
    -126.60200     18.12600
    -126.76900     18.79700
    -126.94400     19.47100
    -127.12800     20.14800
    -127.32100     20.82700
    -127.52400     21.51000
    -127.73600     22.19600
    -127.95800     22.88500
    -128.19100     23.57800
    -128.43500     24.27500
    -128.69100     24.97500
    -128.95900     25.67900
    -129.24100     26.38800
    -129.53500     27.10100
    -129.84500     27.81800
    -130.17000     28.54000
    -130.51100     29.26800
    -130.86900     30.00000
    -131.24600     30.73800
    -131.64200     31.48100
    -132.05900     32.23100
    -132.49800     32.98700
    -132.96200     33.74900
    -133.45200     34.51800
    -133.97000     35.29400
    -134.51800     36.07800
    -135.09900     36.87000
    -135.71700     37.67000
    -136.37400     38.47900
    -137.07500     39.29600
    -137.82300     40.12400
    -138.62600     40.96200
    -139.48700     41.81000
    -140.41600     42.67000
    -141.42100     43.54200
    -142.51300     44.42700
    -143.70500     45.32500
    -145.01300     46.23800
    -146.45900     47.16700
    -148.07100     48.11100
    -149.88600     49.07400
    -151.95700     50.05500
    -154.36400     51.05800
    -157.23600     52.08200
    -160.81200     53.13000
    -165.65900     54.20500
    -174.62800     55.30800
</sweep>
<sweep>
    -167.44500    -55.30800
    -161.77600    -54.20500
    -157.80800    -53.13000
    -154.69200    -52.08200
    -152.11400    -51.05800
    -149.91600    -50.05500
    -148.00200    -49.07400
    -146.31100    -48.11100
    -144.80100    -47.16700
    -143.43900    -46.23800
    -142.20200    -45.32500
    -141.07200    -44.42700
    -140.03400    -43.54200
    -139.07600    -42.67000
    -138.19000    -41.81000
    -137.36600    -40.96200
    -136.59800    -40.12400
    -135.88000    -39.29600
    -135.20800    -38.47900
    -134.57700    -37.67000
    -133.98300    -36.87000
    -133.42400    -36.07800
    -132.89600    -35.29400
    -132.39700    -34.51800
    -131.92500    -33.74900
    -131.47700    -32.98700
    -131.05300    -32.23100
    -130.65000    -31.48100
    -130.26800    -30.73800
    -129.90400    -30.00000
    -129.55700    -29.26800
    -129.22800    -28.54000
    -128.91400    -27.81800
    -128.61400    -27.10100
    -128.32900    -26.38800
    -128.05700    -25.67900
    -127.79700    -24.97500
    -127.54900    -24.27500
    -127.31200    -23.57800
    -127.08700    -22.88500
    -126.87100    -22.19600
    -126.66600    -21.51000
    -126.47000    -20.82700
    -126.28300    -20.14800
    -126.10400    -19.47100
    -125.93400    -18.79700
    -125.77200    -18.12600
    -125.61800    -17.45800
    -125.47200    -16.79100
    -125.33200    -16.12800
    -125.20000    -15.46600
    -125.07400    -14.80700
    -124.95500    -14.14900
    -124.84300    -13.49300
    -124.73600    -12.84000
    -124.63600    -12.18700
    -124.54200    -11.53700
    -124.45400    -10.88800
    -124.37100    -10.24000
    -124.29400     -9.59410
    -124.22200     -8.94900
    -124.15600     -8.30510
    -124.09500     -7.66230
    -124.03900     -7.02040
    -123.98800     -6.37940
    -123.94200     -5.73920
    -123.90100     -5.09970
    -123.86500     -4.46080
    -123.83400     -3.82260
    -123.80800     -3.18470
    -123.78700     -2.54730
    -123.77000     -1.91020
    -123.75800     -1.27330
    -123.75100     -0.63663
    -123.74900      0.00000
    -123.75100      0.63663
    -123.75800      1.27330
    -123.77000      1.91020
    -123.78700      2.54730
    -123.80800      3.18470
    -123.83400      3.82260
    -123.86500      4.46080
    -123.90100      5.09970
    -123.94200      5.73920
    -123.98800      6.37940
    -124.03900      7.02040
    -124.09500      7.66230
    -124.15600      8.30510
    -124.22200      8.94900
    -124.29400      9.59410
    -124.37100     10.24000
    -124.45400     10.88800
    -124.54200     11.53700
    -124.63600     12.18700
    -124.73600     12.84000
    -124.84300     13.49300
    -124.95500     14.14900
    -125.07400     14.80700
    -125.20000     15.46600
    -125.33200     16.12800
    -125.47200     16.79100
    -125.61800     17.45800
    -125.77200     18.12600
    -125.93400     18.79700
    -126.10400     19.47100
    -126.28300     20.14800
    -126.47000     20.82700
    -126.66600     21.51000
    -126.87100     22.19600
    -127.08700     22.88500
    -127.31200     23.57800
    -127.54900     24.27500
    -127.79700     24.97500
    -128.05700     25.67900
    -128.32900     26.38800
    -128.61400     27.10100
    -128.91400     27.81800
    -129.22800     28.54000
    -129.55700     29.26800
    -129.90400     30.00000
    -130.26800     30.73800
    -130.65000     31.48100
    -131.05300     32.23100
    -131.47700     32.98700
    -131.92500     33.74900
    -132.39700     34.51800
    -132.89600     35.29400
    -133.42400     36.07800
    -133.98300     36.87000
    -134.57700     37.67000
    -135.20800     38.47900
    -135.88000     39.29600
    -136.59800     40.12400
    -137.36600     40.96200
    -138.19000     41.81000
    -139.07600     42.67000
    -140.03400     43.54200
    -141.07200     44.42700
    -142.20200     45.32500
    -143.43900     46.23800
    -144.80100     47.16700
    -146.31100     48.11100
    -148.00200     49.07400
    -149.91600     50.05500
    -152.11400     51.05800
    -154.69200     52.08200
    -157.80800     53.13000
    -161.77600     54.20500
    -167.44500     55.30800
</sweep>
<sweep>
    -170.04300    -56.44300
    -163.05100    -55.30800
    -158.56700    -54.20500
    -155.14900    -53.13000
    -152.36800    -52.08200
    -150.02100    -51.05800
    -147.99300    -50.05500
    -146.21200    -49.07400
    -144.62900    -48.11100
    -143.20700    -47.16700
    -141.92000    -46.23800
    -140.74800    -45.32500
    -139.67400    -44.42700
    -138.68500    -43.54200
    -137.77200    -42.67000
    -136.92400    -41.81000
    -136.13500    -40.96200
    -135.39900    -40.12400
    -134.71100    -39.29600
    -134.06500    -38.47900
    -133.45800    -37.67000
    -132.88700    -36.87000
    -132.34900    -36.07800
    -131.84000    -35.29400
    -131.35900    -34.51800
    -130.90400    -33.74900
    -130.47200    -32.98700
    -130.06300    -32.23100
    -129.67400    -31.48100
    -129.30400    -30.73800
    -128.95200    -30.00000
    -128.61700    -29.26800
    -128.29800    -28.54000
    -127.99400    -27.81800
    -127.70500    -27.10100
    -127.42800    -26.38800
    -127.16500    -25.67900
    -126.91300    -24.97500
    -126.67300    -24.27500
    -126.44400    -23.57800
    -126.22500    -22.88500
    -126.01700    -22.19600
    -125.81700    -21.51000
    -125.62700    -20.82700
    -125.44600    -20.14800
    -125.27300    -19.47100
    -125.10800    -18.79700
    -124.95100    -18.12600
    -124.80100    -17.45800
    -124.65900    -16.79100
    -124.52400    -16.12800
    -124.39500    -15.46600
    -124.27400    -14.80700
    -124.15800    -14.14900
    -124.04900    -13.49300
    -123.94600    -12.84000
    -123.84800    -12.18700
    -123.75700    -11.53700
    -123.67100    -10.88800
    -123.59100    -10.24000
    -123.51600     -9.59410
    -123.44600     -8.94900
    -123.38200     -8.30510
    -123.32200     -7.66230
    -123.26800     -7.02040
    -123.21900     -6.37940
    -123.17400     -5.73920
    -123.13500     -5.09970
    -123.10000     -4.46080
    -123.07000     -3.82260
    -123.04400     -3.18470
    -123.02300     -2.54730
    -123.00700     -1.91020
    -122.99600     -1.27330
    -122.98900     -0.63663
    -122.98700      0.00000
    -122.98900      0.63663
    -122.99600      1.27330
    -123.00700      1.91020
    -123.02300      2.54730
    -123.04400      3.18470
    -123.07000      3.82260
    -123.10000      4.46080
    -123.13500      5.09970
    -123.17400      5.73920
    -123.21900      6.37940
    -123.26800      7.02040
    -123.32200      7.66230
    -123.38200      8.30510
    -123.44600      8.94900
    -123.51600      9.59410
    -123.59100     10.24000
    -123.67100     10.88800
    -123.75700     11.53700
    -123.84800     12.18700
    -123.94600     12.84000
    -124.04900     13.49300
    -124.15800     14.14900
    -124.27400     14.80700
    -124.39500     15.46600
    -124.52400     16.12800
    -124.65900     16.79100
    -124.80100     17.45800
    -124.95100     18.12600
    -125.10800     18.79700
    -125.27300     19.47100
    -125.44600     20.14800
    -125.62700     20.82700
    -125.81700     21.51000
    -126.01700     22.19600
    -126.22500     22.88500
    -126.44400     23.57800
    -126.67300     24.27500
    -126.91300     24.97500
    -127.16500     25.67900
    -127.42800     26.38800
    -127.70500     27.10100
    -127.99400     27.81800
    -128.29800     28.54000
    -128.61700     29.26800
    -128.95200     30.00000
    -129.30400     30.73800
    -129.67400     31.48100
    -130.06300     32.23100
    -130.47200     32.98700
    -130.90400     33.74900
    -131.35900     34.51800
    -131.84000     35.29400
    -132.34900     36.07800
    -132.88700     36.87000
    -133.45800     37.67000
    -134.06500     38.47900
    -134.71100     39.29600
    -135.39900     40.12400
    -136.13500     40.96200
    -136.92400     41.81000
    -137.77200     42.67000
    -138.68500     43.54200
    -139.67400     44.42700
    -140.74800     45.32500
    -141.92000     46.23800
    -143.20700     47.16700
    -144.62900     48.11100
    -146.21200     49.07400
    -147.99300     50.05500
    -150.02100     51.05800
    -152.36800     52.08200
    -155.14900     53.13000
    -158.56700     54.20500
    -163.05100     55.30800
    -170.04300     56.44300
</sweep>
<sweep>
    -174.67700    -57.61200
    -164.76100    -56.44300
    -159.56100    -55.30800
    -155.76200    -54.20500
    -152.73400    -53.13000
    -150.21100    -52.08200
    -148.05200    -51.05800
    -146.16900    -50.05500
    -144.50300    -49.07400
    -143.01400    -48.11100
    -141.67100    -47.16700
    -140.45200    -46.23800
    -139.33800    -45.32500
    -138.31500    -44.42700
    -137.37200    -43.54200
    -136.49900    -42.67000
    -135.68800    -41.81000
    -134.93200    -40.96200
    -134.22600    -40.12400
    -133.56400    -39.29600
    -132.94400    -38.47900
    -132.36000    -37.67000
    -131.81000    -36.87000
    -131.29200    -36.07800
    -130.80100    -35.29400
    -130.33800    -34.51800
    -129.89800    -33.74900
    -129.48200    -32.98700
    -129.08600    -32.23100
    -128.71000    -31.48100
    -128.35300    -30.73800
    -128.01300    -30.00000
    -127.68900    -29.26800
    -127.38100    -28.54000
    -127.08700    -27.81800
    -126.80600    -27.10100
    -126.53900    -26.38800
    -126.28400    -25.67900
    -126.04000    -24.97500
    -125.80700    -24.27500
    -125.58500    -23.57800
    -125.37300    -22.88500
    -125.17100    -22.19600
    -124.97800    -21.51000
    -124.79400    -20.82700
    -124.61800    -20.14800
    -124.45000    -19.47100
    -124.29000    -18.79700
    -124.13800    -18.12600
    -123.99300    -17.45800
    -123.85500    -16.79100
    -123.72300    -16.12800
    -123.59900    -15.46600
    -123.48000    -14.80700
    -123.36800    -14.14900
    -123.26200    -13.49300
    -123.16200    -12.84000
    -123.06800    -12.18700
    -122.97900    -11.53700
    -122.89600    -10.88800
    -122.81800    -10.24000
    -122.74500     -9.59410
    -122.67700     -8.94900
    -122.61500     -8.30510
    -122.55700     -7.66230
    -122.50400     -7.02040
    -122.45600     -6.37940
    -122.41300     -5.73920
    -122.37500     -5.09970
    -122.34100     -4.46080
    -122.31200     -3.82260
    -122.28700     -3.18470
    -122.26700     -2.54730
    -122.25100     -1.91020
    -122.24000     -1.27330
    -122.23300     -0.63663
    -122.23100      0.00000
    -122.23300      0.63663
    -122.24000      1.27330
    -122.25100      1.91020
    -122.26700      2.54730
    -122.28700      3.18470
    -122.31200      3.82260
    -122.34100      4.46080
    -122.37500      5.09970
    -122.41300      5.73920
    -122.45600      6.37940
    -122.50400      7.02040
    -122.55700      7.66230
    -122.61500      8.30510
    -122.67700      8.94900
    -122.74500      9.59410
    -122.81800     10.24000
    -122.89600     10.88800
    -122.97900     11.53700
    -123.06800     12.18700
    -123.16200     12.84000
    -123.26200     13.49300
    -123.36800     14.14900
    -123.48000     14.80700
    -123.59900     15.46600
    -123.72300     16.12800
    -123.85500     16.79100
    -123.99300     17.45800
    -124.13800     18.12600
    -124.29000     18.79700
    -124.45000     19.47100
    -124.61800     20.14800
    -124.79400     20.82700
    -124.97800     21.51000
    -125.17100     22.19600
    -125.37300     22.88500
    -125.58500     23.57800
    -125.80700     24.27500
    -126.04000     24.97500
    -126.28400     25.67900
    -126.53900     26.38800
    -126.80600     27.10100
    -127.08700     27.81800
    -127.38100     28.54000
    -127.68900     29.26800
    -128.01300     30.00000
    -128.35300     30.73800
    -128.71000     31.48100
    -129.08600     32.23100
    -129.48200     32.98700
    -129.89800     33.74900
    -130.33800     34.51800
    -130.80100     35.29400
    -131.29200     36.07800
    -131.81000     36.87000
    -132.36000     37.67000
    -132.94400     38.47900
    -133.56400     39.29600
    -134.22600     40.12400
    -134.93200     40.96200
    -135.68800     41.81000
    -136.49900     42.67000
    -137.37200     43.54200
    -138.31500     44.42700
    -139.33800     45.32500
    -140.45200     46.23800
    -141.67100     47.16700
    -143.01400     48.11100
    -144.50300     49.07400
    -146.16900     50.05500
    -148.05200     51.05800
    -150.21100     52.08200
    -152.73400     53.13000
    -155.76200     54.20500
    -159.56100     55.30800
    -164.76100     56.44300
    -174.67700     57.61200
</sweep>
<sweep>
    -167.14700    -57.61200
    -160.86300    -56.44300
    -156.56600    -55.30800
    -153.23400    -54.20500
    -150.50200    -53.13000
    -148.18800    -52.08200
    -146.18600    -51.05800
    -144.42700    -50.05500
    -142.86200    -49.07400
    -141.45700    -48.11100
    -140.18600    -47.16700
    -139.02800    -46.23800
    -137.96700    -45.32500
    -136.99200    -44.42700
    -136.09100    -43.54200
    -135.25500    -42.67000
    -134.47800    -41.81000
    -133.75300    -40.96200
    -133.07500    -40.12400
    -132.43900    -39.29600
    -131.84300    -38.47900
    -131.28100    -37.67000
    -130.75100    -36.87000
    -130.25100    -36.07800
    -129.77900    -35.29400
    -129.33100    -34.51800
    -128.90700    -33.74900
    -128.50500    -32.98700
    -128.12300    -32.23100
    -127.76000    -31.48100
    -127.41500    -30.73800
    -127.08600    -30.00000
    -126.77300    -29.26800
    -126.47400    -28.54000
    -126.19000    -27.81800
    -125.91800    -27.10100
    -125.65900    -26.38800
    -125.41200    -25.67900
    -125.17600    -24.97500
    -124.95100    -24.27500
    -124.73600    -23.57800
    -124.53000    -22.88500
    -124.33400    -22.19600
    -124.14700    -21.51000
    -123.96800    -20.82700
    -123.79800    -20.14800
    -123.63500    -19.47100
    -123.48000    -18.79700
    -123.33200    -18.12600
    -123.19100    -17.45800
    -123.05700    -16.79100
    -122.93000    -16.12800
    -122.80900    -15.46600
    -122.69400    -14.80700
    -122.58600    -14.14900
    -122.48300    -13.49300
    -122.38600    -12.84000
    -122.29400    -12.18700
    -122.20800    -11.53700
    -122.12700    -10.88800
    -122.05100    -10.24000
    -121.98000     -9.59410
    -121.91500     -8.94900
    -121.85400     -8.30510
    -121.79800     -7.66230
    -121.74700     -7.02040
    -121.70000     -6.37940
    -121.65800     -5.73920
    -121.62100     -5.09970
    -121.58800     -4.46080
    -121.56000     -3.82260
    -121.53600     -3.18470
    -121.51600     -2.54730
    -121.50100     -1.91020
    -121.49000     -1.27330
    -121.48400     -0.63663
    -121.48100      0.00000
    -121.48400      0.63663
    -121.49000      1.27330
    -121.50100      1.91020
    -121.51600      2.54730
    -121.53600      3.18470
    -121.56000      3.82260
    -121.58800      4.46080
    -121.62100      5.09970
    -121.65800      5.73920
    -121.70000      6.37940
    -121.74700      7.02040
    -121.79800      7.66230
    -121.85400      8.30510
    -121.91500      8.94900
    -121.98000      9.59410
    -122.05100     10.24000
    -122.12700     10.88800
    -122.20800     11.53700
    -122.29400     12.18700
    -122.38600     12.84000
    -122.48300     13.49300
    -122.58600     14.14900
    -122.69400     14.80700
    -122.80900     15.46600
    -122.93000     16.12800
    -123.05700     16.79100
    -123.19100     17.45800
    -123.33200     18.12600
    -123.48000     18.79700
    -123.63500     19.47100
    -123.79800     20.14800
    -123.96800     20.82700
    -124.14700     21.51000
    -124.33400     22.19600
    -124.53000     22.88500
    -124.73600     23.57800
    -124.95100     24.27500
    -125.17600     24.97500
    -125.41200     25.67900
    -125.65900     26.38800
    -125.91800     27.10100
    -126.19000     27.81800
    -126.47400     28.54000
    -126.77300     29.26800
    -127.08600     30.00000
    -127.41500     30.73800
    -127.76000     31.48100
    -128.12300     32.23100
    -128.50500     32.98700
    -128.90700     33.74900
    -129.33100     34.51800
    -129.77900     35.29400
    -130.25100     36.07800
    -130.75100     36.87000
    -131.28100     37.67000
    -131.84300     38.47900
    -132.43900     39.29600
    -133.07500     40.12400
    -133.75300     40.96200
    -134.47800     41.81000
    -135.25500     42.67000
    -136.09100     43.54200
    -136.99200     44.42700
    -137.96700     45.32500
    -139.02800     46.23800
    -140.18600     47.16700
    -141.45700     48.11100
    -142.86200     49.07400
    -144.42700     50.05500
    -146.18600     51.05800
    -148.18800     52.08200
    -150.50200     53.13000
    -153.23400     54.20500
    -156.56600     55.30800
    -160.86300     56.44300
    -167.14700     57.61200
</sweep>
<sweep>
    -170.84100    -58.82100
    -162.59200    -57.61200
    -157.61300    -56.44300
    -153.89600    -55.30800
    -150.91000    -54.20500
    -148.41400    -53.13000
    -146.27400    -52.08200
    -144.40700    -51.05800
    -142.75600    -50.05500
    -141.28100    -49.07400
    -139.95100    -48.11100
    -138.74500    -47.16700
    -137.64300    -46.23800
    -136.63200    -45.32500
    -135.70000    -44.42700
    -134.83800    -43.54200
    -134.03800    -42.67000
    -133.29300    -41.81000
    -132.59700    -40.96200
    -131.94600    -40.12400
    -131.33400    -39.29600
    -130.76000    -38.47900
    -130.21900    -37.67000
    -129.70900    -36.87000
    -129.22700    -36.07800
    -128.77100    -35.29400
    -128.34000    -34.51800
    -127.93000    -33.74900
    -127.54200    -32.98700
    -127.17300    -32.23100
    -126.82200    -31.48100
    -126.48800    -30.73800
    -126.17000    -30.00000
    -125.86700    -29.26800
    -125.57800    -28.54000
    -125.30300    -27.81800
    -125.04000    -27.10100
    -124.78900    -26.38800
    -124.55000    -25.67900
    -124.32100    -24.97500
    -124.10300    -24.27500
    -123.89500    -23.57800
    -123.69600    -22.88500
    -123.50600    -22.19600
    -123.32400    -21.51000
    -123.15100    -20.82700
    -122.98500    -20.14800
    -122.82800    -19.47100
    -122.67700    -18.79700
    -122.53400    -18.12600
    -122.39800    -17.45800
    -122.26800    -16.79100
    -122.14400    -16.12800
    -122.02700    -15.46600
    -121.91500    -14.80700
    -121.81000    -14.14900
    -121.71000    -13.49300
    -121.61600    -12.84000
    -121.52700    -12.18700
    -121.44300    -11.53700
    -121.36400    -10.88800
    -121.29100    -10.24000
    -121.22200     -9.59410
    -121.15900     -8.94900
    -121.10000     -8.30510
    -121.04500     -7.66230
    -120.99600     -7.02040
    -120.95000     -6.37940
    -120.91000     -5.73920
    -120.87300     -5.09970
    -120.84100     -4.46080
    -120.81400     -3.82260
    -120.79100     -3.18470
    -120.77200     -2.54730
    -120.75700     -1.91020
    -120.74600     -1.27330
    -120.74000     -0.63663
    -120.73800      0.00000
    -120.74000      0.63663
    -120.74600      1.27330
    -120.75700      1.91020
    -120.77200      2.54730
    -120.79100      3.18470
    -120.81400      3.82260
    -120.84100      4.46080
    -120.87300      5.09970
    -120.91000      5.73920
    -120.95000      6.37940
    -120.99600      7.02040
    -121.04500      7.66230
    -121.10000      8.30510
    -121.15900      8.94900
    -121.22200      9.59410
    -121.29100     10.24000
    -121.36400     10.88800
    -121.44300     11.53700
    -121.52700     12.18700
    -121.61600     12.84000
    -121.71000     13.49300
    -121.81000     14.14900
    -121.91500     14.80700
    -122.02700     15.46600
    -122.14400     16.12800
    -122.26800     16.79100
    -122.39800     17.45800
    -122.53400     18.12600
    -122.67700     18.79700
    -122.82800     19.47100
    -122.98500     20.14800
    -123.15100     20.82700
    -123.32400     21.51000
    -123.50600     22.19600
    -123.69600     22.88500
    -123.89500     23.57800
    -124.10300     24.27500
    -124.32100     24.97500
    -124.55000     25.67900
    -124.78900     26.38800
    -125.04000     27.10100
    -125.30300     27.81800
    -125.57800     28.54000
    -125.86700     29.26800
    -126.17000     30.00000
    -126.48800     30.73800
    -126.82200     31.48100
    -127.17300     32.23100
    -127.54200     32.98700
    -127.93000     33.74900
    -128.34000     34.51800
    -128.77100     35.29400
    -129.22700     36.07800
    -129.70900     36.87000
    -130.21900     37.67000
    -130.76000     38.47900
    -131.33400     39.29600
    -131.94600     40.12400
    -132.59700     40.96200
    -133.29300     41.81000
    -134.03800     42.67000
    -134.83800     43.54200
    -135.70000     44.42700
    -136.63200     45.32500
    -137.64300     46.23800
    -138.74500     47.16700
    -139.95100     48.11100
    -141.28100     49.07400
    -142.75600     50.05500
    -144.40700     51.05800
    -146.27400     52.08200
    -148.41400     53.13000
    -150.91000     54.20500
    -153.89600     55.30800
    -157.61300     56.44300
    -162.59200     57.61200
    -170.84100     58.82100
</sweep>
<sweep>
    -164.97000    -58.82100
    -158.98000    -57.61200
    -154.76100    -56.44300
    -151.45900    -55.30800
    -148.74400    -54.20500
    -146.44300    -53.13000
    -144.45100    -52.08200
    -142.70200    -51.05800
    -141.14700    -50.05500
    -139.75200    -49.07400
    -138.49100    -48.11100
    -137.34400    -47.16700
    -136.29400    -46.23800
    -135.32900    -45.32500
    -134.43800    -44.42700
    -133.61300    -43.54200
    -132.84600    -42.67000
    -132.13000    -41.81000
    -131.46200    -40.96200
    -130.83600    -40.12400
    -130.24800    -39.29600
    -129.69500    -38.47900
    -129.17400    -37.67000
    -128.68200    -36.87000
    -128.21700    -36.07800
    -127.77800    -35.29400
    -127.36100    -34.51800
    -126.96600    -33.74900
    -126.59100    -32.98700
    -126.23400    -32.23100
    -125.89500    -31.48100
    -125.57200    -30.73800
    -125.26400    -30.00000
    -124.97100    -29.26800
    -124.69200    -28.54000
    -124.42500    -27.81800
    -124.17100    -27.10100
    -123.92800    -26.38800
    -123.69700    -25.67900
    -123.47500    -24.97500
    -123.26400    -24.27500
    -123.06200    -23.57800
    -122.86900    -22.88500
    -122.68500    -22.19600
    -122.50900    -21.51000
    -122.34100    -20.82700
    -122.18100    -20.14800
    -122.02800    -19.47100
    -121.88200    -18.79700
    -121.74300    -18.12600
    -121.61100    -17.45800
    -121.48500    -16.79100
    -121.36500    -16.12800
    -121.25100    -15.46600
    -121.14300    -14.80700
    -121.04000    -14.14900
    -120.94400    -13.49300
    -120.85200    -12.84000
    -120.76600    -12.18700
    -120.68500    -11.53700
    -120.60800    -10.88800
    -120.53700    -10.24000
    -120.47000     -9.59410
    -120.40800     -8.94900
    -120.35100     -8.30510
    -120.29800     -7.66230
    -120.25000     -7.02040
    -120.20600     -6.37940
    -120.16700     -5.73920
    -120.13200     -5.09970
    -120.10100     -4.46080
    -120.07400     -3.82260
    -120.05100     -3.18470
    -120.03300     -2.54730
    -120.01800     -1.91020
    -120.00800     -1.27330
    -120.00200     -0.63663
    -120.00000      0.00000
    -120.00200      0.63663
    -120.00800      1.27330
    -120.01800      1.91020
    -120.03300      2.54730
    -120.05100      3.18470
    -120.07400      3.82260
    -120.10100      4.46080
    -120.13200      5.09970
    -120.16700      5.73920
    -120.20600      6.37940
    -120.25000      7.02040
    -120.29800      7.66230
    -120.35100      8.30510
    -120.40800      8.94900
    -120.47000      9.59410
    -120.53700     10.24000
    -120.60800     10.88800
    -120.68500     11.53700
    -120.76600     12.18700
    -120.85200     12.84000
    -120.94400     13.49300
    -121.04000     14.14900
    -121.14300     14.80700
    -121.25100     15.46600
    -121.36500     16.12800
    -121.48500     16.79100
    -121.61100     17.45800
    -121.74300     18.12600
    -121.88200     18.79700
    -122.02800     19.47100
    -122.18100     20.14800
    -122.34100     20.82700
    -122.50900     21.51000
    -122.68500     22.19600
    -122.86900     22.88500
    -123.06200     23.57800
    -123.26400     24.27500
    -123.47500     24.97500
    -123.69700     25.67900
    -123.92800     26.38800
    -124.17100     27.10100
    -124.42500     27.81800
    -124.69200     28.54000
    -124.97100     29.26800
    -125.26400     30.00000
    -125.57200     30.73800
    -125.89500     31.48100
    -126.23400     32.23100
    -126.59100     32.98700
    -126.96600     33.74900
    -127.36100     34.51800
    -127.77800     35.29400
    -128.21700     36.07800
    -128.68200     36.87000
    -129.17400     37.67000
    -129.69500     38.47900
    -130.24800     39.29600
    -130.83600     40.12400
    -131.46200     40.96200
    -132.13000     41.81000
    -132.84600     42.67000
    -133.61300     43.54200
    -134.43800     44.42700
    -135.32900     45.32500
    -136.29400     46.23800
    -137.34400     47.16700
    -138.49100     48.11100
    -139.75200     49.07400
    -141.14700     50.05500
    -142.70200     51.05800
    -144.45100     52.08200
    -146.44300     53.13000
    -148.74400     54.20500
    -151.45900     55.30800
    -154.76100     56.44300
    -158.98000     57.61200
    -164.97000     58.82100
</sweep>
<sweep>
    -168.51000    -60.07400
    -160.79200    -58.82100
    -155.88300    -57.61200
    -152.18200    -56.44300
    -149.20000    -55.30800
    -146.70600    -54.20500
    -144.56900    -53.13000
    -142.70600    -52.08200
    -141.06100    -51.05800
    -139.59300    -50.05500
    -138.27100    -49.07400
    -137.07200    -48.11100
    -135.98000    -47.16700
    -134.97800    -46.23800
    -134.05500    -45.32500
    -133.20300    -44.42700
    -132.41200    -43.54200
    -131.67600    -42.67000
    -130.98900    -41.81000
    -130.34700    -40.96200
    -129.74400    -40.12400
    -129.17800    -39.29600
    -128.64600    -38.47900
    -128.14400    -37.67000
    -127.67000    -36.87000
    -127.22200    -36.07800
    -126.79700    -35.29400
    -126.39500    -34.51800
    -126.01300    -33.74900
    -125.65100    -32.98700
    -125.30600    -32.23100
    -124.97800    -31.48100
    -124.66600    -30.73800
    -124.36900    -30.00000
    -124.08600    -29.26800
    -123.81500    -28.54000
    -123.55700    -27.81800
    -123.31100    -27.10100
    -123.07600    -26.38800
    -122.85200    -25.67900
    -122.63700    -24.97500
    -122.43300    -24.27500
    -122.23700    -23.57800
    -122.05000    -22.88500
    -121.87200    -22.19600
    -121.70100    -21.51000
    -121.53800    -20.82700
    -121.38300    -20.14800
    -121.23500    -19.47100
    -121.09300    -18.79700
    -120.95900    -18.12600
    -120.83000    -17.45800
    -120.70800    -16.79100
    -120.59200    -16.12800
    -120.48100    -15.46600
    -120.37700    -14.80700
    -120.27700    -14.14900
    -120.18300    -13.49300
    -120.09400    -12.84000
    -120.01100    -12.18700
    -119.93200    -11.53700
    -119.85800    -10.88800
    -119.78900    -10.24000
    -119.72400     -9.59410
    -119.66400     -8.94900
    -119.60800     -8.30510
    -119.55700     -7.66230
    -119.51000     -7.02040
    -119.46800     -6.37940
    -119.42900     -5.73920
    -119.39500     -5.09970
    -119.36500     -4.46080
    -119.33900     -3.82260
    -119.31700     -3.18470
    -119.29900     -2.54730
    -119.28500     -1.91020
    -119.27600     -1.27330
    -119.27000     -0.63663
    -119.26800      0.00000
    -119.27000      0.63663
    -119.27600      1.27330
    -119.28500      1.91020
    -119.29900      2.54730
    -119.31700      3.18470
    -119.33900      3.82260
    -119.36500      4.46080
    -119.39500      5.09970
    -119.42900      5.73920
    -119.46800      6.37940
    -119.51000      7.02040
    -119.55700      7.66230
    -119.60800      8.30510
    -119.66400      8.94900
    -119.72400      9.59410
    -119.78900     10.24000
    -119.85800     10.88800
    -119.93200     11.53700
    -120.01100     12.18700
    -120.09400     12.84000
    -120.18300     13.49300
    -120.27700     14.14900
    -120.37700     14.80700
    -120.48100     15.46600
    -120.59200     16.12800
    -120.70800     16.79100
    -120.83000     17.45800
    -120.95900     18.12600
    -121.09300     18.79700
    -121.23500     19.47100
    -121.38300     20.14800
    -121.53800     20.82700
    -121.70100     21.51000
    -121.87200     22.19600
    -122.05000     22.88500
    -122.23700     23.57800
    -122.43300     24.27500
    -122.63700     24.97500
    -122.85200     25.67900
    -123.07600     26.38800
    -123.31100     27.10100
    -123.55700     27.81800
    -123.81500     28.54000
    -124.08600     29.26800
    -124.36900     30.00000
    -124.66600     30.73800
    -124.97800     31.48100
    -125.30600     32.23100
    -125.65100     32.98700
    -126.01300     33.74900
    -126.39500     34.51800
    -126.79700     35.29400
    -127.22200     36.07800
    -127.67000     36.87000
    -128.14400     37.67000
    -128.64600     38.47900
    -129.17800     39.29600
    -129.74400     40.12400
    -130.34700     40.96200
    -130.98900     41.81000
    -131.67600     42.67000
    -132.41200     43.54200
    -133.20300     44.42700
    -134.05500     45.32500
    -134.97800     46.23800
    -135.98000     47.16700
    -137.07200     48.11100
    -138.27100     49.07400
    -139.59300     50.05500
    -141.06100     51.05800
    -142.70600     52.08200
    -144.56900     53.13000
    -146.70600     54.20500
    -149.20000     55.30800
    -152.18200     56.44300
    -155.88300     57.61200
    -160.79200     58.82100
    -168.51000     60.07400
</sweep>
<sweep>
    -175.79400    -61.37500
    -163.27300    -60.07400
    -157.34900    -58.82100
    -153.12200    -57.61200
    -149.80700    -56.44300
    -147.08000    -55.30800
    -144.77200    -54.20500
    -142.77800    -53.13000
    -141.02900    -52.08200
    -139.47700    -51.05800
    -138.08600    -50.05500
    -136.83100    -49.07400
    -135.69000    -48.11100
    -134.64800    -47.16700
    -133.69100    -46.23800
    -132.80800    -45.32500
    -131.99200    -44.42700
    -131.23300    -43.54200
    -130.52700    -42.67000
    -129.86700    -41.81000
    -129.24900    -40.96200
    -128.67000    -40.12400
    -128.12500    -39.29600
    -127.61200    -38.47900
    -127.12800    -37.67000
    -126.67100    -36.87000
    -126.23900    -36.07800
    -125.82900    -35.29400
    -125.44100    -34.51800
    -125.07200    -33.74900
    -124.72200    -32.98700
    -124.38900    -32.23100
    -124.07200    -31.48100
    -123.77100    -30.73800
    -123.48300    -30.00000
    -123.20900    -29.26800
    -122.94700    -28.54000
    -122.69800    -27.81800
    -122.46000    -27.10100
    -122.23200    -26.38800
    -122.01500    -25.67900
    -121.80700    -24.97500
    -121.60900    -24.27500
    -121.41900    -23.57800
    -121.23800    -22.88500
    -121.06500    -22.19600
    -120.90000    -21.51000
    -120.74300    -20.82700
    -120.59200    -20.14800
    -120.44800    -19.47100
    -120.31100    -18.79700
    -120.18100    -18.12600
    -120.05600    -17.45800
    -119.93800    -16.79100
    -119.82500    -16.12800
    -119.71800    -15.46600
    -119.61600    -14.80700
    -119.52000    -14.14900
    -119.42900    -13.49300
    -119.34300    -12.84000
    -119.26100    -12.18700
    -119.18500    -11.53700
    -119.11300    -10.88800
    -119.04600    -10.24000
    -118.98300     -9.59410
    -118.92500     -8.94900
    -118.87100     -8.30510
    -118.82100     -7.66230
    -118.77600     -7.02040
    -118.73500     -6.37940
    -118.69700     -5.73920
    -118.66400     -5.09970
    -118.63500     -4.46080
    -118.61000     -3.82260
    -118.58900     -3.18470
    -118.57100     -2.54730
    -118.55800     -1.91020
    -118.54800     -1.27330
    -118.54200     -0.63663
    -118.54000      0.00000
    -118.54200      0.63663
    -118.54800      1.27330
    -118.55800      1.91020
    -118.57100      2.54730
    -118.58900      3.18470
    -118.61000      3.82260
    -118.63500      4.46080
    -118.66400      5.09970
    -118.69700      5.73920
    -118.73500      6.37940
    -118.77600      7.02040
    -118.82100      7.66230
    -118.87100      8.30510
    -118.92500      8.94900
    -118.98300      9.59410
    -119.04600     10.24000
    -119.11300     10.88800
    -119.18500     11.53700
    -119.26100     12.18700
    -119.34300     12.84000
    -119.42900     13.49300
    -119.52000     14.14900
    -119.61600     14.80700
    -119.71800     15.46600
    -119.82500     16.12800
    -119.93800     16.79100
    -120.05600     17.45800
    -120.18100     18.12600
    -120.31100     18.79700
    -120.44800     19.47100
    -120.59200     20.14800
    -120.74300     20.82700
    -120.90000     21.51000
    -121.06500     22.19600
    -121.23800     22.88500
    -121.41900     23.57800
    -121.60900     24.27500
    -121.80700     24.97500
    -122.01500     25.67900
    -122.23200     26.38800
    -122.46000     27.10100
    -122.69800     27.81800
    -122.94700     28.54000
    -123.20900     29.26800
    -123.48300     30.00000
    -123.77100     30.73800
    -124.07200     31.48100
    -124.38900     32.23100
    -124.72200     32.98700
    -125.07200     33.74900
    -125.44100     34.51800
    -125.82900     35.29400
    -126.23900     36.07800
    -126.67100     36.87000
    -127.12800     37.67000
    -127.61200     38.47900
    -128.12500     39.29600
    -128.67000     40.12400
    -129.24900     40.96200
    -129.86700     41.81000
    -130.52700     42.67000
    -131.23300     43.54200
    -131.99200     44.42700
    -132.80800     45.32500
    -133.69100     46.23800
    -134.64800     47.16700
    -135.69000     48.11100
    -136.83100     49.07400
    -138.08600     50.05500
    -139.47700     51.05800
    -141.02900     52.08200
    -142.77800     53.13000
    -144.77200     54.20500
    -147.08000     55.30800
    -149.80700     56.44300
    -153.12200     57.61200
    -157.34900     58.82100
    -163.27300     60.07400
    -175.79400     61.37500
</sweep>
<sweep>
    -166.93500    -61.37500
    -159.29500    -60.07400
    -154.34300    -58.82100
    -150.60200    -57.61200
    -147.59000    -56.44300
    -145.07600    -55.30800
    -142.92700    -54.20500
    -141.05800    -53.13000
    -139.41000    -52.08200
    -137.94200    -51.05800
    -136.62200    -50.05500
    -135.42900    -49.07400
    -134.34100    -48.11100
    -133.34600    -47.16700
    -132.43100    -46.23800
    -131.58600    -45.32500
    -130.80300    -44.42700
    -130.07500    -43.54200
    -129.39700    -42.67000
    -128.76300    -41.81000
    -128.16900    -40.96200
    -127.61100    -40.12400
    -127.08700    -39.29600
    -126.59200    -38.47900
    -126.12600    -37.67000
    -125.68500    -36.87000
    -125.26800    -36.07800
    -124.87300    -35.29400
    -124.49800    -34.51800
    -124.14200    -33.74900
    -123.80400    -32.98700
    -123.48200    -32.23100
    -123.17600    -31.48100
    -122.88400    -30.73800
    -122.60600    -30.00000
    -122.34100    -29.26800
    -122.08800    -28.54000
    -121.84600    -27.81800
    -121.61600    -27.10100
    -121.39600    -26.38800
    -121.18500    -25.67900
    -120.98400    -24.97500
    -120.79200    -24.27500
    -120.60900    -23.57800
    -120.43400    -22.88500
    -120.26600    -22.19600
    -120.10600    -21.51000
    -119.95300    -20.82700
    -119.80700    -20.14800
    -119.66800    -19.47100
    -119.53500    -18.79700
    -119.40900    -18.12600
    -119.28800    -17.45800
    -119.17300    -16.79100
    -119.06400    -16.12800
    -118.96000    -15.46600
    -118.86200    -14.80700
    -118.76800    -14.14900
    -118.68000    -13.49300
    -118.59600    -12.84000
    -118.51700    -12.18700
    -118.44300    -11.53700
    -118.37400    -10.88800
    -118.30900    -10.24000
    -118.24800     -9.59410
    -118.19100     -8.94900
    -118.13900     -8.30510
    -118.09100     -7.66230
    -118.04700     -7.02040
    -118.00700     -6.37940
    -117.97100     -5.73920
    -117.93800     -5.09970
    -117.91000     -4.46080
    -117.88600     -3.82260
    -117.86500     -3.18470
    -117.84800     -2.54730
    -117.83500     -1.91020
    -117.82600     -1.27330
    -117.82000     -0.63663
    -117.81800      0.00000
    -117.82000      0.63663
    -117.82600      1.27330
    -117.83500      1.91020
    -117.84800      2.54730
    -117.86500      3.18470
    -117.88600      3.82260
    -117.91000      4.46080
    -117.93800      5.09970
    -117.97100      5.73920
    -118.00700      6.37940
    -118.04700      7.02040
    -118.09100      7.66230
    -118.13900      8.30510
    -118.19100      8.94900
    -118.24800      9.59410
    -118.30900     10.24000
    -118.37400     10.88800
    -118.44300     11.53700
    -118.51700     12.18700
    -118.59600     12.84000
    -118.68000     13.49300
    -118.76800     14.14900
    -118.86200     14.80700
    -118.96000     15.46600
    -119.06400     16.12800
    -119.17300     16.79100
    -119.28800     17.45800
    -119.40900     18.12600
    -119.53500     18.79700
    -119.66800     19.47100
    -119.80700     20.14800
    -119.95300     20.82700
    -120.10600     21.51000
    -120.26600     22.19600
    -120.43400     22.88500
    -120.60900     23.57800
    -120.79200     24.27500
    -120.98400     24.97500
    -121.18500     25.67900
    -121.39600     26.38800
    -121.61600     27.10100
    -121.84600     27.81800
    -122.08800     28.54000
    -122.34100     29.26800
    -122.60600     30.00000
    -122.88400     30.73800
    -123.17600     31.48100
    -123.48200     32.23100
    -123.80400     32.98700
    -124.14200     33.74900
    -124.49800     34.51800
    -124.87300     35.29400
    -125.26800     36.07800
    -125.68500     36.87000
    -126.12600     37.67000
    -126.59200     38.47900
    -127.08700     39.29600
    -127.61100     40.12400
    -128.16900     40.96200
    -128.76300     41.81000
    -129.39700     42.67000
    -130.07500     43.54200
    -130.80300     44.42700
    -131.58600     45.32500
    -132.43100     46.23800
    -133.34600     47.16700
    -134.34100     48.11100
    -135.42900     49.07400
    -136.62200     50.05500
    -137.94200     51.05800
    -139.41000     52.08200
    -141.05800     53.13000
    -142.92700     54.20500
    -145.07600     55.30800
    -147.59000     56.44300
    -150.60200     57.61200
    -154.34300     58.82100
    -159.29500     60.07400
    -166.93500     61.37500
</sweep>
<sweep>
    -173.93100    -62.73400
    -161.97500    -61.37500
    -155.94300    -60.07400
    -151.63500    -58.82100
    -148.26400    -57.61200
    -145.50000    -56.44300
    -143.16700    -55.30800
    -141.15700    -54.20500
    -139.39900    -53.13000
    -137.84200    -52.08200
    -136.45100    -51.05800
    -135.19700    -50.05500
    -134.06000    -49.07400
    -133.02300    -48.11100
    -132.07200    -47.16700
    -131.19600    -46.23800
    -130.38700    -45.32500
    -129.63600    -44.42700
    -128.93700    -43.54200
    -128.28500    -42.67000
    -127.67600    -41.81000
    -127.10400    -40.96200
    -126.56700    -40.12400
    -126.06200    -39.29600
    -125.58600    -38.47900
    -125.13700    -37.67000
    -124.71100    -36.87000
    -124.30900    -36.07800
    -123.92800    -35.29400
    -123.56600    -34.51800
    -123.22200    -33.74900
    -122.89500    -32.98700
    -122.58400    -32.23100
    -122.28800    -31.48100
    -122.00600    -30.73800
    -121.73800    -30.00000
    -121.48100    -29.26800
    -121.23700    -28.54000
    -121.00300    -27.81800
    -120.78000    -27.10100
    -120.56700    -26.38800
    -120.36300    -25.67900
    -120.16900    -24.97500
    -119.98300    -24.27500
    -119.80500    -23.57800
    -119.63500    -22.88500
    -119.47300    -22.19600
    -119.31800    -21.51000
    -119.17000    -20.82700
    -119.02900    -20.14800
    -118.89400    -19.47100
    -118.76500    -18.79700
    -118.64300    -18.12600
    -118.52600    -17.45800
    -118.41400    -16.79100
    -118.30800    -16.12800
    -118.20800    -15.46600
    -118.11200    -14.80700
    -118.02200    -14.14900
    -117.93600    -13.49300
    -117.85500    -12.84000
    -117.77900    -12.18700
    -117.70700    -11.53700
    -117.63900    -10.88800
    -117.57600    -10.24000
    -117.51700     -9.59410
    -117.46300     -8.94900
    -117.41200     -8.30510
    -117.36500     -7.66230
    -117.32200     -7.02040
    -117.28400     -6.37940
    -117.24800     -5.73920
    -117.21700     -5.09970
    -117.19000     -4.46080
    -117.16600     -3.82260
    -117.14600     -3.18470
    -117.13000     -2.54730
    -117.11700     -1.91020
    -117.10800     -1.27330
    -117.10200     -0.63663
    -117.10100      0.00000
    -117.10200      0.63663
    -117.10800      1.27330
    -117.11700      1.91020
    -117.13000      2.54730
    -117.14600      3.18470
    -117.16600      3.82260
    -117.19000      4.46080
    -117.21700      5.09970
    -117.24800      5.73920
    -117.28400      6.37940
    -117.32200      7.02040
    -117.36500      7.66230
    -117.41200      8.30510
    -117.46300      8.94900
    -117.51700      9.59410
    -117.57600     10.24000
    -117.63900     10.88800
    -117.70700     11.53700
    -117.77900     12.18700
    -117.85500     12.84000
    -117.93600     13.49300
    -118.02200     14.14900
    -118.11200     14.80700
    -118.20800     15.46600
    -118.30800     16.12800
    -118.41400     16.79100
    -118.52600     17.45800
    -118.64300     18.12600
    -118.76500     18.79700
    -118.89400     19.47100
    -119.02900     20.14800
    -119.17000     20.82700
    -119.31800     21.51000
    -119.47300     22.19600
    -119.63500     22.88500
    -119.80500     23.57800
    -119.98300     24.27500
    -120.16900     24.97500
    -120.36300     25.67900
    -120.56700     26.38800
    -120.78000     27.10100
    -121.00300     27.81800
    -121.23700     28.54000
    -121.48100     29.26800
    -121.73800     30.00000
    -122.00600     30.73800
    -122.28800     31.48100
    -122.58400     32.23100
    -122.89500     32.98700
    -123.22200     33.74900
    -123.56600     34.51800
    -123.92800     35.29400
    -124.30900     36.07800
    -124.71100     36.87000
    -125.13700     37.67000
    -125.58600     38.47900
    -126.06200     39.29600
    -126.56700     40.12400
    -127.10400     40.96200
    -127.67600     41.81000
    -128.28500     42.67000
    -128.93700     43.54200
    -129.63600     44.42700
    -130.38700     45.32500
    -131.19600     46.23800
    -132.07200     47.16700
    -133.02300     48.11100
    -134.06000     49.07400
    -135.19700     50.05500
    -136.45100     51.05800
    -137.84200     52.08200
    -139.39900     53.13000
    -141.15700     54.20500
    -143.16700     55.30800
    -145.50000     56.44300
    -148.26400     57.61200
    -151.63500     58.82100
    -155.94300     60.07400
    -161.97500     61.37500
    -173.93100     62.73400
</sweep>
<sweep>
    -165.96400    -62.73400
    -158.08300    -61.37500
    -152.98300    -60.07400
    -149.14600    -58.82100
    -146.07200    -57.61200
    -143.51700    -56.44300
    -141.34000    -55.30800
    -139.45300    -54.20500
    -137.79500    -53.13000
    -136.32100    -52.08200
    -135.00000    -51.05800
    -133.80700    -50.05500
    -132.72300    -49.07400
    -131.73200    -48.11100
    -130.82300    -47.16700
    -129.98400    -46.23800
    -129.20800    -45.32500
    -128.48800    -44.42700
    -127.81700    -43.54200
    -127.19000    -42.67000
    -126.60400    -41.81000
    -126.05400    -40.96200
    -125.53800    -40.12400
    -125.05100    -39.29600
    -124.59200    -38.47900
    -124.15900    -37.67000
    -123.74900    -36.87000
    -123.36100    -36.07800
    -122.99300    -35.29400
    -122.64300    -34.51800
    -122.31200    -33.74900
    -121.99600    -32.98700
    -121.69600    -32.23100
    -121.41000    -31.48100
    -121.13700    -30.73800
    -120.87700    -30.00000
    -120.62900    -29.26800
    -120.39300    -28.54000
    -120.16700    -27.81800
    -119.95100    -27.10100
    -119.74500    -26.38800
    -119.54800    -25.67900
    -119.36000    -24.97500
    -119.18000    -24.27500
    -119.00800    -23.57800
    -118.84300    -22.88500
    -118.68600    -22.19600
    -118.53600    -21.51000
    -118.39300    -20.82700
    -118.25600    -20.14800
    -118.12600    -19.47100
    -118.00100    -18.79700
    -117.88200    -18.12600
    -117.76900    -17.45800
    -117.66100    -16.79100
    -117.55800    -16.12800
    -117.46100    -15.46600
    -117.36800    -14.80700
    -117.28100    -14.14900
    -117.19800    -13.49300
    -117.11900    -12.84000
    -117.04500    -12.18700
    -116.97500    -11.53700
    -116.91000    -10.88800
    -116.84900    -10.24000
    -116.79200     -9.59410
    -116.73900     -8.94900
    -116.68900     -8.30510
    -116.64400     -7.66230
    -116.60300     -7.02040
    -116.56500     -6.37940
    -116.53100     -5.73920
    -116.50100     -5.09970
    -116.47400     -4.46080
    -116.45100     -3.82260
    -116.43200     -3.18470
    -116.41600     -2.54730
    -116.40400     -1.91020
    -116.39500     -1.27330
    -116.39000     -0.63663
    -116.38800      0.00000
    -116.39000      0.63663
    -116.39500      1.27330
    -116.40400      1.91020
    -116.41600      2.54730
    -116.43200      3.18470
    -116.45100      3.82260
    -116.47400      4.46080
    -116.50100      5.09970
    -116.53100      5.73920
    -116.56500      6.37940
    -116.60300      7.02040
    -116.64400      7.66230
    -116.68900      8.30510
    -116.73900      8.94900
    -116.79200      9.59410
    -116.84900     10.24000
    -116.91000     10.88800
    -116.97500     11.53700
    -117.04500     12.18700
    -117.11900     12.84000
    -117.19800     13.49300
    -117.28100     14.14900
    -117.36800     14.80700
    -117.46100     15.46600
    -117.55800     16.12800
    -117.66100     16.79100
    -117.76900     17.45800
    -117.88200     18.12600
    -118.00100     18.79700
    -118.12600     19.47100
    -118.25600     20.14800
    -118.39300     20.82700
    -118.53600     21.51000
    -118.68600     22.19600
    -118.84300     22.88500
    -119.00800     23.57800
    -119.18000     24.27500
    -119.36000     24.97500
    -119.54800     25.67900
    -119.74500     26.38800
    -119.95100     27.10100
    -120.16700     27.81800
    -120.39300     28.54000
    -120.62900     29.26800
    -120.87700     30.00000
    -121.13700     30.73800
    -121.41000     31.48100
    -121.69600     32.23100
    -121.99600     32.98700
    -122.31200     33.74900
    -122.64300     34.51800
    -122.99300     35.29400
    -123.36100     36.07800
    -123.74900     36.87000
    -124.15900     37.67000
    -124.59200     38.47900
    -125.05100     39.29600
    -125.53800     40.12400
    -126.05400     40.96200
    -126.60400     41.81000
    -127.19000     42.67000
    -127.81700     43.54200
    -128.48800     44.42700
    -129.20800     45.32500
    -129.98400     46.23800
    -130.82300     47.16700
    -131.73200     48.11100
    -132.72300     49.07400
    -133.80700     50.05500
    -135.00000     51.05800
    -136.32100     52.08200
    -137.79500     53.13000
    -139.45300     54.20500
    -141.34000     55.30800
    -143.51700     56.44300
    -146.07200     57.61200
    -149.14600     58.82100
    -152.98300     60.07400
    -158.08300     61.37500
    -165.96400     62.73400
</sweep>
<sweep>
    -173.79100    -64.15800
    -161.06500    -62.73400
    -154.76100    -61.37500
    -150.29600    -60.07400
    -146.82700    -58.82100
    -143.99800    -57.61200
    -141.62200    -56.44300
    -139.58300    -55.30800
    -137.80600    -54.20500
    -136.23800    -53.13000
    -134.84100    -52.08200
    -133.58500    -51.05800
    -132.44800    -50.05500
    -131.41400    -49.07400
    -130.46700    -48.11100
    -129.59700    -47.16700
    -128.79300    -46.23800
    -128.04900    -45.32500
    -127.35800    -44.42700
    -126.71300    -43.54200
    -126.11100    -42.67000
    -125.54700    -41.81000
    -125.01800    -40.96200
    -124.52100    -40.12400
    -124.05200    -39.29600
    -123.61000    -38.47900
    -123.19200    -37.67000
    -122.79700    -36.87000
    -122.42300    -36.07800
    -122.06800    -35.29400
    -121.73000    -34.51800
    -121.41000    -33.74900
    -121.10500    -32.98700
    -120.81500    -32.23100
    -120.53900    -31.48100
    -120.27600    -30.73800
    -120.02400    -30.00000
    -119.78500    -29.26800
    -119.55600    -28.54000
    -119.33800    -27.81800
    -119.12900    -27.10100
    -118.93000    -26.38800
    -118.73900    -25.67900
    -118.55700    -24.97500
    -118.38300    -24.27500
    -118.21700    -23.57800
    -118.05800    -22.88500
    -117.90600    -22.19600
    -117.76000    -21.51000
    -117.62200    -20.82700
    -117.48900    -20.14800
    -117.36300    -19.47100
    -117.24200    -18.79700
    -117.12700    -18.12600
    -117.01700    -17.45800
    -116.91300    -16.79100
    -116.81300    -16.12800
    -116.71900    -15.46600
    -116.62900    -14.80700
    -116.54400    -14.14900
    -116.46400    -13.49300
    -116.38800    -12.84000
    -116.31600    -12.18700
    -116.24900    -11.53700
    -116.18500    -10.88800
    -116.12600    -10.24000
    -116.07100     -9.59410
    -116.01900     -8.94900
    -115.97200     -8.30510
    -115.92800     -7.66230
    -115.88800     -7.02040
    -115.85100     -6.37940
    -115.81800     -5.73920
    -115.78900     -5.09970
    -115.76300     -4.46080
    -115.74100     -3.82260
    -115.72200     -3.18470
    -115.70700     -2.54730
    -115.69500     -1.91020
    -115.68600     -1.27330
    -115.68100     -0.63663
    -115.67900      0.00000
    -115.68100      0.63663
    -115.68600      1.27330
    -115.69500      1.91020
    -115.70700      2.54730
    -115.72200      3.18470
    -115.74100      3.82260
    -115.76300      4.46080
    -115.78900      5.09970
    -115.81800      5.73920
    -115.85100      6.37940
    -115.88800      7.02040
    -115.92800      7.66230
    -115.97200      8.30510
    -116.01900      8.94900
    -116.07100      9.59410
    -116.12600     10.24000
    -116.18500     10.88800
    -116.24900     11.53700
    -116.31600     12.18700
    -116.38800     12.84000
    -116.46400     13.49300
    -116.54400     14.14900
    -116.62900     14.80700
    -116.71900     15.46600
    -116.81300     16.12800
    -116.91300     16.79100
    -117.01700     17.45800
    -117.12700     18.12600
    -117.24200     18.79700
    -117.36300     19.47100
    -117.48900     20.14800
    -117.62200     20.82700
    -117.76000     21.51000
    -117.90600     22.19600
    -118.05800     22.88500
    -118.21700     23.57800
    -118.38300     24.27500
    -118.55700     24.97500
    -118.73900     25.67900
    -118.93000     26.38800
    -119.12900     27.10100
    -119.33800     27.81800
    -119.55600     28.54000
    -119.78500     29.26800
    -120.02400     30.00000
    -120.27600     30.73800
    -120.53900     31.48100
    -120.81500     32.23100
    -121.10500     32.98700
    -121.41000     33.74900
    -121.73000     34.51800
    -122.06800     35.29400
    -122.42300     36.07800
    -122.79700     36.87000
    -123.19200     37.67000
    -123.61000     38.47900
    -124.05200     39.29600
    -124.52100     40.12400
    -125.01800     40.96200
    -125.54700     41.81000
    -126.11100     42.67000
    -126.71300     43.54200
    -127.35800     44.42700
    -128.04900     45.32500
    -128.79300     46.23800
    -129.59700     47.16700
    -130.46700     48.11100
    -131.41400     49.07400
    -132.44800     50.05500
    -133.58500     51.05800
    -134.84100     52.08200
    -136.23800     53.13000
    -137.80600     54.20500
    -139.58300     55.30800
    -141.62200     56.44300
    -143.99800     57.61200
    -146.82700     58.82100
    -150.29600     60.07400
    -154.76100     61.37500
    -161.06500     62.73400
    -173.79100     64.15800
</sweep>
<sweep>
    -165.61400    -64.15800
    -157.16600    -62.73400
    -151.80500    -61.37500
    -147.81400    -60.07400
    -144.64200    -58.82100
    -142.02300    -57.61200
    -139.80300    -56.44300
    -137.88700    -55.30800
    -136.21000    -54.20500
    -134.72500    -53.13000
    -133.39800    -52.08200
    -132.20200    -51.05800
    -131.11900    -50.05500
    -130.13100    -49.07400
    -129.22500    -48.11100
    -128.39200    -47.16700
    -127.62200    -46.23800
    -126.90800    -45.32500
    -126.24400    -44.42700
    -125.62500    -43.54200
    -125.04700    -42.67000
    -124.50400    -41.81000
    -123.99500    -40.96200
    -123.51600    -40.12400
    -123.06500    -39.29600
    -122.63900    -38.47900
    -122.23700    -37.67000
    -121.85500    -36.87000
    -121.49400    -36.07800
    -121.15200    -35.29400
    -120.82600    -34.51800
    -120.51700    -33.74900
    -120.22300    -32.98700
    -119.94300    -32.23100
    -119.67600    -31.48100
    -119.42200    -30.73800
    -119.17900    -30.00000
    -118.94700    -29.26800
    -118.72600    -28.54000
    -118.51500    -27.81800
    -118.31400    -27.10100
    -118.12100    -26.38800
    -117.93700    -25.67900
    -117.76000    -24.97500
    -117.59200    -24.27500
    -117.43100    -23.57800
    -117.27700    -22.88500
    -117.13000    -22.19600
    -116.99000    -21.51000
    -116.85500    -20.82700
    -116.72700    -20.14800
    -116.60500    -19.47100
    -116.48800    -18.79700
    -116.37700    -18.12600
    -116.27000    -17.45800
    -116.16900    -16.79100
    -116.07300    -16.12800
    -115.98200    -15.46600
    -115.89500    -14.80700
    -115.81300    -14.14900
    -115.73500    -13.49300
    -115.66100    -12.84000
    -115.59200    -12.18700
    -115.52700    -11.53700
    -115.46500    -10.88800
    -115.40800    -10.24000
    -115.35400     -9.59410
    -115.30400     -8.94900
    -115.25800     -8.30510
    -115.21600     -7.66230
    -115.17700     -7.02040
    -115.14100     -6.37940
    -115.10900     -5.73920
    -115.08100     -5.09970
    -115.05600     -4.46080
    -115.03400     -3.82260
    -115.01600     -3.18470
    -115.00100     -2.54730
    -114.99000     -1.91020
    -114.98200     -1.27330
    -114.97700     -0.63663
    -114.97500      0.00000
    -114.97700      0.63663
    -114.98200      1.27330
    -114.99000      1.91020
    -115.00100      2.54730
    -115.01600      3.18470
    -115.03400      3.82260
    -115.05600      4.46080
    -115.08100      5.09970
    -115.10900      5.73920
    -115.14100      6.37940
    -115.17700      7.02040
    -115.21600      7.66230
    -115.25800      8.30510
    -115.30400      8.94900
    -115.35400      9.59410
    -115.40800     10.24000
    -115.46500     10.88800
    -115.52700     11.53700
    -115.59200     12.18700
    -115.66100     12.84000
    -115.73500     13.49300
    -115.81300     14.14900
    -115.89500     14.80700
    -115.98200     15.46600
    -116.07300     16.12800
    -116.16900     16.79100
    -116.27000     17.45800
    -116.37700     18.12600
    -116.48800     18.79700
    -116.60500     19.47100
    -116.72700     20.14800
    -116.85500     20.82700
    -116.99000     21.51000
    -117.13000     22.19600
    -117.27700     22.88500
    -117.43100     23.57800
    -117.59200     24.27500
    -117.76000     24.97500
    -117.93700     25.67900
    -118.12100     26.38800
    -118.31400     27.10100
    -118.51500     27.81800
    -118.72600     28.54000
    -118.94700     29.26800
    -119.17900     30.00000
    -119.42200     30.73800
    -119.67600     31.48100
    -119.94300     32.23100
    -120.22300     32.98700
    -120.51700     33.74900
    -120.82600     34.51800
    -121.15200     35.29400
    -121.49400     36.07800
    -121.85500     36.87000
    -122.23700     37.67000
    -122.63900     38.47900
    -123.06500     39.29600
    -123.51600     40.12400
    -123.99500     40.96200
    -124.50400     41.81000
    -125.04700     42.67000
    -125.62500     43.54200
    -126.24400     44.42700
    -126.90800     45.32500
    -127.62200     46.23800
    -128.39200     47.16700
    -129.22500     48.11100
    -130.13100     49.07400
    -131.11900     50.05500
    -132.20200     51.05800
    -133.39800     52.08200
    -134.72500     53.13000
    -136.21000     54.20500
    -137.88700     55.30800
    -139.80300     56.44300
    -142.02300     57.61200
    -144.64200     58.82100
    -147.81400     60.07400
    -151.80500     61.37500
    -157.16600     62.73400
    -165.61400     64.15800
</sweep>
<sweep>
    -175.91000    -65.65900
    -160.58800    -64.15800
    -153.81600    -62.73400
    -149.10900    -61.37500
    -145.49300    -60.07400
    -142.57000    -58.82100
    -140.13100    -57.61200
    -138.05000    -56.44300
    -136.24500    -55.30800
    -134.65900    -54.20500
    -133.25000    -53.13000
    -131.98800    -52.08200
    -130.84900    -51.05800
    -129.81500    -50.05500
    -128.87100    -49.07400
    -128.00500    -48.11100
    -127.20700    -47.16700
    -126.46900    -46.23800
    -125.78400    -45.32500
    -125.14700    -44.42700
    -124.55200    -43.54200
    -123.99600    -42.67000
    -123.47400    -41.81000
    -122.98400    -40.96200
    -122.52300    -40.12400
    -122.08900    -39.29600
    -121.67900    -38.47900
    -121.29100    -37.67000
    -120.92300    -36.87000
    -120.57500    -36.07800
    -120.24500    -35.29400
    -119.93100    -34.51800
    -119.63200    -33.74900
    -119.34800    -32.98700
    -119.07800    -32.23100
    -118.82000    -31.48100
    -118.57500    -30.73800
    -118.34000    -30.00000
    -118.11700    -29.26800
    -117.90300    -28.54000
    -117.69900    -27.81800
    -117.50400    -27.10100
    -117.31800    -26.38800
    -117.14000    -25.67900
    -116.97000    -24.97500
    -116.80700    -24.27500
    -116.65100    -23.57800
    -116.50200    -22.88500
    -116.36000    -22.19600
    -116.22400    -21.51000
    -116.09500    -20.82700
    -115.97000    -20.14800
    -115.85200    -19.47100
    -115.73900    -18.79700
    -115.63100    -18.12600
    -115.52900    -17.45800
    -115.43100    -16.79100
    -115.33800    -16.12800
    -115.24900    -15.46600
    -115.16500    -14.80700
    -115.08600    -14.14900
    -115.01000    -13.49300
    -114.93900    -12.84000
    -114.87200    -12.18700
    -114.80900    -11.53700
    -114.74900    -10.88800
    -114.69400    -10.24000
    -114.64200     -9.59410
    -114.59300     -8.94900
    -114.54900     -8.30510
    -114.50800     -7.66230
    -114.47000     -7.02040
    -114.43600     -6.37940
    -114.40500     -5.73920
    -114.37700     -5.09970
    -114.35300     -4.46080
    -114.33200     -3.82260
    -114.31500     -3.18470
    -114.30000     -2.54730
    -114.28900     -1.91020
    -114.28100     -1.27330
    -114.27600     -0.63663
    -114.27500      0.00000
    -114.27600      0.63663
    -114.28100      1.27330
    -114.28900      1.91020
    -114.30000      2.54730
    -114.31500      3.18470
    -114.33200      3.82260
    -114.35300      4.46080
    -114.37700      5.09970
    -114.40500      5.73920
    -114.43600      6.37940
    -114.47000      7.02040
    -114.50800      7.66230
    -114.54900      8.30510
    -114.59300      8.94900
    -114.64200      9.59410
    -114.69400     10.24000
    -114.74900     10.88800
    -114.80900     11.53700
    -114.87200     12.18700
    -114.93900     12.84000
    -115.01000     13.49300
    -115.08600     14.14900
    -115.16500     14.80700
    -115.24900     15.46600
    -115.33800     16.12800
    -115.43100     16.79100
    -115.52900     17.45800
    -115.63100     18.12600
    -115.73900     18.79700
    -115.85200     19.47100
    -115.97000     20.14800
    -116.09500     20.82700
    -116.22400     21.51000
    -116.36000     22.19600
    -116.50200     22.88500
    -116.65100     23.57800
    -116.80700     24.27500
    -116.97000     24.97500
    -117.14000     25.67900
    -117.31800     26.38800
    -117.50400     27.10100
    -117.69900     27.81800
    -117.90300     28.54000
    -118.11700     29.26800
    -118.34000     30.00000
    -118.57500     30.73800
    -118.82000     31.48100
    -119.07800     32.23100
    -119.34800     32.98700
    -119.63200     33.74900
    -119.93100     34.51800
    -120.24500     35.29400
    -120.57500     36.07800
    -120.92300     36.87000
    -121.29100     37.67000
    -121.67900     38.47900
    -122.08900     39.29600
    -122.52300     40.12400
    -122.98400     40.96200
    -123.47400     41.81000
    -123.99600     42.67000
    -124.55200     43.54200
    -125.14700     44.42700
    -125.78400     45.32500
    -126.46900     46.23800
    -127.20700     47.16700
    -128.00500     48.11100
    -128.87100     49.07400
    -129.81500     50.05500
    -130.84900     51.05800
    -131.98800     52.08200
    -133.25000     53.13000
    -134.65900     54.20500
    -136.24500     55.30800
    -138.05000     56.44300
    -140.13100     57.61200
    -142.57000     58.82100
    -145.49300     60.07400
    -149.10900     61.37500
    -153.81600     62.73400
    -160.58800     64.15800
    -175.91000     65.65900
</sweep>
<sweep>
    -166.04700    -65.65900
    -156.58700    -64.15800
    -150.82400    -62.73400
    -146.61100    -61.37500
    -143.30100    -60.07400
    -140.59100    -58.82100
    -138.31100    -57.61200
    -136.35500    -56.44300
    -134.65100    -55.30800
    -133.14800    -54.20500
    -131.81000    -53.13000
    -130.60900    -52.08200
    -129.52400    -51.05800
    -128.53600    -50.05500
    -127.63300    -49.07400
    -126.80400    -48.11100
    -126.04000    -47.16700
    -125.33200    -46.23800
    -124.67500    -45.32500
    -124.06400    -44.42700
    -123.49200    -43.54200
    -122.95800    -42.67000
    -122.45600    -41.81000
    -121.98500    -40.96200
    -121.54100    -40.12400
    -121.12300    -39.29600
    -120.72800    -38.47900
    -120.35400    -37.67000
    -120.00000    -36.87000
    -119.66400    -36.07800
    -119.34600    -35.29400
    -119.04300    -34.51800
    -118.75500    -33.74900
    -118.48100    -32.98700
    -118.22100    -32.23100
    -117.97200    -31.48100
    -117.73500    -30.73800
    -117.50900    -30.00000
    -117.29300    -29.26800
    -117.08600    -28.54000
    -116.88900    -27.81800
    -116.70100    -27.10100
    -116.52100    -26.38800
    -116.34900    -25.67900
    -116.18400    -24.97500
    -116.02700    -24.27500
    -115.87700    -23.57800
    -115.73300    -22.88500
    -115.59500    -22.19600
    -115.46400    -21.51000
    -115.33900    -20.82700
    -115.21900    -20.14800
    -115.10400    -19.47100
    -114.99500    -18.79700
    -114.89100    -18.12600
    -114.79100    -17.45800
    -114.69700    -16.79100
    -114.60700    -16.12800
    -114.52100    -15.46600
    -114.44000    -14.80700
    -114.36300    -14.14900
    -114.29000    -13.49300
    -114.22100    -12.84000
    -114.15600    -12.18700
    -114.09500    -11.53700
    -114.03700    -10.88800
    -113.98400    -10.24000
    -113.93300     -9.59410
    -113.88700     -8.94900
    -113.84300     -8.30510
    -113.80400     -7.66230
    -113.76700     -7.02040
    -113.73400     -6.37940
    -113.70400     -5.73920
    -113.67800     -5.09970
    -113.65400     -4.46080
    -113.63400     -3.82260
    -113.61700     -3.18470
    -113.60300     -2.54730
    -113.59200     -1.91020
    -113.58400     -1.27330
    -113.58000     -0.63663
    -113.57800      0.00000
    -113.58000      0.63663
    -113.58400      1.27330
    -113.59200      1.91020
    -113.60300      2.54730
    -113.61700      3.18470
    -113.63400      3.82260
    -113.65400      4.46080
    -113.67800      5.09970
    -113.70400      5.73920
    -113.73400      6.37940
    -113.76700      7.02040
    -113.80400      7.66230
    -113.84300      8.30510
    -113.88700      8.94900
    -113.93300      9.59410
    -113.98400     10.24000
    -114.03700     10.88800
    -114.09500     11.53700
    -114.15600     12.18700
    -114.22100     12.84000
    -114.29000     13.49300
    -114.36300     14.14900
    -114.44000     14.80700
    -114.52100     15.46600
    -114.60700     16.12800
    -114.69700     16.79100
    -114.79100     17.45800
    -114.89100     18.12600
    -114.99500     18.79700
    -115.10400     19.47100
    -115.21900     20.14800
    -115.33900     20.82700
    -115.46400     21.51000
    -115.59500     22.19600
    -115.73300     22.88500
    -115.87700     23.57800
    -116.02700     24.27500
    -116.18400     24.97500
    -116.34900     25.67900
    -116.52100     26.38800
    -116.70100     27.10100
    -116.88900     27.81800
    -117.08600     28.54000
    -117.29300     29.26800
    -117.50900     30.00000
    -117.73500     30.73800
    -117.97200     31.48100
    -118.22100     32.23100
    -118.48100     32.98700
    -118.75500     33.74900
    -119.04300     34.51800
    -119.34600     35.29400
    -119.66400     36.07800
    -120.00000     36.87000
    -120.35400     37.67000
    -120.72800     38.47900
    -121.12300     39.29600
    -121.54100     40.12400
    -121.98500     40.96200
    -122.45600     41.81000
    -122.95800     42.67000
    -123.49200     43.54200
    -124.06400     44.42700
    -124.67500     45.32500
    -125.33200     46.23800
    -126.04000     47.16700
    -126.80400     48.11100
    -127.63300     49.07400
    -128.53600     50.05500
    -129.52400     51.05800
    -130.60900     52.08200
    -131.81000     53.13000
    -133.14800     54.20500
    -134.65100     55.30800
    -136.35500     56.44300
    -138.31100     57.61200
    -140.59100     58.82100
    -143.30100     60.07400
    -146.61100     61.37500
    -150.82400     62.73400
    -156.58700     64.15800
    -166.04700     65.65900
</sweep>
<sweep>
    -160.65400    -65.65900
    -153.14700    -64.15800
    -148.08900    -62.73400
    -144.26800    -61.37500
    -141.21600    -60.07400
    -138.69200    -58.82100
    -136.55400    -57.61200
    -134.71100    -56.44300
    -133.09900    -55.30800
    -131.67400    -54.20500
    -130.40200    -53.13000
    -129.25800    -52.08200
    -128.22300    -51.05800
    -127.27900    -50.05500
    -126.41600    -49.07400
    -125.62300    -48.11100
    -124.89000    -47.16700
    -124.21200    -46.23800
    -123.58100    -45.32500
    -122.99400    -44.42700
    -122.44500    -43.54200
    -121.93200    -42.67000
    -121.45000    -41.81000
    -120.99600    -40.96200
    -120.57000    -40.12400
    -120.16700    -39.29600
    -119.78600    -38.47900
    -119.42600    -37.67000
    -119.08500    -36.87000
    -118.76200    -36.07800
    -118.45500    -35.29400
    -118.16300    -34.51800
    -117.88600    -33.74900
    -117.62100    -32.98700
    -117.37000    -32.23100
    -117.13000    -31.48100
    -116.90100    -30.73800
    -116.68300    -30.00000
    -116.47400    -29.26800
    -116.27500    -28.54000
    -116.08500    -27.81800
    -115.90300    -27.10100
    -115.72900    -26.38800
    -115.56300    -25.67900
    -115.40400    -24.97500
    -115.25200    -24.27500
    -115.10700    -23.57800
    -114.96800    -22.88500
    -114.83500    -22.19600
    -114.70800    -21.51000
    -114.58700    -20.82700
    -114.47100    -20.14800
    -114.36100    -19.47100
    -114.25500    -18.79700
    -114.15400    -18.12600
    -114.05800    -17.45800
    -113.96700    -16.79100
    -113.88000    -16.12800
    -113.79700    -15.46600
    -113.71900    -14.80700
    -113.64400    -14.14900
    -113.57400    -13.49300
    -113.50700    -12.84000
    -113.44400    -12.18700
    -113.38500    -11.53700
    -113.32900    -10.88800
    -113.27700    -10.24000
    -113.22900     -9.59410
    -113.18400     -8.94900
    -113.14200     -8.30510
    -113.10300     -7.66230
    -113.06800     -7.02040
    -113.03600     -6.37940
    -113.00700     -5.73920
    -112.98200     -5.09970
    -112.95900     -4.46080
    -112.93900     -3.82260
    -112.92300     -3.18470
    -112.90900     -2.54730
    -112.89900     -1.91020
    -112.89100     -1.27330
    -112.88700     -0.63663
    -112.88500      0.00000
    -112.88700      0.63663
    -112.89100      1.27330
    -112.89900      1.91020
    -112.90900      2.54730
    -112.92300      3.18470
    -112.93900      3.82260
    -112.95900      4.46080
    -112.98200      5.09970
    -113.00700      5.73920
    -113.03600      6.37940
    -113.06800      7.02040
    -113.10300      7.66230
    -113.14200      8.30510
    -113.18400      8.94900
    -113.22900      9.59410
    -113.27700     10.24000
    -113.32900     10.88800
    -113.38500     11.53700
    -113.44400     12.18700
    -113.50700     12.84000
    -113.57400     13.49300
    -113.64400     14.14900
    -113.71900     14.80700
    -113.79700     15.46600
    -113.88000     16.12800
    -113.96700     16.79100
    -114.05800     17.45800
    -114.15400     18.12600
    -114.25500     18.79700
    -114.36100     19.47100
    -114.47100     20.14800
    -114.58700     20.82700
    -114.70800     21.51000
    -114.83500     22.19600
    -114.96800     22.88500
    -115.10700     23.57800
    -115.25200     24.27500
    -115.40400     24.97500
    -115.56300     25.67900
    -115.72900     26.38800
    -115.90300     27.10100
    -116.08500     27.81800
    -116.27500     28.54000
    -116.47400     29.26800
    -116.68300     30.00000
    -116.90100     30.73800
    -117.13000     31.48100
    -117.37000     32.23100
    -117.62100     32.98700
    -117.88600     33.74900
    -118.16300     34.51800
    -118.45500     35.29400
    -118.76200     36.07800
    -119.08500     36.87000
    -119.42600     37.67000
    -119.78600     38.47900
    -120.16700     39.29600
    -120.57000     40.12400
    -120.99600     40.96200
    -121.45000     41.81000
    -121.93200     42.67000
    -122.44500     43.54200
    -122.99400     44.42700
    -123.58100     45.32500
    -124.21200     46.23800
    -124.89000     47.16700
    -125.62300     48.11100
    -126.41600     49.07400
    -127.27900     50.05500
    -128.22300     51.05800
    -129.25800     52.08200
    -130.40200     53.13000
    -131.67400     54.20500
    -133.09900     55.30800
    -134.71100     56.44300
    -136.55400     57.61200
    -138.69200     58.82100
    -141.21600     60.07400
    -144.26800     61.37500
    -148.08900     62.73400
    -153.14700     64.15800
    -160.65400     65.65900
</sweep>
<sweep>
    -167.69500    -67.25300
    -156.43100    -65.65900
    -150.07500    -64.15800
    -145.55000    -62.73400
    -142.05200    -61.37500
    -139.22100    -60.07400
    -136.86200    -58.82100
    -134.85200    -57.61200
    -133.11200    -56.44300
    -131.58600    -55.30800
    -130.23300    -54.20500
    -129.02300    -53.13000
    -127.93300    -52.08200
    -126.94400    -51.05800
    -126.04300    -50.05500
    -125.21800    -49.07400
    -124.45800    -48.11100
    -123.75600    -47.16700
    -123.10600    -46.23800
    -122.50100    -45.32500
    -121.93800    -44.42700
    -121.41100    -43.54200
    -120.91700    -42.67000
    -120.45400    -41.81000
    -120.01800    -40.96200
    -119.60700    -40.12400
    -119.22000    -39.29600
    -118.85400    -38.47900
    -118.50700    -37.67000
    -118.17900    -36.87000
    -117.86700    -36.07800
    -117.57100    -35.29400
    -117.29000    -34.51800
    -117.02300    -33.74900
    -116.76800    -32.98700
    -116.52500    -32.23100
    -116.29400    -31.48100
    -116.07400    -30.73800
    -115.86300    -30.00000
    -115.66200    -29.26800
    -115.47000    -28.54000
    -115.28600    -27.81800
    -115.11100    -27.10100
    -114.94300    -26.38800
    -114.78300    -25.67900
    -114.62900    -24.97500
    -114.48300    -24.27500
    -114.34200    -23.57800
    -114.20800    -22.88500
    -114.08000    -22.19600
    -113.95700    -21.51000
    -113.84000    -20.82700
    -113.72800    -20.14800
    -113.62200    -19.47100
    -113.52000    -18.79700
    -113.42200    -18.12600
    -113.33000    -17.45800
    -113.24100    -16.79100
    -113.15700    -16.12800
    -113.07700    -15.46600
    -113.00100    -14.80700
    -112.92900    -14.14900
    -112.86100    -13.49300
    -112.79700    -12.84000
    -112.73600    -12.18700
    -112.67900    -11.53700
    -112.62500    -10.88800
    -112.57500    -10.24000
    -112.52800     -9.59410
    -112.48400     -8.94900
    -112.44400     -8.30510
    -112.40700     -7.66230
    -112.37300     -7.02040
    -112.34200     -6.37940
    -112.31400     -5.73920
    -112.28900     -5.09970
    -112.26700     -4.46080
    -112.24800     -3.82260
    -112.23200     -3.18470
    -112.21900     -2.54730
    -112.20900     -1.91020
    -112.20200     -1.27330
    -112.19800     -0.63663
    -112.19600      0.00000
    -112.19800      0.63663
    -112.20200      1.27330
    -112.20900      1.91020
    -112.21900      2.54730
    -112.23200      3.18470
    -112.24800      3.82260
    -112.26700      4.46080
    -112.28900      5.09970
    -112.31400      5.73920
    -112.34200      6.37940
    -112.37300      7.02040
    -112.40700      7.66230
    -112.44400      8.30510
    -112.48400      8.94900
    -112.52800      9.59410
    -112.57500     10.24000
    -112.62500     10.88800
    -112.67900     11.53700
    -112.73600     12.18700
    -112.79700     12.84000
    -112.86100     13.49300
    -112.92900     14.14900
    -113.00100     14.80700
    -113.07700     15.46600
    -113.15700     16.12800
    -113.24100     16.79100
    -113.33000     17.45800
    -113.42200     18.12600
    -113.52000     18.79700
    -113.62200     19.47100
    -113.72800     20.14800
    -113.84000     20.82700
    -113.95700     21.51000
    -114.08000     22.19600
    -114.20800     22.88500
    -114.34200     23.57800
    -114.48300     24.27500
    -114.62900     24.97500
    -114.78300     25.67900
    -114.94300     26.38800
    -115.11100     27.10100
    -115.28600     27.81800
    -115.47000     28.54000
    -115.66200     29.26800
    -115.86300     30.00000
    -116.07400     30.73800
    -116.29400     31.48100
    -116.52500     32.23100
    -116.76800     32.98700
    -117.02300     33.74900
    -117.29000     34.51800
    -117.57100     35.29400
    -117.86700     36.07800
    -118.17900     36.87000
    -118.50700     37.67000
    -118.85400     38.47900
    -119.22000     39.29600
    -119.60700     40.12400
    -120.01800     40.96200
    -120.45400     41.81000
    -120.91700     42.67000
    -121.41100     43.54200
    -121.93800     44.42700
    -122.50100     45.32500
    -123.10600     46.23800
    -123.75600     47.16700
    -124.45800     48.11100
    -125.21800     49.07400
    -126.04300     50.05500
    -126.94400     51.05800
    -127.93300     52.08200
    -129.02300     53.13000
    -130.23300     54.20500
    -131.58600     55.30800
    -133.11200     56.44300
    -134.85200     57.61200
    -136.86200     58.82100
    -139.22100     60.07400
    -142.05200     61.37500
    -145.55000     62.73400
    -150.07500     64.15800
    -156.43100     65.65900
    -167.69500     67.25300
</sweep>
<sweep>
    -161.49400    -67.25300
    -152.82600    -65.65900
    -147.26600    -64.15800
    -143.16500    -62.73400
    -139.94000    -61.37500
    -137.30500    -60.07400
    -135.09200    -58.82100
    -133.19900    -57.61200
    -131.55400    -56.44300
    -130.10700    -55.30800
    -128.82200    -54.20500
    -127.67000    -53.13000
    -126.63100    -52.08200
    -125.68700    -51.05800
    -124.82600    -50.05500
    -124.03700    -49.07400
    -123.31000    -48.11100
    -122.63700    -47.16700
    -122.01400    -46.23800
    -121.43400    -45.32500
    -120.89300    -44.42700
    -120.38700    -43.54200
    -119.91300    -42.67000
    -119.46800    -41.81000
    -119.04900    -40.96200
    -118.65400    -40.12400
    -118.28100    -39.29600
    -117.92900    -38.47900
    -117.59600    -37.67000
    -117.28000    -36.87000
    -116.98000    -36.07800
    -116.69500    -35.29400
    -116.42400    -34.51800
    -116.16600    -33.74900
    -115.92100    -32.98700
    -115.68700    -32.23100
    -115.46400    -31.48100
    -115.25200    -30.73800
    -115.04900    -30.00000
    -114.85500    -29.26800
    -114.67000    -28.54000
    -114.49300    -27.81800
    -114.32400    -27.10100
    -114.16200    -26.38800
    -114.00700    -25.67900
    -113.85900    -24.97500
    -113.71800    -24.27500
    -113.58200    -23.57800
    -113.45300    -22.88500
    -113.32900    -22.19600
    -113.21100    -21.51000
    -113.09800    -20.82700
    -112.99000    -20.14800
    -112.88700    -19.47100
    -112.78800    -18.79700
    -112.69400    -18.12600
    -112.60500    -17.45800
    -112.51900    -16.79100
    -112.43800    -16.12800
    -112.36100    -15.46600
    -112.28800    -14.80700
    -112.21800    -14.14900
    -112.15300    -13.49300
    -112.09000    -12.84000
    -112.03200    -12.18700
    -111.97700    -11.53700
    -111.92500    -10.88800
    -111.87600    -10.24000
    -111.83100     -9.59410
    -111.78900     -8.94900
    -111.75000     -8.30510
    -111.71400     -7.66230
    -111.68100     -7.02040
    -111.65100     -6.37940
    -111.62400     -5.73920
    -111.60000     -5.09970
    -111.57900     -4.46080
    -111.56100     -3.82260
    -111.54500     -3.18470
    -111.53300     -2.54730
    -111.52300     -1.91020
    -111.51600     -1.27330
    -111.51200     -0.63663
    -111.51000      0.00000
    -111.51200      0.63663
    -111.51600      1.27330
    -111.52300      1.91020
    -111.53300      2.54730
    -111.54500      3.18470
    -111.56100      3.82260
    -111.57900      4.46080
    -111.60000      5.09970
    -111.62400      5.73920
    -111.65100      6.37940
    -111.68100      7.02040
    -111.71400      7.66230
    -111.75000      8.30510
    -111.78900      8.94900
    -111.83100      9.59410
    -111.87600     10.24000
    -111.92500     10.88800
    -111.97700     11.53700
    -112.03200     12.18700
    -112.09000     12.84000
    -112.15300     13.49300
    -112.21800     14.14900
    -112.28800     14.80700
    -112.36100     15.46600
    -112.43800     16.12800
    -112.51900     16.79100
    -112.60500     17.45800
    -112.69400     18.12600
    -112.78800     18.79700
    -112.88700     19.47100
    -112.99000     20.14800
    -113.09800     20.82700
    -113.21100     21.51000
    -113.32900     22.19600
    -113.45300     22.88500
    -113.58200     23.57800
    -113.71800     24.27500
    -113.85900     24.97500
    -114.00700     25.67900
    -114.16200     26.38800
    -114.32400     27.10100
    -114.49300     27.81800
    -114.67000     28.54000
    -114.85500     29.26800
    -115.04900     30.00000
    -115.25200     30.73800
    -115.46400     31.48100
    -115.68700     32.23100
    -115.92100     32.98700
    -116.16600     33.74900
    -116.42400     34.51800
    -116.69500     35.29400
    -116.98000     36.07800
    -117.28000     36.87000
    -117.59600     37.67000
    -117.92900     38.47900
    -118.28100     39.29600
    -118.65400     40.12400
    -119.04900     40.96200
    -119.46800     41.81000
    -119.91300     42.67000
    -120.38700     43.54200
    -120.89300     44.42700
    -121.43400     45.32500
    -122.01400     46.23800
    -122.63700     47.16700
    -123.31000     48.11100
    -124.03700     49.07400
    -124.82600     50.05500
    -125.68700     51.05800
    -126.63100     52.08200
    -127.67000     53.13000
    -128.82200     54.20500
    -130.10700     55.30800
    -131.55400     56.44300
    -133.19900     57.61200
    -135.09200     58.82100
    -137.30500     60.07400
    -139.94000     61.37500
    -143.16500     62.73400
    -147.26600     64.15800
    -152.82600     65.65900
    -161.49400     67.25300
</sweep>
<sweep>
    -172.04400    -68.96100
    -156.86100    -67.25300
    -149.61700    -65.65900
    -144.65700    -64.15800
    -140.90600    -62.73400
    -137.91800    -61.37500
    -135.45500    -60.07400
    -133.37600    -58.82100
    -131.59000    -57.61200
    -130.03300    -56.44300
    -128.66000    -55.30800
    -127.43800    -54.20500
    -126.34100    -53.13000
    -125.35000    -52.08200
    -124.45000    -51.05800
    -123.62700    -50.05500
    -122.87200    -49.07400
    -122.17600    -48.11100
    -121.53200    -47.16700
    -120.93500    -46.23800
    -120.37900    -45.32500
    -119.86000    -44.42700
    -119.37400    -43.54200
    -118.91900    -42.67000
    -118.49100    -41.81000
    -118.08900    -40.96200
    -117.71000    -40.12400
    -117.35100    -39.29600
    -117.01300    -38.47900
    -116.69200    -37.67000
    -116.38800    -36.87000
    -116.09900    -36.07800
    -115.82500    -35.29400
    -115.56500    -34.51800
    -115.31600    -33.74900
    -115.08000    -32.98700
    -114.85500    -32.23100
    -114.64000    -31.48100
    -114.43600    -30.73800
    -114.24000    -30.00000
    -114.05300    -29.26800
    -113.87500    -28.54000
    -113.70400    -27.81800
    -113.54100    -27.10100
    -113.38500    -26.38800
    -113.23600    -25.67900
    -113.09300    -24.97500
    -112.95700    -24.27500
    -112.82700    -23.57800
    -112.70200    -22.88500
    -112.58200    -22.19600
    -112.46800    -21.51000
    -112.35900    -20.82700
    -112.25500    -20.14800
    -112.15600    -19.47100
    -112.06100    -18.79700
    -111.97000    -18.12600
    -111.88400    -17.45800
    -111.80100    -16.79100
    -111.72300    -16.12800
    -111.64900    -15.46600
    -111.57800    -14.80700
    -111.51100    -14.14900
    -111.44800    -13.49300
    -111.38800    -12.84000
    -111.33100    -12.18700
    -111.27800    -11.53700
    -111.22800    -10.88800
    -111.18100    -10.24000
    -111.13700     -9.59410
    -111.09600     -8.94900
    -111.05900     -8.30510
    -111.02400     -7.66230
    -110.99200     -7.02040
    -110.96300     -6.37940
    -110.93700     -5.73920
    -110.91400     -5.09970
    -110.89400     -4.46080
    -110.87600     -3.82260
    -110.86100     -3.18470
    -110.84900     -2.54730
    -110.84000     -1.91020
    -110.83300     -1.27330
    -110.82900     -0.63663
    -110.82700      0.00000
    -110.82900      0.63663
    -110.83300      1.27330
    -110.84000      1.91020
    -110.84900      2.54730
    -110.86100      3.18470
    -110.87600      3.82260
    -110.89400      4.46080
    -110.91400      5.09970
    -110.93700      5.73920
    -110.96300      6.37940
    -110.99200      7.02040
    -111.02400      7.66230
    -111.05900      8.30510
    -111.09600      8.94900
    -111.13700      9.59410
    -111.18100     10.24000
    -111.22800     10.88800
    -111.27800     11.53700
    -111.33100     12.18700
    -111.38800     12.84000
    -111.44800     13.49300
    -111.51100     14.14900
    -111.57800     14.80700
    -111.64900     15.46600
    -111.72300     16.12800
    -111.80100     16.79100
    -111.88400     17.45800
    -111.97000     18.12600
    -112.06100     18.79700
    -112.15600     19.47100
    -112.25500     20.14800
    -112.35900     20.82700
    -112.46800     21.51000
    -112.58200     22.19600
    -112.70200     22.88500
    -112.82700     23.57800
    -112.95700     24.27500
    -113.09300     24.97500
    -113.23600     25.67900
    -113.38500     26.38800
    -113.54100     27.10100
    -113.70400     27.81800
    -113.87500     28.54000
    -114.05300     29.26800
    -114.24000     30.00000
    -114.43600     30.73800
    -114.64000     31.48100
    -114.85500     32.23100
    -115.08000     32.98700
    -115.31600     33.74900
    -115.56500     34.51800
    -115.82500     35.29400
    -116.09900     36.07800
    -116.38800     36.87000
    -116.69200     37.67000
    -117.01300     38.47900
    -117.35100     39.29600
    -117.71000     40.12400
    -118.08900     40.96200
    -118.49100     41.81000
    -118.91900     42.67000
    -119.37400     43.54200
    -119.86000     44.42700
    -120.37900     45.32500
    -120.93500     46.23800
    -121.53200     47.16700
    -122.17600     48.11100
    -122.87200     49.07400
    -123.62700     50.05500
    -124.45000     51.05800
    -125.35000     52.08200
    -126.34100     53.13000
    -127.43800     54.20500
    -128.66000     55.30800
    -130.03300     56.44300
    -131.59000     57.61200
    -133.37600     58.82100
    -135.45500     60.07400
    -137.91800     61.37500
    -140.90600     62.73400
    -144.65700     64.15800
    -149.61700     65.65900
    -156.86100     67.25300
    -172.04400     68.96100
</sweep>
<sweep>
    -163.62300    -68.96100
    -152.97600    -67.25300
    -146.68900    -65.65900
    -142.20500    -64.15800
    -138.75200    -62.73400
    -135.97100    -61.37500
    -133.66400    -60.07400
    -131.70700    -58.82100
    -130.02000    -57.61200
    -128.54500    -56.44300
    -127.24100    -55.30800
    -126.07900    -54.20500
    -125.03500    -53.13000
    -124.09000    -52.08200
    -123.23000    -51.05800
    -122.44400    -50.05500
    -121.72200    -49.07400
    -121.05600    -48.11100
    -120.44000    -47.16700
    -119.86800    -46.23800
    -119.33500    -45.32500
    -118.83700    -44.42700
    -118.37100    -43.54200
    -117.93400    -42.67000
    -117.52400    -41.81000
    -117.13800    -40.96200
    -116.77300    -40.12400
    -116.42900    -39.29600
    -116.10300    -38.47900
    -115.79500    -37.67000
    -115.50300    -36.87000
    -115.22500    -36.07800
    -114.96200    -35.29400
    -114.71100    -34.51800
    -114.47200    -33.74900
    -114.24500    -32.98700
    -114.02800    -32.23100
    -113.82200    -31.48100
    -113.62500    -30.73800
    -113.43600    -30.00000
    -113.25700    -29.26800
    -113.08500    -28.54000
    -112.92000    -27.81800
    -112.76300    -27.10100
    -112.61300    -26.38800
    -112.47000    -25.67900
    -112.33200    -24.97500
    -112.20100    -24.27500
    -112.07500    -23.57800
    -111.95500    -22.88500
    -111.84000    -22.19600
    -111.73000    -21.51000
    -111.62500    -20.82700
    -111.52400    -20.14800
    -111.42800    -19.47100
    -111.33700    -18.79700
    -111.25000    -18.12600
    -111.16600    -17.45800
    -111.08700    -16.79100
    -111.01100    -16.12800
    -110.94000    -15.46600
    -110.87200    -14.80700
    -110.80700    -14.14900
    -110.74600    -13.49300
    -110.68800    -12.84000
    -110.63300    -12.18700
    -110.58200    -11.53700
    -110.53400    -10.88800
    -110.48900    -10.24000
    -110.44600     -9.59410
    -110.40700     -8.94900
    -110.37100     -8.30510
    -110.33700     -7.66230
    -110.30700     -7.02040
    -110.27900     -6.37940
    -110.25400     -5.73920
    -110.23100     -5.09970
    -110.21200     -4.46080
    -110.19500     -3.82260
    -110.18000     -3.18470
    -110.16900     -2.54730
    -110.16000     -1.91020
    -110.15300     -1.27330
    -110.14900     -0.63663
    -110.14800      0.00000
    -110.14900      0.63663
    -110.15300      1.27330
    -110.16000      1.91020
    -110.16900      2.54730
    -110.18000      3.18470
    -110.19500      3.82260
    -110.21200      4.46080
    -110.23100      5.09970
    -110.25400      5.73920
    -110.27900      6.37940
    -110.30700      7.02040
    -110.33700      7.66230
    -110.37100      8.30510
    -110.40700      8.94900
    -110.44600      9.59410
    -110.48900     10.24000
    -110.53400     10.88800
    -110.58200     11.53700
    -110.63300     12.18700
    -110.68800     12.84000
    -110.74600     13.49300
    -110.80700     14.14900
    -110.87200     14.80700
    -110.94000     15.46600
    -111.01100     16.12800
    -111.08700     16.79100
    -111.16600     17.45800
    -111.25000     18.12600
    -111.33700     18.79700
    -111.42800     19.47100
    -111.52400     20.14800
    -111.62500     20.82700
    -111.73000     21.51000
    -111.84000     22.19600
    -111.95500     22.88500
    -112.07500     23.57800
    -112.20100     24.27500
    -112.33200     24.97500
    -112.47000     25.67900
    -112.61300     26.38800
    -112.76300     27.10100
    -112.92000     27.81800
    -113.08500     28.54000
    -113.25700     29.26800
    -113.43600     30.00000
    -113.62500     30.73800
    -113.82200     31.48100
    -114.02800     32.23100
    -114.24500     32.98700
    -114.47200     33.74900
    -114.71100     34.51800
    -114.96200     35.29400
    -115.22500     36.07800
    -115.50300     36.87000
    -115.79500     37.67000
    -116.10300     38.47900
    -116.42900     39.29600
    -116.77300     40.12400
    -117.13800     40.96200
    -117.52400     41.81000
    -117.93400     42.67000
    -118.37100     43.54200
    -118.83700     44.42700
    -119.33500     45.32500
    -119.86800     46.23800
    -120.44000     47.16700
    -121.05600     48.11100
    -121.72200     49.07400
    -122.44400     50.05500
    -123.23000     51.05800
    -124.09000     52.08200
    -125.03500     53.13000
    -126.07900     54.20500
    -127.24100     55.30800
    -128.54500     56.44300
    -130.02000     57.61200
    -131.70700     58.82100
    -133.66400     60.07400
    -135.97100     61.37500
    -138.75200     62.73400
    -142.20500     64.15800
    -146.68900     65.65900
    -152.97600     67.25300
    -163.62300     68.96100
</sweep>
<sweep>
    -158.19900    -68.96100
    -149.55100    -67.25300
    -143.97400    -65.65900
    -139.88200    -64.15800
    -136.68600    -62.73400
    -134.09100    -61.37500
    -131.92500    -60.07400
    -130.08000    -58.82100
    -128.48500    -57.61200
    -127.08700    -56.44300
    -125.84900    -55.30800
    -124.74400    -54.20500
    -123.74900    -53.13000
    -122.84800    -52.08200
    -122.02800    -51.05800
    -121.27700    -50.05500
    -120.58700    -49.07400
    -119.95000    -48.11100
    -119.36000    -47.16700
    -118.81200    -46.23800
    -118.30100    -45.32500
    -117.82400    -44.42700
    -117.37800    -43.54200
    -116.95900    -42.67000
    -116.56500    -41.81000
    -116.19400    -40.96200
    -115.84400    -40.12400
    -115.51400    -39.29600
    -115.20100    -38.47900
    -114.90500    -37.67000
    -114.62400    -36.87000
    -114.35800    -36.07800
    -114.10400    -35.29400
    -113.86300    -34.51800
    -113.63400    -33.74900
    -113.41500    -32.98700
    -113.20700    -32.23100
    -113.00800    -31.48100
    -112.81900    -30.73800
    -112.63800    -30.00000
    -112.46500    -29.26800
    -112.29900    -28.54000
    -112.14100    -27.81800
    -111.99000    -27.10100
    -111.84500    -26.38800
    -111.70700    -25.67900
    -111.57500    -24.97500
    -111.44800    -24.27500
    -111.32700    -23.57800
    -111.21200    -22.88500
    -111.10100    -22.19600
    -110.99500    -21.51000
    -110.89400    -20.82700
    -110.79700    -20.14800
    -110.70500    -19.47100
    -110.61700    -18.79700
    -110.53300    -18.12600
    -110.45200    -17.45800
    -110.37600    -16.79100
    -110.30300    -16.12800
    -110.23400    -15.46600
    -110.16800    -14.80700
    -110.10600    -14.14900
    -110.04700    -13.49300
    -109.99200    -12.84000
    -109.93900    -12.18700
    -109.88900    -11.53700
    -109.84300    -10.88800
    -109.79900    -10.24000
    -109.75900     -9.59410
    -109.72100     -8.94900
    -109.68600     -8.30510
    -109.65400     -7.66230
    -109.62400     -7.02040
    -109.59700     -6.37940
    -109.57300     -5.73920
    -109.55200     -5.09970
    -109.53300     -4.46080
    -109.51600     -3.82260
    -109.50300     -3.18470
    -109.49100     -2.54730
    -109.48200     -1.91020
    -109.47600     -1.27330
    -109.47200     -0.63663
    -109.47100      0.00000
    -109.47200      0.63663
    -109.47600      1.27330
    -109.48200      1.91020
    -109.49100      2.54730
    -109.50300      3.18470
    -109.51600      3.82260
    -109.53300      4.46080
    -109.55200      5.09970
    -109.57300      5.73920
    -109.59700      6.37940
    -109.62400      7.02040
    -109.65400      7.66230
    -109.68600      8.30510
    -109.72100      8.94900
    -109.75900      9.59410
    -109.79900     10.24000
    -109.84300     10.88800
    -109.88900     11.53700
    -109.93900     12.18700
    -109.99200     12.84000
    -110.04700     13.49300
    -110.10600     14.14900
    -110.16800     14.80700
    -110.23400     15.46600
    -110.30300     16.12800
    -110.37600     16.79100
    -110.45200     17.45800
    -110.53300     18.12600
    -110.61700     18.79700
    -110.70500     19.47100
    -110.79700     20.14800
    -110.89400     20.82700
    -110.99500     21.51000
    -111.10100     22.19600
    -111.21200     22.88500
    -111.32700     23.57800
    -111.44800     24.27500
    -111.57500     24.97500
    -111.70700     25.67900
    -111.84500     26.38800
    -111.99000     27.10100
    -112.14100     27.81800
    -112.29900     28.54000
    -112.46500     29.26800
    -112.63800     30.00000
    -112.81900     30.73800
    -113.00800     31.48100
    -113.20700     32.23100
    -113.41500     32.98700
    -113.63400     33.74900
    -113.86300     34.51800
    -114.10400     35.29400
    -114.35800     36.07800
    -114.62400     36.87000
    -114.90500     37.67000
    -115.20100     38.47900
    -115.51400     39.29600
    -115.84400     40.12400
    -116.19400     40.96200
    -116.56500     41.81000
    -116.95900     42.67000
    -117.37800     43.54200
    -117.82400     44.42700
    -118.30100     45.32500
    -118.81200     46.23800
    -119.36000     47.16700
    -119.95000     48.11100
    -120.58700     49.07400
    -121.27700     50.05500
    -122.02800     51.05800
    -122.84800     52.08200
    -123.74900     53.13000
    -124.74400     54.20500
    -125.84900     55.30800
    -127.08700     56.44300
    -128.48500     57.61200
    -130.08000     58.82100
    -131.92500     60.07400
    -134.09100     61.37500
    -136.68600     62.73400
    -139.88200     64.15800
    -143.97400     65.65900
    -149.55100     67.25300
    -158.19900     68.96100
</sweep>
<sweep>
    -168.63100    -70.81200
    -153.83500    -68.96100
    -146.44400    -67.25300
    -141.42500    -65.65900
    -137.66600    -64.15800
    -134.69700    -62.73400
    -132.26800    -61.37500
    -130.23200    -60.07400
    -128.49100    -58.82100
    -126.98200    -57.61200
    -125.65600    -56.44300
    -124.48100    -55.30800
    -123.42900    -54.20500
    -122.48200    -53.13000
    -121.62300    -52.08200
    -120.84100    -51.05800
    -120.12400    -50.05500
    -119.46400    -49.07400
    -118.85500    -48.11100
    -118.29100    -47.16700
    -117.76600    -46.23800
    -117.27800    -45.32500
    -116.82100    -44.42700
    -116.39300    -43.54200
    -115.99200    -42.67000
    -115.61400    -41.81000
    -115.25800    -40.96200
    -114.92300    -40.12400
    -114.60600    -39.29600
    -114.30600    -38.47900
    -114.02200    -37.67000
    -113.75200    -36.87000
    -113.49600    -36.07800
    -113.25300    -35.29400
    -113.02100    -34.51800
    -112.80100    -33.74900
    -112.59100    -32.98700
    -112.39100    -32.23100
    -112.20000    -31.48100
    -112.01700    -30.73800
    -111.84300    -30.00000
    -111.67700    -29.26800
    -111.51800    -28.54000
    -111.36600    -27.81800
    -111.22100    -27.10100
    -111.08200    -26.38800
    -110.94900    -25.67900
    -110.82200    -24.97500
    -110.70000    -24.27500
    -110.58400    -23.57800
    -110.47200    -22.88500
    -110.36600    -22.19600
    -110.26400    -21.51000
    -110.16700    -20.82700
    -110.07300    -20.14800
    -109.98500    -19.47100
    -109.90000    -18.79700
    -109.81900    -18.12600
    -109.74200    -17.45800
    -109.66800    -16.79100
    -109.59800    -16.12800
    -109.53200    -15.46600
    -109.46900    -14.80700
    -109.40900    -14.14900
    -109.35200    -13.49300
    -109.29800    -12.84000
    -109.24800    -12.18700
    -109.20000    -11.53700
    -109.15500    -10.88800
    -109.11300    -10.24000
    -109.07400     -9.59410
    -109.03800     -8.94900
    -109.00400     -8.30510
    -108.97300     -7.66230
    -108.94500     -7.02040
    -108.91900     -6.37940
    -108.89600     -5.73920
    -108.87500     -5.09970
    -108.85700     -4.46080
    -108.84100     -3.82260
    -108.82800     -3.18470
    -108.81700     -2.54730
    -108.80800     -1.91020
    -108.80200     -1.27330
    -108.79900     -0.63663
    -108.79700      0.00000
    -108.79900      0.63663
    -108.80200      1.27330
    -108.80800      1.91020
    -108.81700      2.54730
    -108.82800      3.18470
    -108.84100      3.82260
    -108.85700      4.46080
    -108.87500      5.09970
    -108.89600      5.73920
    -108.91900      6.37940
    -108.94500      7.02040
    -108.97300      7.66230
    -109.00400      8.30510
    -109.03800      8.94900
    -109.07400      9.59410
    -109.11300     10.24000
    -109.15500     10.88800
    -109.20000     11.53700
    -109.24800     12.18700
    -109.29800     12.84000
    -109.35200     13.49300
    -109.40900     14.14900
    -109.46900     14.80700
    -109.53200     15.46600
    -109.59800     16.12800
    -109.66800     16.79100
    -109.74200     17.45800
    -109.81900     18.12600
    -109.90000     18.79700
    -109.98500     19.47100
    -110.07300     20.14800
    -110.16700     20.82700
    -110.26400     21.51000
    -110.36600     22.19600
    -110.47200     22.88500
    -110.58400     23.57800
    -110.70000     24.27500
    -110.82200     24.97500
    -110.94900     25.67900
    -111.08200     26.38800
    -111.22100     27.10100
    -111.36600     27.81800
    -111.51800     28.54000
    -111.67700     29.26800
    -111.84300     30.00000
    -112.01700     30.73800
    -112.20000     31.48100
    -112.39100     32.23100
    -112.59100     32.98700
    -112.80100     33.74900
    -113.02100     34.51800
    -113.25300     35.29400
    -113.49600     36.07800
    -113.75200     36.87000
    -114.02200     37.67000
    -114.30600     38.47900
    -114.60600     39.29600
    -114.92300     40.12400
    -115.25800     40.96200
    -115.61400     41.81000
    -115.99200     42.67000
    -116.39300     43.54200
    -116.82100     44.42700
    -117.27800     45.32500
    -117.76600     46.23800
    -118.29100     47.16700
    -118.85500     48.11100
    -119.46400     49.07400
    -120.12400     50.05500
    -120.84100     51.05800
    -121.62300     52.08200
    -122.48200     53.13000
    -123.42900     54.20500
    -124.48100     55.30800
    -125.65600     56.44300
    -126.98200     57.61200
    -128.49100     58.82100
    -130.23200     60.07400
    -132.26800     61.37500
    -134.69700     62.73400
    -137.66600     64.15800
    -141.42500     65.65900
    -146.44400     67.25300
    -153.83500     68.96100
    -168.63100     70.81200
</sweep>
<sweep>
    -161.18600    -70.81200
    -150.06300    -68.96100
    -143.57300    -67.25300
    -139.01000    -65.65900
    -135.54000    -64.15800
    -132.77300    -62.73400
    -130.49700    -61.37500
    -128.58000    -60.07400
    -126.93700    -58.82100
    -125.50800    -57.61200
    -124.25100    -56.44300
    -123.13500    -55.30800
    -122.13500    -54.20500
    -121.23300    -53.13000
    -120.41500    -52.08200
    -119.66800    -51.05800
    -118.98400    -50.05500
    -118.35400    -49.07400
    -117.77200    -48.11100
    -117.23300    -47.16700
    -116.73100    -46.23800
    -116.26300    -45.32500
    -115.82600    -44.42700
    -115.41700    -43.54200
    -115.03200    -42.67000
    -114.67100    -41.81000
    -114.33000    -40.96200
    -114.00800    -40.12400
    -113.70400    -39.29600
    -113.41700    -38.47900
    -113.14400    -37.67000
    -112.88500    -36.87000
    -112.64000    -36.07800
    -112.40600    -35.29400
    -112.18400    -34.51800
    -111.97300    -33.74900
    -111.77100    -32.98700
    -111.57900    -32.23100
    -111.39600    -31.48100
    -111.22100    -30.73800
    -111.05400    -30.00000
    -110.89400    -29.26800
    -110.74100    -28.54000
    -110.59500    -27.81800
    -110.45600    -27.10100
    -110.32200    -26.38800
    -110.19400    -25.67900
    -110.07200    -24.97500
    -109.95500    -24.27500
    -109.84300    -23.57800
    -109.73600    -22.88500
    -109.63400    -22.19600
    -109.53600    -21.51000
    -109.44300    -20.82700
    -109.35300    -20.14800
    -109.26800    -19.47100
    -109.18600    -18.79700
    -109.10800    -18.12600
    -109.03400    -17.45800
    -108.96400    -16.79100
    -108.89600    -16.12800
    -108.83200    -15.46600
    -108.77200    -14.80700
    -108.71400    -14.14900
    -108.65900    -13.49300
    -108.60800    -12.84000
    -108.55900    -12.18700
    -108.51300    -11.53700
    -108.47000    -10.88800
    -108.43000    -10.24000
    -108.39200     -9.59410
    -108.35700     -8.94900
    -108.32500     -8.30510
    -108.29500     -7.66230
    -108.26800     -7.02040
    -108.24300     -6.37940
    -108.22100     -5.73920
    -108.20100     -5.09970
    -108.18300     -4.46080
    -108.16800     -3.82260
    -108.15500     -3.18470
    -108.14500     -2.54730
    -108.13700     -1.91020
    -108.13100     -1.27330
    -108.12700     -0.63663
    -108.12600      0.00000
    -108.12700      0.63663
    -108.13100      1.27330
    -108.13700      1.91020
    -108.14500      2.54730
    -108.15500      3.18470
    -108.16800      3.82260
    -108.18300      4.46080
    -108.20100      5.09970
    -108.22100      5.73920
    -108.24300      6.37940
    -108.26800      7.02040
    -108.29500      7.66230
    -108.32500      8.30510
    -108.35700      8.94900
    -108.39200      9.59410
    -108.43000     10.24000
    -108.47000     10.88800
    -108.51300     11.53700
    -108.55900     12.18700
    -108.60800     12.84000
    -108.65900     13.49300
    -108.71400     14.14900
    -108.77200     14.80700
    -108.83200     15.46600
    -108.89600     16.12800
    -108.96400     16.79100
    -109.03400     17.45800
    -109.10800     18.12600
    -109.18600     18.79700
    -109.26800     19.47100
    -109.35300     20.14800
    -109.44300     20.82700
    -109.53600     21.51000
    -109.63400     22.19600
    -109.73600     22.88500
    -109.84300     23.57800
    -109.95500     24.27500
    -110.07200     24.97500
    -110.19400     25.67900
    -110.32200     26.38800
    -110.45600     27.10100
    -110.59500     27.81800
    -110.74100     28.54000
    -110.89400     29.26800
    -111.05400     30.00000
    -111.22100     30.73800
    -111.39600     31.48100
    -111.57900     32.23100
    -111.77100     32.98700
    -111.97300     33.74900
    -112.18400     34.51800
    -112.40600     35.29400
    -112.64000     36.07800
    -112.88500     36.87000
    -113.14400     37.67000
    -113.41700     38.47900
    -113.70400     39.29600
    -114.00800     40.12400
    -114.33000     40.96200
    -114.67100     41.81000
    -115.03200     42.67000
    -115.41700     43.54200
    -115.82600     44.42700
    -116.26300     45.32500
    -116.73100     46.23800
    -117.23300     47.16700
    -117.77200     48.11100
    -118.35400     49.07400
    -118.98400     50.05500
    -119.66800     51.05800
    -120.41500     52.08200
    -121.23300     53.13000
    -122.13500     54.20500
    -123.13500     55.30800
    -124.25100     56.44300
    -125.50800     57.61200
    -126.93700     58.82100
    -128.58000     60.07400
    -130.49700     61.37500
    -132.77300     62.73400
    -135.54000     64.15800
    -139.01000     65.65900
    -143.57300     67.25300
    -150.06300     68.96100
    -161.18600     70.81200
</sweep>
<sweep>
    -155.89100    -70.81200
    -146.68100    -68.96100
    -140.88400    -67.25300
    -136.70800    -65.65900
    -133.49200    -64.15800
    -130.90800    -62.73400
    -128.77100    -61.37500
    -126.96600    -60.07400
    -125.41400    -58.82100
    -124.06100    -57.61200
    -122.86900    -56.44300
    -121.80900    -55.30800
    -120.85800    -54.20500
    -120.00000    -53.13000
    -119.22100    -52.08200
    -118.50900    -51.05800
    -117.85600    -50.05500
    -117.25500    -49.07400
    -116.70000    -48.11100
    -116.18400    -47.16700
    -115.70500    -46.23800
    -115.25800    -45.32500
    -114.84000    -44.42700
    -114.44800    -43.54200
    -114.08000    -42.67000
    -113.73400    -41.81000
    -113.40800    -40.96200
    -113.10000    -40.12400
    -112.80900    -39.29600
    -112.53300    -38.47900
    -112.27200    -37.67000
    -112.02400    -36.87000
    -111.78900    -36.07800
    -111.56500    -35.29400
    -111.35200    -34.51800
    -111.14900    -33.74900
    -110.95600    -32.98700
    -110.77200    -32.23100
    -110.59600    -31.48100
    -110.42800    -30.73800
    -110.26800    -30.00000
    -110.11500    -29.26800
    -109.96800    -28.54000
    -109.82800    -27.81800
    -109.69400    -27.10100
    -109.56600    -26.38800
    -109.44300    -25.67900
    -109.32600    -24.97500
    -109.21400    -24.27500
    -109.10700    -23.57800
    -109.00400    -22.88500
    -108.90600    -22.19600
    -108.81200    -21.51000
    -108.72200    -20.82700
    -108.63600    -20.14800
    -108.55400    -19.47100
    -108.47600    -18.79700
    -108.40100    -18.12600
    -108.33000    -17.45800
    -108.26200    -16.79100
    -108.19700    -16.12800
    -108.13600    -15.46600
    -108.07800    -14.80700
    -108.02200    -14.14900
    -107.97000    -13.49300
    -107.92000    -12.84000
    -107.87400    -12.18700
    -107.83000    -11.53700
    -107.78800    -10.88800
    -107.75000    -10.24000
    -107.71300     -9.59410
    -107.68000     -8.94900
    -107.64900     -8.30510
    -107.62000     -7.66230
    -107.59400     -7.02040
    -107.57000     -6.37940
    -107.54800     -5.73920
    -107.52900     -5.09970
    -107.51200     -4.46080
    -107.49800     -3.82260
    -107.48500     -3.18470
    -107.47500     -2.54730
    -107.46800     -1.91020
    -107.46200     -1.27330
    -107.45900     -0.63663
    -107.45800      0.00000
    -107.45900      0.63663
    -107.46200      1.27330
    -107.46800      1.91020
    -107.47500      2.54730
    -107.48500      3.18470
    -107.49800      3.82260
    -107.51200      4.46080
    -107.52900      5.09970
    -107.54800      5.73920
    -107.57000      6.37940
    -107.59400      7.02040
    -107.62000      7.66230
    -107.64900      8.30510
    -107.68000      8.94900
    -107.71300      9.59410
    -107.75000     10.24000
    -107.78800     10.88800
    -107.83000     11.53700
    -107.87400     12.18700
    -107.92000     12.84000
    -107.97000     13.49300
    -108.02200     14.14900
    -108.07800     14.80700
    -108.13600     15.46600
    -108.19700     16.12800
    -108.26200     16.79100
    -108.33000     17.45800
    -108.40100     18.12600
    -108.47600     18.79700
    -108.55400     19.47100
    -108.63600     20.14800
    -108.72200     20.82700
    -108.81200     21.51000
    -108.90600     22.19600
    -109.00400     22.88500
    -109.10700     23.57800
    -109.21400     24.27500
    -109.32600     24.97500
    -109.44300     25.67900
    -109.56600     26.38800
    -109.69400     27.10100
    -109.82800     27.81800
    -109.96800     28.54000
    -110.11500     29.26800
    -110.26800     30.00000
    -110.42800     30.73800
    -110.59600     31.48100
    -110.77200     32.23100
    -110.95600     32.98700
    -111.14900     33.74900
    -111.35200     34.51800
    -111.56500     35.29400
    -111.78900     36.07800
    -112.02400     36.87000
    -112.27200     37.67000
    -112.53300     38.47900
    -112.80900     39.29600
    -113.10000     40.12400
    -113.40800     40.96200
    -113.73400     41.81000
    -114.08000     42.67000
    -114.44800     43.54200
    -114.84000     44.42700
    -115.25800     45.32500
    -115.70500     46.23800
    -116.18400     47.16700
    -116.70000     48.11100
    -117.25500     49.07400
    -117.85600     50.05500
    -118.50900     51.05800
    -119.22100     52.08200
    -120.00000     53.13000
    -120.85800     54.20500
    -121.80900     55.30800
    -122.86900     56.44300
    -124.06100     57.61200
    -125.41400     58.82100
    -126.96600     60.07400
    -128.77100     61.37500
    -130.90800     62.73400
    -133.49200     64.15800
    -136.70800     65.65900
    -140.88400     67.25300
    -146.68100     68.96100
    -155.89100     70.81200
</sweep>
<sweep>
    -168.49600    -72.85400
    -151.51700    -70.81200
    -143.57900    -68.96100
    -138.34300    -67.25300
    -134.50000    -65.65900
    -131.51000    -64.15800
    -129.09400    -62.73400
    -127.08700    -61.37500
    -125.38500    -60.07400
    -123.91800    -58.82100
    -122.63800    -57.61200
    -121.50800    -56.44300
    -120.50200    -55.30800
    -119.59800    -54.20500
    -118.78200    -53.13000
    -118.04000    -52.08200
    -117.36300    -51.05800
    -116.74100    -50.05500
    -116.16700    -49.07400
    -115.63700    -48.11100
    -115.14500    -47.16700
    -114.68800    -46.23800
    -114.26100    -45.32500
    -113.86100    -44.42700
    -113.48700    -43.54200
    -113.13500    -42.67000
    -112.80400    -41.81000
    -112.49200    -40.96200
    -112.19800    -40.12400
    -111.91900    -39.29600
    -111.65600    -38.47900
    -111.40600    -37.67000
    -111.16800    -36.87000
    -110.94300    -36.07800
    -110.72900    -35.29400
    -110.52500    -34.51800
    -110.33100    -33.74900
    -110.14600    -32.98700
    -109.96900    -32.23100
    -109.80100    -31.48100
    -109.64000    -30.73800
    -109.48600    -30.00000
    -109.33900    -29.26800
    -109.19900    -28.54000
    -109.06500    -27.81800
    -108.93600    -27.10100
    -108.81400    -26.38800
    -108.69600    -25.67900
    -108.58400    -24.97500
    -108.47600    -24.27500
    -108.37300    -23.57800
    -108.27500    -22.88500
    -108.18000    -22.19600
    -108.09000    -21.51000
    -108.00400    -20.82700
    -107.92200    -20.14800
    -107.84300    -19.47100
    -107.76800    -18.79700
    -107.69600    -18.12600
    -107.62800    -17.45800
    -107.56300    -16.79100
    -107.50100    -16.12800
    -107.44200    -15.46600
    -107.38600    -14.80700
    -107.33300    -14.14900
    -107.28300    -13.49300
    -107.23500    -12.84000
    -107.19100    -12.18700
    -107.14800    -11.53700
    -107.10900    -10.88800
    -107.07200    -10.24000
    -107.03700     -9.59410
    -107.00500     -8.94900
    -106.97500     -8.30510
    -106.94700     -7.66230
    -106.92200     -7.02040
    -106.89900     -6.37940
    -106.87900     -5.73920
    -106.86000     -5.09970
    -106.84400     -4.46080
    -106.83000     -3.82260
    -106.81800     -3.18470
    -106.80900     -2.54730
    -106.80100     -1.91020
    -106.79600     -1.27330
    -106.79300     -0.63663
    -106.79100      0.00000
    -106.79300      0.63663
    -106.79600      1.27330
    -106.80100      1.91020
    -106.80900      2.54730
    -106.81800      3.18470
    -106.83000      3.82260
    -106.84400      4.46080
    -106.86000      5.09970
    -106.87900      5.73920
    -106.89900      6.37940
    -106.92200      7.02040
    -106.94700      7.66230
    -106.97500      8.30510
    -107.00500      8.94900
    -107.03700      9.59410
    -107.07200     10.24000
    -107.10900     10.88800
    -107.14800     11.53700
    -107.19100     12.18700
    -107.23500     12.84000
    -107.28300     13.49300
    -107.33300     14.14900
    -107.38600     14.80700
    -107.44200     15.46600
    -107.50100     16.12800
    -107.56300     16.79100
    -107.62800     17.45800
    -107.69600     18.12600
    -107.76800     18.79700
    -107.84300     19.47100
    -107.92200     20.14800
    -108.00400     20.82700
    -108.09000     21.51000
    -108.18000     22.19600
    -108.27500     22.88500
    -108.37300     23.57800
    -108.47600     24.27500
    -108.58400     24.97500
    -108.69600     25.67900
    -108.81400     26.38800
    -108.93600     27.10100
    -109.06500     27.81800
    -109.19900     28.54000
    -109.33900     29.26800
    -109.48600     30.00000
    -109.64000     30.73800
    -109.80100     31.48100
    -109.96900     32.23100
    -110.14600     32.98700
    -110.33100     33.74900
    -110.52500     34.51800
    -110.72900     35.29400
    -110.94300     36.07800
    -111.16800     36.87000
    -111.40600     37.67000
    -111.65600     38.47900
    -111.91900     39.29600
    -112.19800     40.12400
    -112.49200     40.96200
    -112.80400     41.81000
    -113.13500     42.67000
    -113.48700     43.54200
    -113.86100     44.42700
    -114.26100     45.32500
    -114.68800     46.23800
    -115.14500     47.16700
    -115.63700     48.11100
    -116.16700     49.07400
    -116.74100     50.05500
    -117.36300     51.05800
    -118.04000     52.08200
    -118.78200     53.13000
    -119.59800     54.20500
    -120.50200     55.30800
    -121.50800     56.44300
    -122.63800     57.61200
    -123.91800     58.82100
    -125.38500     60.07400
    -127.08700     61.37500
    -129.09400     62.73400
    -131.51000     64.15800
    -134.50000     65.65900
    -138.34300     67.25300
    -143.57900     68.96100
    -151.51700     70.81200
    -168.49600     72.85400
</sweep>
<sweep>
    -160.42800    -72.85400
    -147.68800    -70.81200
    -140.69000    -68.96100
    -135.92300    -67.25300
    -132.37300    -65.65900
    -129.58800    -64.15800
    -127.32500    -62.73400
    -125.43900    -61.37500
    -123.83400    -60.07400
    -122.44900    -58.82100
    -121.23800    -57.61200
    -120.16700    -56.44300
    -119.21200    -55.30800
    -118.35400    -54.20500
    -117.57800    -53.13000
    -116.87300    -52.08200
    -116.22800    -51.05800
    -115.63600    -50.05500
    -115.08900    -49.07400
    -114.58400    -48.11100
    -114.11500    -47.16700
    -113.67900    -46.23800
    -113.27100    -45.32500
    -112.89000    -44.42700
    -112.53300    -43.54200
    -112.19700    -42.67000
    -111.88100    -41.81000
    -111.58300    -40.96200
    -111.30100    -40.12400
    -111.03500    -39.29600
    -110.78300    -38.47900
    -110.54400    -37.67000
    -110.31800    -36.87000
    -110.10200    -36.07800
    -109.89700    -35.29400
    -109.70200    -34.51800
    -109.51600    -33.74900
    -109.33900    -32.98700
    -109.17000    -32.23100
    -109.00900    -31.48100
    -108.85500    -30.73800
    -108.70800    -30.00000
    -108.56800    -29.26800
    -108.43300    -28.54000
    -108.30500    -27.81800
    -108.18200    -27.10100
    -108.06400    -26.38800
    -107.95200    -25.67900
    -107.84400    -24.97500
    -107.74100    -24.27500
    -107.64300    -23.57800
    -107.54800    -22.88500
    -107.45800    -22.19600
    -107.37200    -21.51000
    -107.28900    -20.82700
    -107.21100    -20.14800
    -107.13500    -19.47100
    -107.06300    -18.79700
    -106.99500    -18.12600
    -106.92900    -17.45800
    -106.86700    -16.79100
    -106.80800    -16.12800
    -106.75100    -15.46600
    -106.69700    -14.80700
    -106.64700    -14.14900
    -106.59800    -13.49300
    -106.55300    -12.84000
    -106.51000    -12.18700
    -106.47000    -11.53700
    -106.43200    -10.88800
    -106.39600    -10.24000
    -106.36300     -9.59410
    -106.33200     -8.94900
    -106.30300     -8.30510
    -106.27700     -7.66230
    -106.25300     -7.02040
    -106.23100     -6.37940
    -106.21100     -5.73920
    -106.19300     -5.09970
    -106.17800     -4.46080
    -106.16500     -3.82260
    -106.15300     -3.18470
    -106.14400     -2.54730
    -106.13700     -1.91020
    -106.13200     -1.27330
    -106.12900     -0.63663
    -106.12800      0.00000
    -106.12900      0.63663
    -106.13200      1.27330
    -106.13700      1.91020
    -106.14400      2.54730
    -106.15300      3.18470
    -106.16500      3.82260
    -106.17800      4.46080
    -106.19300      5.09970
    -106.21100      5.73920
    -106.23100      6.37940
    -106.25300      7.02040
    -106.27700      7.66230
    -106.30300      8.30510
    -106.33200      8.94900
    -106.36300      9.59410
    -106.39600     10.24000
    -106.43200     10.88800
    -106.47000     11.53700
    -106.51000     12.18700
    -106.55300     12.84000
    -106.59800     13.49300
    -106.64700     14.14900
    -106.69700     14.80700
    -106.75100     15.46600
    -106.80800     16.12800
    -106.86700     16.79100
    -106.92900     17.45800
    -106.99500     18.12600
    -107.06300     18.79700
    -107.13500     19.47100
    -107.21100     20.14800
    -107.28900     20.82700
    -107.37200     21.51000
    -107.45800     22.19600
    -107.54800     22.88500
    -107.64300     23.57800
    -107.74100     24.27500
    -107.84400     24.97500
    -107.95200     25.67900
    -108.06400     26.38800
    -108.18200     27.10100
    -108.30500     27.81800
    -108.43300     28.54000
    -108.56800     29.26800
    -108.70800     30.00000
    -108.85500     30.73800
    -109.00900     31.48100
    -109.17000     32.23100
    -109.33900     32.98700
    -109.51600     33.74900
    -109.70200     34.51800
    -109.89700     35.29400
    -110.10200     36.07800
    -110.31800     36.87000
    -110.54400     37.67000
    -110.78300     38.47900
    -111.03500     39.29600
    -111.30100     40.12400
    -111.58300     40.96200
    -111.88100     41.81000
    -112.19700     42.67000
    -112.53300     43.54200
    -112.89000     44.42700
    -113.27100     45.32500
    -113.67900     46.23800
    -114.11500     47.16700
    -114.58400     48.11100
    -115.08900     49.07400
    -115.63600     50.05500
    -116.22800     51.05800
    -116.87300     52.08200
    -117.57800     53.13000
    -118.35400     54.20500
    -119.21200     55.30800
    -120.16700     56.44300
    -121.23800     57.61200
    -122.44900     58.82100
    -123.83400     60.07400
    -125.43900     61.37500
    -127.32500     62.73400
    -129.58800     64.15800
    -132.37300     65.65900
    -135.92300     67.25300
    -140.69000     68.96100
    -147.68800     70.81200
    -160.42800     72.85400
</sweep>
<sweep>
    -154.76100    -72.85400
    -144.22800    -70.81200
    -137.96900    -68.96100
    -133.60400    -67.25300
    -130.31600    -65.65900
    -127.71800    -64.15800
    -125.59700    -62.73400
    -123.82300    -61.37500
    -122.31200    -60.07400
    -121.00300    -58.82100
    -119.85700    -57.61200
    -118.84300    -56.44300
    -117.93800    -55.30800
    -117.12400    -54.20500
    -116.38800    -53.13000
    -115.71700    -52.08200
    -115.10400    -51.05800
    -114.54100    -50.05500
    -114.02100    -49.07400
    -113.54000    -48.11100
    -113.09300    -47.16700
    -112.67800    -46.23800
    -112.28900    -45.32500
    -111.92600    -44.42700
    -111.58500    -43.54200
    -111.26500    -42.67000
    -110.96300    -41.81000
    -110.67900    -40.96200
    -110.41000    -40.12400
    -110.15600    -39.29600
    -109.91600    -38.47900
    -109.68800    -37.67000
    -109.47100    -36.87000
    -109.26500    -36.07800
    -109.07000    -35.29400
    -108.88400    -34.51800
    -108.70600    -33.74900
    -108.53700    -32.98700
    -108.37600    -32.23100
    -108.22200    -31.48100
    -108.07400    -30.73800
    -107.93400    -30.00000
    -107.80000    -29.26800
    -107.67100    -28.54000
    -107.54800    -27.81800
    -107.43100    -27.10100
    -107.31900    -26.38800
    -107.21100    -25.67900
    -107.10800    -24.97500
    -107.01000    -24.27500
    -106.91500    -23.57800
    -106.82500    -22.88500
    -106.73900    -22.19600
    -106.65600    -21.51000
    -106.57700    -20.82700
    -106.50200    -20.14800
    -106.43000    -19.47100
    -106.36100    -18.79700
    -106.29600    -18.12600
    -106.23300    -17.45800
    -106.17300    -16.79100
    -106.11600    -16.12800
    -106.06300    -15.46600
    -106.01100    -14.80700
    -105.96300    -14.14900
    -105.91700    -13.49300
    -105.87300    -12.84000
    -105.83200    -12.18700
    -105.79300    -11.53700
    -105.75700    -10.88800
    -105.72300    -10.24000
    -105.69100     -9.59410
    -105.66100     -8.94900
    -105.63400     -8.30510
    -105.60900     -7.66230
    -105.58600     -7.02040
    -105.56500     -6.37940
    -105.54600     -5.73920
    -105.52900     -5.09970
    -105.51400     -4.46080
    -105.50100     -3.82260
    -105.49100     -3.18470
    -105.48200     -2.54730
    -105.47500     -1.91020
    -105.47000     -1.27330
    -105.46700     -0.63663
    -105.46600      0.00000
    -105.46700      0.63663
    -105.47000      1.27330
    -105.47500      1.91020
    -105.48200      2.54730
    -105.49100      3.18470
    -105.50100      3.82260
    -105.51400      4.46080
    -105.52900      5.09970
    -105.54600      5.73920
    -105.56500      6.37940
    -105.58600      7.02040
    -105.60900      7.66230
    -105.63400      8.30510
    -105.66100      8.94900
    -105.69100      9.59410
    -105.72300     10.24000
    -105.75700     10.88800
    -105.79300     11.53700
    -105.83200     12.18700
    -105.87300     12.84000
    -105.91700     13.49300
    -105.96300     14.14900
    -106.01100     14.80700
    -106.06300     15.46600
    -106.11600     16.12800
    -106.17300     16.79100
    -106.23300     17.45800
    -106.29600     18.12600
    -106.36100     18.79700
    -106.43000     19.47100
    -106.50200     20.14800
    -106.57700     20.82700
    -106.65600     21.51000
    -106.73900     22.19600
    -106.82500     22.88500
    -106.91500     23.57800
    -107.01000     24.27500
    -107.10800     24.97500
    -107.21100     25.67900
    -107.31900     26.38800
    -107.43100     27.10100
    -107.54800     27.81800
    -107.67100     28.54000
    -107.80000     29.26800
    -107.93400     30.00000
    -108.07400     30.73800
    -108.22200     31.48100
    -108.37600     32.23100
    -108.53700     32.98700
    -108.70600     33.74900
    -108.88400     34.51800
    -109.07000     35.29400
    -109.26500     36.07800
    -109.47100     36.87000
    -109.68800     37.67000
    -109.91600     38.47900
    -110.15600     39.29600
    -110.41000     40.12400
    -110.67900     40.96200
    -110.96300     41.81000
    -111.26500     42.67000
    -111.58500     43.54200
    -111.92600     44.42700
    -112.28900     45.32500
    -112.67800     46.23800
    -113.09300     47.16700
    -113.54000     48.11100
    -114.02100     49.07400
    -114.54100     50.05500
    -115.10400     51.05800
    -115.71700     52.08200
    -116.38800     53.13000
    -117.12400     54.20500
    -117.93800     55.30800
    -118.84300     56.44300
    -119.85700     57.61200
    -121.00300     58.82100
    -122.31200     60.07400
    -123.82300     61.37500
    -125.59700     62.73400
    -127.71800     64.15800
    -130.31600     65.65900
    -133.60400     67.25300
    -137.96900     68.96100
    -144.22800     70.81200
    -154.76100     72.85400
</sweep>
<sweep>
    -176.48100    -75.16500
    -150.09400    -72.85400
    -141.03600    -70.81200
    -135.38400    -68.96100
    -131.37100    -67.25300
    -128.31900    -65.65900
    -125.89400    -64.15800
    -123.90600    -62.73400
    -122.23800    -61.37500
    -120.81400    -60.07400
    -119.57900    -58.82100
    -118.49600    -57.61200
    -117.53700    -56.44300
    -116.68000    -55.30800
    -115.90800    -54.20500
    -115.20900    -53.13000
    -114.57300    -52.08200
    -113.99100    -51.05800
    -113.45500    -50.05500
    -112.96100    -49.07400
    -112.50400    -48.11100
    -112.07900    -47.16700
    -111.68400    -46.23800
    -111.31400    -45.32500
    -110.96800    -44.42700
    -110.64400    -43.54200
    -110.33900    -42.67000
    -110.05100    -41.81000
    -109.78100    -40.96200
    -109.52500    -40.12400
    -109.28300    -39.29600
    -109.05300    -38.47900
    -108.83600    -37.67000
    -108.62900    -36.87000
    -108.43300    -36.07800
    -108.24700    -35.29400
    -108.06900    -34.51800
    -107.90000    -33.74900
    -107.73800    -32.98700
    -107.58400    -32.23100
    -107.43700    -31.48100
    -107.29700    -30.73800
    -107.16300    -30.00000
    -107.03500    -29.26800
    -106.91200    -28.54000
    -106.79500    -27.81800
    -106.68300    -27.10100
    -106.57600    -26.38800
    -106.47300    -25.67900
    -106.37500    -24.97500
    -106.28100    -24.27500
    -106.19100    -23.57800
    -106.10500    -22.88500
    -106.02200    -22.19600
    -105.94300    -21.51000
    -105.86800    -20.82700
    -105.79600    -20.14800
    -105.72700    -19.47100
    -105.66200    -18.79700
    -105.59900    -18.12600
    -105.53900    -17.45800
    -105.48200    -16.79100
    -105.42800    -16.12800
    -105.37600    -15.46600
    -105.32700    -14.80700
    -105.28100    -14.14900
    -105.23700    -13.49300
    -105.19500    -12.84000
    -105.15600    -12.18700
    -105.11900    -11.53700
    -105.08400    -10.88800
    -105.05200    -10.24000
    -105.02100     -9.59410
    -104.99300     -8.94900
    -104.96700     -8.30510
    -104.94300     -7.66230
    -104.92100     -7.02040
    -104.90100     -6.37940
    -104.88300     -5.73920
    -104.86700     -5.09970
    -104.85300     -4.46080
    -104.84000     -3.82260
    -104.83000     -3.18470
    -104.82100     -2.54730
    -104.81500     -1.91020
    -104.81000     -1.27330
    -104.80700     -0.63663
    -104.80700      0.00000
    -104.80700      0.63663
    -104.81000      1.27330
    -104.81500      1.91020
    -104.82100      2.54730
    -104.83000      3.18470
    -104.84000      3.82260
    -104.85300      4.46080
    -104.86700      5.09970
    -104.88300      5.73920
    -104.90100      6.37940
    -104.92100      7.02040
    -104.94300      7.66230
    -104.96700      8.30510
    -104.99300      8.94900
    -105.02100      9.59410
    -105.05200     10.24000
    -105.08400     10.88800
    -105.11900     11.53700
    -105.15600     12.18700
    -105.19500     12.84000
    -105.23700     13.49300
    -105.28100     14.14900
    -105.32700     14.80700
    -105.37600     15.46600
    -105.42800     16.12800
    -105.48200     16.79100
    -105.53900     17.45800
    -105.59900     18.12600
    -105.66200     18.79700
    -105.72700     19.47100
    -105.79600     20.14800
    -105.86800     20.82700
    -105.94300     21.51000
    -106.02200     22.19600
    -106.10500     22.88500
    -106.19100     23.57800
    -106.28100     24.27500
    -106.37500     24.97500
    -106.47300     25.67900
    -106.57600     26.38800
    -106.68300     27.10100
    -106.79500     27.81800
    -106.91200     28.54000
    -107.03500     29.26800
    -107.16300     30.00000
    -107.29700     30.73800
    -107.43700     31.48100
    -107.58400     32.23100
    -107.73800     32.98700
    -107.90000     33.74900
    -108.06900     34.51800
    -108.24700     35.29400
    -108.43300     36.07800
    -108.62900     36.87000
    -108.83600     37.67000
    -109.05300     38.47900
    -109.28300     39.29600
    -109.52500     40.12400
    -109.78100     40.96200
    -110.05100     41.81000
    -110.33900     42.67000
    -110.64400     43.54200
    -110.96800     44.42700
    -111.31400     45.32500
    -111.68400     46.23800
    -112.07900     47.16700
    -112.50400     48.11100
    -112.96100     49.07400
    -113.45500     50.05500
    -113.99100     51.05800
    -114.57300     52.08200
    -115.20900     53.13000
    -115.90800     54.20500
    -116.68000     55.30800
    -117.53700     56.44300
    -118.49600     57.61200
    -119.57900     58.82100
    -120.81400     60.07400
    -122.23800     61.37500
    -123.90600     62.73400
    -125.89400     64.15800
    -128.31900     65.65900
    -131.37100     67.25300
    -135.38400     68.96100
    -141.03600     70.81200
    -150.09400     72.85400
    -176.48100     75.16500
</sweep>
<sweep>
    -162.69200    -75.16500
    -146.01200    -72.85400
    -138.05100    -70.81200
    -132.91300    -68.96100
    -129.21200    -67.25300
    -126.37600    -65.65900
    -124.11100    -64.15800
    -122.24800    -62.73400
    -120.68000    -61.37500
    -119.33900    -60.07400
    -118.17500    -58.82100
    -117.15200    -57.61200
    -116.24500    -56.44300
    -115.43400    -55.30800
    -114.70400    -54.20500
    -114.04200    -53.13000
    -113.43900    -52.08200
    -112.88700    -51.05800
    -112.37900    -50.05500
    -111.91000    -49.07400
    -111.47600    -48.11100
    -111.07200    -47.16700
    -110.69600    -46.23800
    -110.34500    -45.32500
    -110.01600    -44.42700
    -109.70800    -43.54200
    -109.41800    -42.67000
    -109.14500    -41.81000
    -108.88700    -40.96200
    -108.64400    -40.12400
    -108.41300    -39.29600
    -108.19500    -38.47900
    -107.98800    -37.67000
    -107.79200    -36.87000
    -107.60500    -36.07800
    -107.42700    -35.29400
    -107.25800    -34.51800
    -107.09700    -33.74900
    -106.94300    -32.98700
    -106.79700    -32.23100
    -106.65700    -31.48100
    -106.52300    -30.73800
    -106.39500    -30.00000
    -106.27300    -29.26800
    -106.15600    -28.54000
    -106.04500    -27.81800
    -105.93800    -27.10100
    -105.83600    -26.38800
    -105.73800    -25.67900
    -105.64400    -24.97500
    -105.55400    -24.27500
    -105.46900    -23.57800
    -105.38700    -22.88500
    -105.30800    -22.19600
    -105.23300    -21.51000
    -105.16100    -20.82700
    -105.09200    -20.14800
    -105.02700    -19.47100
    -104.96400    -18.79700
    -104.90500    -18.12600
    -104.84800    -17.45800
    -104.79300    -16.79100
    -104.74200    -16.12800
    -104.69200    -15.46600
    -104.64600    -14.80700
    -104.60100    -14.14900
    -104.55900    -13.49300
    -104.52000    -12.84000
    -104.48200    -12.18700
    -104.44700    -11.53700
    -104.41400    -10.88800
    -104.38300    -10.24000
    -104.35400     -9.59410
    -104.32700     -8.94900
    -104.30200     -8.30510
    -104.27900     -7.66230
    -104.25800     -7.02040
    -104.23900     -6.37940
    -104.22200     -5.73920
    -104.20600     -5.09970
    -104.19300     -4.46080
    -104.18100     -3.82260
    -104.17100     -3.18470
    -104.16300     -2.54730
    -104.15700     -1.91020
    -104.15300     -1.27330
    -104.15000     -0.63663
    -104.14900      0.00000
    -104.15000      0.63663
    -104.15300      1.27330
    -104.15700      1.91020
    -104.16300      2.54730
    -104.17100      3.18470
    -104.18100      3.82260
    -104.19300      4.46080
    -104.20600      5.09970
    -104.22200      5.73920
    -104.23900      6.37940
    -104.25800      7.02040
    -104.27900      7.66230
    -104.30200      8.30510
    -104.32700      8.94900
    -104.35400      9.59410
    -104.38300     10.24000
    -104.41400     10.88800
    -104.44700     11.53700
    -104.48200     12.18700
    -104.52000     12.84000
    -104.55900     13.49300
    -104.60100     14.14900
    -104.64600     14.80700
    -104.69200     15.46600
    -104.74200     16.12800
    -104.79300     16.79100
    -104.84800     17.45800
    -104.90500     18.12600
    -104.96400     18.79700
    -105.02700     19.47100
    -105.09200     20.14800
    -105.16100     20.82700
    -105.23300     21.51000
    -105.30800     22.19600
    -105.38700     22.88500
    -105.46900     23.57800
    -105.55400     24.27500
    -105.64400     24.97500
    -105.73800     25.67900
    -105.83600     26.38800
    -105.93800     27.10100
    -106.04500     27.81800
    -106.15600     28.54000
    -106.27300     29.26800
    -106.39500     30.00000
    -106.52300     30.73800
    -106.65700     31.48100
    -106.79700     32.23100
    -106.94300     32.98700
    -107.09700     33.74900
    -107.25800     34.51800
    -107.42700     35.29400
    -107.60500     36.07800
    -107.79200     36.87000
    -107.98800     37.67000
    -108.19500     38.47900
    -108.41300     39.29600
    -108.64400     40.12400
    -108.88700     40.96200
    -109.14500     41.81000
    -109.41800     42.67000
    -109.70800     43.54200
    -110.01600     44.42700
    -110.34500     45.32500
    -110.69600     46.23800
    -111.07200     47.16700
    -111.47600     48.11100
    -111.91000     49.07400
    -112.37900     50.05500
    -112.88700     51.05800
    -113.43900     52.08200
    -114.04200     53.13000
    -114.70400     54.20500
    -115.43400     55.30800
    -116.24500     56.44300
    -117.15200     57.61200
    -118.17500     58.82100
    -119.33900     60.07400
    -120.68000     61.37500
    -122.24800     62.73400
    -124.11100     64.15800
    -126.37600     65.65900
    -129.21200     67.25300
    -132.91300     68.96100
    -138.05100     70.81200
    -146.01200     72.85400
    -162.69200     75.16500
</sweep>
<sweep>
    -155.68900    -75.16500
    -142.32300    -72.85400
    -135.22900    -70.81200
    -130.53700    -68.96100
    -127.11800    -67.25300
    -124.48000    -65.65900
    -122.36400    -64.15800
    -120.61900    -62.73400
    -119.14700    -61.37500
    -117.88600    -60.07400
    -116.78900    -58.82100
    -115.82400    -57.61200
    -114.96800    -56.44300
    -114.20200    -55.30800
    -113.51200    -54.20500
    -112.88500    -53.13000
    -112.31500    -52.08200
    -111.79200    -51.05800
    -111.31000    -50.05500
    -110.86600    -49.07400
    -110.45500    -48.11100
    -110.07200    -47.16700
    -109.71600    -46.23800
    -109.38300    -45.32500
    -109.07100    -44.42700
    -108.77800    -43.54200
    -108.50200    -42.67000
    -108.24300    -41.81000
    -107.99800    -40.96200
    -107.76700    -40.12400
    -107.54800    -39.29600
    -107.34100    -38.47900
    -107.14400    -37.67000
    -106.95800    -36.87000
    -106.78000    -36.07800
    -106.61100    -35.29400
    -106.45100    -34.51800
    -106.29700    -33.74900
    -106.15100    -32.98700
    -106.01200    -32.23100
    -105.87900    -31.48100
    -105.75200    -30.73800
    -105.63000    -30.00000
    -105.51400    -29.26800
    -105.40300    -28.54000
    -105.29700    -27.81800
    -105.19500    -27.10100
    -105.09800    -26.38800
    -105.00500    -25.67900
    -104.91600    -24.97500
    -104.83100    -24.27500
    -104.74900    -23.57800
    -104.67100    -22.88500
    -104.59600    -22.19600
    -104.52500    -21.51000
    -104.45700    -20.82700
    -104.39100    -20.14800
    -104.32900    -19.47100
    -104.26900    -18.79700
    -104.21200    -18.12600
    -104.15800    -17.45800
    -104.10700    -16.79100
    -104.05700    -16.12800
    -104.01100    -15.46600
    -103.96600    -14.80700
    -103.92400    -14.14900
    -103.88400    -13.49300
    -103.84600    -12.84000
    -103.81100    -12.18700
    -103.77700    -11.53700
    -103.74600    -10.88800
    -103.71600    -10.24000
    -103.68900     -9.59410
    -103.66300     -8.94900
    -103.63900     -8.30510
    -103.61700     -7.66230
    -103.59700     -7.02040
    -103.57900     -6.37940
    -103.56300     -5.73920
    -103.54800     -5.09970
    -103.53500     -4.46080
    -103.52400     -3.82260
    -103.51500     -3.18470
    -103.50700     -2.54730
    -103.50100     -1.91020
    -103.49700     -1.27330
    -103.49400     -0.63663
    -103.49300      0.00000
    -103.49400      0.63663
    -103.49700      1.27330
    -103.50100      1.91020
    -103.50700      2.54730
    -103.51500      3.18470
    -103.52400      3.82260
    -103.53500      4.46080
    -103.54800      5.09970
    -103.56300      5.73920
    -103.57900      6.37940
    -103.59700      7.02040
    -103.61700      7.66230
    -103.63900      8.30510
    -103.66300      8.94900
    -103.68900      9.59410
    -103.71600     10.24000
    -103.74600     10.88800
    -103.77700     11.53700
    -103.81100     12.18700
    -103.84600     12.84000
    -103.88400     13.49300
    -103.92400     14.14900
    -103.96600     14.80700
    -104.01100     15.46600
    -104.05700     16.12800
    -104.10700     16.79100
    -104.15800     17.45800
    -104.21200     18.12600
    -104.26900     18.79700
    -104.32900     19.47100
    -104.39100     20.14800
    -104.45700     20.82700
    -104.52500     21.51000
    -104.59600     22.19600
    -104.67100     22.88500
    -104.74900     23.57800
    -104.83100     24.27500
    -104.91600     24.97500
    -105.00500     25.67900
    -105.09800     26.38800
    -105.19500     27.10100
    -105.29700     27.81800
    -105.40300     28.54000
    -105.51400     29.26800
    -105.63000     30.00000
    -105.75200     30.73800
    -105.87900     31.48100
    -106.01200     32.23100
    -106.15100     32.98700
    -106.29700     33.74900
    -106.45100     34.51800
    -106.61100     35.29400
    -106.78000     36.07800
    -106.95800     36.87000
    -107.14400     37.67000
    -107.34100     38.47900
    -107.54800     39.29600
    -107.76700     40.12400
    -107.99800     40.96200
    -108.24300     41.81000
    -108.50200     42.67000
    -108.77800     43.54200
    -109.07100     44.42700
    -109.38300     45.32500
    -109.71600     46.23800
    -110.07200     47.16700
    -110.45500     48.11100
    -110.86600     49.07400
    -111.31000     50.05500
    -111.79200     51.05800
    -112.31500     52.08200
    -112.88500     53.13000
    -113.51200     54.20500
    -114.20200     55.30800
    -114.96800     56.44300
    -115.82400     57.61200
    -116.78900     58.82100
    -117.88600     60.07400
    -119.14700     61.37500
    -120.61900     62.73400
    -122.36400     64.15800
    -124.48000     65.65900
    -127.11800     67.25300
    -130.53700     68.96100
    -135.22900     70.81200
    -142.32300     72.85400
    -155.68900     75.16500
</sweep>
<sweep>
    -150.21900    -75.16500
    -138.91900    -72.85400
    -132.54100    -70.81200
    -128.24200    -68.96100
    -125.08000    -67.25300
    -122.62700    -65.65900
    -120.65100    -64.15800
    -119.01700    -62.73400
    -117.63700    -61.37500
    -116.45100    -60.07400
    -115.41900    -58.82100
    -114.51100    -57.61200
    -113.70400    -56.44300
    -112.98200    -55.30800
    -112.33000    -54.20500
    -111.73800    -53.13000
    -111.19900    -52.08200
    -110.70500    -51.05800
    -110.25000    -50.05500
    -109.83000    -49.07400
    -109.44000    -48.11100
    -109.07800    -47.16700
    -108.74100    -46.23800
    -108.42500    -45.32500
    -108.13000    -44.42700
    -107.85300    -43.54200
    -107.59200    -42.67000
    -107.34600    -41.81000
    -107.11400    -40.96200
    -106.89500    -40.12400
    -106.68800    -39.29600
    -106.49100    -38.47900
    -106.30500    -37.67000
    -106.12800    -36.87000
    -105.95900    -36.07800
    -105.79900    -35.29400
    -105.64700    -34.51800
    -105.50100    -33.74900
    -105.36300    -32.98700
    -105.23100    -32.23100
    -105.10400    -31.48100
    -104.98400    -30.73800
    -104.86800    -30.00000
    -104.75800    -29.26800
    -104.65300    -28.54000
    -104.55200    -27.81800
    -104.45600    -27.10100
    -104.36300    -26.38800
    -104.27500    -25.67900
    -104.19000    -24.97500
    -104.10900    -24.27500
    -104.03200    -23.57800
    -103.95800    -22.88500
    -103.88700    -22.19600
    -103.81900    -21.51000
    -103.75400    -20.82700
    -103.69200    -20.14800
    -103.63300    -19.47100
    -103.57600    -18.79700
    -103.52200    -18.12600
    -103.47100    -17.45800
    -103.42200    -16.79100
    -103.37500    -16.12800
    -103.33100    -15.46600
    -103.28900    -14.80700
    -103.24800    -14.14900
    -103.21100    -13.49300
    -103.17500    -12.84000
    -103.14100    -12.18700
    -103.10900    -11.53700
    -103.07900    -10.88800
    -103.05100    -10.24000
    -103.02500     -9.59410
    -103.00100     -8.94900
    -102.97800     -8.30510
    -102.95700     -7.66230
    -102.93800     -7.02040
    -102.92100     -6.37940
    -102.90500     -5.73920
    -102.89100     -5.09970
    -102.87900     -4.46080
    -102.86900     -3.82260
    -102.86000     -3.18470
    -102.85300     -2.54730
    -102.84700     -1.91020
    -102.84300     -1.27330
    -102.84000     -0.63663
    -102.84000      0.00000
    -102.84000      0.63663
    -102.84300      1.27330
    -102.84700      1.91020
    -102.85300      2.54730
    -102.86000      3.18470
    -102.86900      3.82260
    -102.87900      4.46080
    -102.89100      5.09970
    -102.90500      5.73920
    -102.92100      6.37940
    -102.93800      7.02040
    -102.95700      7.66230
    -102.97800      8.30510
    -103.00100      8.94900
    -103.02500      9.59410
    -103.05100     10.24000
    -103.07900     10.88800
    -103.10900     11.53700
    -103.14100     12.18700
    -103.17500     12.84000
    -103.21100     13.49300
    -103.24800     14.14900
    -103.28900     14.80700
    -103.33100     15.46600
    -103.37500     16.12800
    -103.42200     16.79100
    -103.47100     17.45800
    -103.52200     18.12600
    -103.57600     18.79700
    -103.63300     19.47100
    -103.69200     20.14800
    -103.75400     20.82700
    -103.81900     21.51000
    -103.88700     22.19600
    -103.95800     22.88500
    -104.03200     23.57800
    -104.10900     24.27500
    -104.19000     24.97500
    -104.27500     25.67900
    -104.36300     26.38800
    -104.45600     27.10100
    -104.55200     27.81800
    -104.65300     28.54000
    -104.75800     29.26800
    -104.86800     30.00000
    -104.98400     30.73800
    -105.10400     31.48100
    -105.23100     32.23100
    -105.36300     32.98700
    -105.50100     33.74900
    -105.64700     34.51800
    -105.79900     35.29400
    -105.95900     36.07800
    -106.12800     36.87000
    -106.30500     37.67000
    -106.49100     38.47900
    -106.68800     39.29600
    -106.89500     40.12400
    -107.11400     40.96200
    -107.34600     41.81000
    -107.59200     42.67000
    -107.85300     43.54200
    -108.13000     44.42700
    -108.42500     45.32500
    -108.74100     46.23800
    -109.07800     47.16700
    -109.44000     48.11100
    -109.83000     49.07400
    -110.25000     50.05500
    -110.70500     51.05800
    -111.19900     52.08200
    -111.73800     53.13000
    -112.33000     54.20500
    -112.98200     55.30800
    -113.70400     56.44300
    -114.51100     57.61200
    -115.41900     58.82100
    -116.45100     60.07400
    -117.63700     61.37500
    -119.01700     62.73400
    -120.65100     64.15800
    -122.62700     65.65900
    -125.08000     67.25300
    -128.24200     68.96100
    -132.54100     70.81200
    -138.91900     72.85400
    -150.21900     75.16500
</sweep>
<sweep>
    -145.54100    -75.16500
    -135.73300    -72.85400
    -129.96500    -70.81200
    -126.01800    -68.96100
    -123.09200    -67.25300
    -120.81100    -65.65900
    -118.96800    -64.15800
    -117.44000    -62.73400
    -116.14700    -61.37500
    -115.03400    -60.07400
    -114.06500    -58.82100
    -113.21200    -57.61200
    -112.45200    -56.44300
    -111.77200    -55.30800
    -111.15800    -54.20500
    -110.60100    -53.13000
    -110.09200    -52.08200
    -109.62600    -51.05800
    -109.19700    -50.05500
    -108.80000    -49.07400
    -108.43200    -48.11100
    -108.09000    -47.16700
    -107.77200    -46.23800
    -107.47400    -45.32500
    -107.19400    -44.42700
    -106.93200    -43.54200
    -106.68600    -42.67000
    -106.45300    -41.81000
    -106.23400    -40.96200
    -106.02700    -40.12400
    -105.83100    -39.29600
    -105.64500    -38.47900
    -105.46800    -37.67000
    -105.30100    -36.87000
    -105.14200    -36.07800
    -104.99000    -35.29400
    -104.84600    -34.51800
    -104.70800    -33.74900
    -104.57700    -32.98700
    -104.45200    -32.23100
    -104.33200    -31.48100
    -104.21800    -30.73800
    -104.10900    -30.00000
    -104.00500    -29.26800
    -103.90500    -28.54000
    -103.81000    -27.81800
    -103.71800    -27.10100
    -103.63100    -26.38800
    -103.54700    -25.67900
    -103.46700    -24.97500
    -103.39100    -24.27500
    -103.31700    -23.57800
    -103.24700    -22.88500
    -103.18000    -22.19600
    -103.11600    -21.51000
    -103.05400    -20.82700
    -102.99500    -20.14800
    -102.93900    -19.47100
    -102.88600    -18.79700
    -102.83400    -18.12600
    -102.78600    -17.45800
    -102.73900    -16.79100
    -102.69500    -16.12800
    -102.65300    -15.46600
    -102.61300    -14.80700
    -102.57500    -14.14900
    -102.53900    -13.49300
    -102.50500    -12.84000
    -102.47300    -12.18700
    -102.44300    -11.53700
    -102.41400    -10.88800
    -102.38800    -10.24000
    -102.36300     -9.59410
    -102.34000     -8.94900
    -102.31900     -8.30510
    -102.29900     -7.66230
    -102.28100     -7.02040
    -102.26500     -6.37940
    -102.25000     -5.73920
    -102.23700     -5.09970
    -102.22500     -4.46080
    -102.21500     -3.82260
    -102.20700     -3.18470
    -102.20000     -2.54730
    -102.19400     -1.91020
    -102.19100     -1.27330
    -102.18800     -0.63663
    -102.18700      0.00000
    -102.18800      0.63663
    -102.19100      1.27330
    -102.19400      1.91020
    -102.20000      2.54730
    -102.20700      3.18470
    -102.21500      3.82260
    -102.22500      4.46080
    -102.23700      5.09970
    -102.25000      5.73920
    -102.26500      6.37940
    -102.28100      7.02040
    -102.29900      7.66230
    -102.31900      8.30510
    -102.34000      8.94900
    -102.36300      9.59410
    -102.38800     10.24000
    -102.41400     10.88800
    -102.44300     11.53700
    -102.47300     12.18700
    -102.50500     12.84000
    -102.53900     13.49300
    -102.57500     14.14900
    -102.61300     14.80700
    -102.65300     15.46600
    -102.69500     16.12800
    -102.73900     16.79100
    -102.78600     17.45800
    -102.83400     18.12600
    -102.88600     18.79700
    -102.93900     19.47100
    -102.99500     20.14800
    -103.05400     20.82700
    -103.11600     21.51000
    -103.18000     22.19600
    -103.24700     22.88500
    -103.31700     23.57800
    -103.39100     24.27500
    -103.46700     24.97500
    -103.54700     25.67900
    -103.63100     26.38800
    -103.71800     27.10100
    -103.81000     27.81800
    -103.90500     28.54000
    -104.00500     29.26800
    -104.10900     30.00000
    -104.21800     30.73800
    -104.33200     31.48100
    -104.45200     32.23100
    -104.57700     32.98700
    -104.70800     33.74900
    -104.84600     34.51800
    -104.99000     35.29400
    -105.14200     36.07800
    -105.30100     36.87000
    -105.46800     37.67000
    -105.64500     38.47900
    -105.83100     39.29600
    -106.02700     40.12400
    -106.23400     40.96200
    -106.45300     41.81000
    -106.68600     42.67000
    -106.93200     43.54200
    -107.19400     44.42700
    -107.47400     45.32500
    -107.77200     46.23800
    -108.09000     47.16700
    -108.43200     48.11100
    -108.80000     49.07400
    -109.19700     50.05500
    -109.62600     51.05800
    -110.09200     52.08200
    -110.60100     53.13000
    -111.15800     54.20500
    -111.77200     55.30800
    -112.45200     56.44300
    -113.21200     57.61200
    -114.06500     58.82100
    -115.03400     60.07400
    -116.14700     61.37500
    -117.44000     62.73400
    -118.96800     64.15800
    -120.81100     65.65900
    -123.09200     67.25300
    -126.01800     68.96100
    -129.96500     70.81200
    -135.73300     72.85400
    -145.54100     75.16500
</sweep>
<sweep>
    -162.55400    -77.89900
    -141.36400    -75.16500
    -132.71900    -72.85400
    -127.48200    -70.81200
    -123.85500    -68.96100
    -121.14800    -67.25300
    -119.02900    -65.65900
    -117.31200    -64.15800
    -115.88500    -62.73400
    -114.67500    -61.37500
    -113.63400    -60.07400
    -112.72500    -58.82100
    -111.92400    -57.61200
    -111.21200    -56.44300
    -110.57200    -55.30800
    -109.99500    -54.20500
    -109.47100    -53.13000
    -108.99300    -52.08200
    -108.55400    -51.05800
    -108.15000    -50.05500
    -107.77600    -49.07400
    -107.43000    -48.11100
    -107.10800    -47.16700
    -106.80800    -46.23800
    -106.52700    -45.32500
    -106.26400    -44.42700
    -106.01600    -43.54200
    -105.78400    -42.67000
    -105.56500    -41.81000
    -105.35800    -40.96200
    -105.16200    -40.12400
    -104.97700    -39.29600
    -104.80200    -38.47900
    -104.63600    -37.67000
    -104.47800    -36.87000
    -104.32700    -36.07800
    -104.18400    -35.29400
    -104.04800    -34.51800
    -103.91800    -33.74900
    -103.79400    -32.98700
    -103.67600    -32.23100
    -103.56300    -31.48100
    -103.45500    -30.73800
    -103.35200    -30.00000
    -103.25400    -29.26800
    -103.16000    -28.54000
    -103.07000    -27.81800
    -102.98300    -27.10100
    -102.90100    -26.38800
    -102.82200    -25.67900
    -102.74600    -24.97500
    -102.67400    -24.27500
    -102.60400    -23.57800
    -102.53800    -22.88500
    -102.47500    -22.19600
    -102.41400    -21.51000
    -102.35600    -20.82700
    -102.30000    -20.14800
    -102.24700    -19.47100
    -102.19700    -18.79700
    -102.14800    -18.12600
    -102.10200    -17.45800
    -102.05800    -16.79100
    -102.01700    -16.12800
    -101.97700    -15.46600
    -101.93900    -14.80700
    -101.90300    -14.14900
    -101.86900    -13.49300
    -101.83700    -12.84000
    -101.80700    -12.18700
    -101.77800    -11.53700
    -101.75100    -10.88800
    -101.72600    -10.24000
    -101.70300     -9.59410
    -101.68100     -8.94900
    -101.66100     -8.30510
    -101.64200     -7.66230
    -101.62500     -7.02040
    -101.61000     -6.37940
    -101.59600     -5.73920
    -101.58300     -5.09970
    -101.57200     -4.46080
    -101.56300     -3.82260
    -101.55500     -3.18470
    -101.54900     -2.54730
    -101.54300     -1.91020
    -101.54000     -1.27330
    -101.53800     -0.63663
    -101.53700      0.00000
    -101.53800      0.63663
    -101.54000      1.27330
    -101.54300      1.91020
    -101.54900      2.54730
    -101.55500      3.18470
    -101.56300      3.82260
    -101.57200      4.46080
    -101.58300      5.09970
    -101.59600      5.73920
    -101.61000      6.37940
    -101.62500      7.02040
    -101.64200      7.66230
    -101.66100      8.30510
    -101.68100      8.94900
    -101.70300      9.59410
    -101.72600     10.24000
    -101.75100     10.88800
    -101.77800     11.53700
    -101.80700     12.18700
    -101.83700     12.84000
    -101.86900     13.49300
    -101.90300     14.14900
    -101.93900     14.80700
    -101.97700     15.46600
    -102.01700     16.12800
    -102.05800     16.79100
    -102.10200     17.45800
    -102.14800     18.12600
    -102.19700     18.79700
    -102.24700     19.47100
    -102.30000     20.14800
    -102.35600     20.82700
    -102.41400     21.51000
    -102.47500     22.19600
    -102.53800     22.88500
    -102.60400     23.57800
    -102.67400     24.27500
    -102.74600     24.97500
    -102.82200     25.67900
    -102.90100     26.38800
    -102.98300     27.10100
    -103.07000     27.81800
    -103.16000     28.54000
    -103.25400     29.26800
    -103.35200     30.00000
    -103.45500     30.73800
    -103.56300     31.48100
    -103.67600     32.23100
    -103.79400     32.98700
    -103.91800     33.74900
    -104.04800     34.51800
    -104.18400     35.29400
    -104.32700     36.07800
    -104.47800     36.87000
    -104.63600     37.67000
    -104.80200     38.47900
    -104.97700     39.29600
    -105.16200     40.12400
    -105.35800     40.96200
    -105.56500     41.81000
    -105.78400     42.67000
    -106.01600     43.54200
    -106.26400     44.42700
    -106.52700     45.32500
    -106.80800     46.23800
    -107.10800     47.16700
    -107.43000     48.11100
    -107.77600     49.07400
    -108.15000     50.05500
    -108.55400     51.05800
    -108.99300     52.08200
    -109.47100     53.13000
    -109.99500     54.20500
    -110.57200     55.30800
    -111.21200     56.44300
    -111.92400     57.61200
    -112.72500     58.82100
    -113.63400     60.07400
    -114.67500     61.37500
    -115.88500     62.73400
    -117.31200     64.15800
    -119.02900     65.65900
    -121.14800     67.25300
    -123.85500     68.96100
    -127.48200     70.81200
    -132.71900     72.85400
    -141.36400     75.16500
    -162.55400     77.89900
</sweep>
<sweep>
    -154.29000    -77.89900
    -137.53900    -75.16500
    -129.84500    -72.85400
    -125.07900    -70.81200
    -121.74500    -68.96100
    -119.24300    -67.25300
    -117.27700    -65.65900
    -115.68000    -64.15800
    -114.35000    -62.73400
    -113.22100    -61.37500
    -112.24800    -60.07400
    -111.39900    -58.82100
    -110.64900    -57.61200
    -109.98100    -56.44300
    -109.38200    -55.30800
    -108.84100    -54.20500
    -108.35000    -53.13000
    -107.90100    -52.08200
    -107.48900    -51.05800
    -107.10900    -50.05500
    -106.75900    -49.07400
    -106.43300    -48.11100
    -106.13100    -47.16700
    -105.84800    -46.23800
    -105.58500    -45.32500
    -105.33700    -44.42700
    -105.10500    -43.54200
    -104.88600    -42.67000
    -104.68000    -41.81000
    -104.48600    -40.96200
    -104.30200    -40.12400
    -104.12800    -39.29600
    -103.96200    -38.47900
    -103.80600    -37.67000
    -103.65700    -36.87000
    -103.51600    -36.07800
    -103.38100    -35.29400
    -103.25300    -34.51800
    -103.13100    -33.74900
    -103.01400    -32.98700
    -102.90300    -32.23100
    -102.79700    -31.48100
    -102.69500    -30.73800
    -102.59800    -30.00000
    -102.50500    -29.26800
    -102.41700    -28.54000
    -102.33200    -27.81800
    -102.25000    -27.10100
    -102.17300    -26.38800
    -102.09800    -25.67900
    -102.02700    -24.97500
    -101.95900    -24.27500
    -101.89400    -23.57800
    -101.83100    -22.88500
    -101.77100    -22.19600
    -101.71400    -21.51000
    -101.65900    -20.82700
    -101.60700    -20.14800
    -101.55700    -19.47100
    -101.51000    -18.79700
    -101.46400    -18.12600
    -101.42100    -17.45800
    -101.37900    -16.79100
    -101.34000    -16.12800
    -101.30200    -15.46600
    -101.26700    -14.80700
    -101.23300    -14.14900
    -101.20100    -13.49300
    -101.17100    -12.84000
    -101.14200    -12.18700
    -101.11500    -11.53700
    -101.09000    -10.88800
    -101.06600    -10.24000
    -101.04400     -9.59410
    -101.02400     -8.94900
    -101.00500     -8.30510
    -100.98700     -7.66230
    -100.97100     -7.02040
    -100.95700     -6.37940
    -100.94300     -5.73920
    -100.93200     -5.09970
    -100.92100     -4.46080
    -100.91300     -3.82260
    -100.90500     -3.18470
    -100.89900     -2.54730
    -100.89400     -1.91020
    -100.89100     -1.27330
    -100.88900     -0.63663
    -100.88800      0.00000
    -100.88900      0.63663
    -100.89100      1.27330
    -100.89400      1.91020
    -100.89900      2.54730
    -100.90500      3.18470
    -100.91300      3.82260
    -100.92100      4.46080
    -100.93200      5.09970
    -100.94300      5.73920
    -100.95700      6.37940
    -100.97100      7.02040
    -100.98700      7.66230
    -101.00500      8.30510
    -101.02400      8.94900
    -101.04400      9.59410
    -101.06600     10.24000
    -101.09000     10.88800
    -101.11500     11.53700
    -101.14200     12.18700
    -101.17100     12.84000
    -101.20100     13.49300
    -101.23300     14.14900
    -101.26700     14.80700
    -101.30200     15.46600
    -101.34000     16.12800
    -101.37900     16.79100
    -101.42100     17.45800
    -101.46400     18.12600
    -101.51000     18.79700
    -101.55700     19.47100
    -101.60700     20.14800
    -101.65900     20.82700
    -101.71400     21.51000
    -101.77100     22.19600
    -101.83100     22.88500
    -101.89400     23.57800
    -101.95900     24.27500
    -102.02700     24.97500
    -102.09800     25.67900
    -102.17300     26.38800
    -102.25000     27.10100
    -102.33200     27.81800
    -102.41700     28.54000
    -102.50500     29.26800
    -102.59800     30.00000
    -102.69500     30.73800
    -102.79700     31.48100
    -102.90300     32.23100
    -103.01400     32.98700
    -103.13100     33.74900
    -103.25300     34.51800
    -103.38100     35.29400
    -103.51600     36.07800
    -103.65700     36.87000
    -103.80600     37.67000
    -103.96200     38.47900
    -104.12800     39.29600
    -104.30200     40.12400
    -104.48600     40.96200
    -104.68000     41.81000
    -104.88600     42.67000
    -105.10500     43.54200
    -105.33700     44.42700
    -105.58500     45.32500
    -105.84800     46.23800
    -106.13100     47.16700
    -106.43300     48.11100
    -106.75900     49.07400
    -107.10900     50.05500
    -107.48900     51.05800
    -107.90100     52.08200
    -108.35000     53.13000
    -108.84100     54.20500
    -109.38200     55.30800
    -109.98100     56.44300
    -110.64900     57.61200
    -111.39900     58.82100
    -112.24800     60.07400
    -113.22100     61.37500
    -114.35000     62.73400
    -115.68000     64.15800
    -117.27700     65.65900
    -119.24300     67.25300
    -121.74500     68.96100
    -125.07900     70.81200
    -129.84500     72.85400
    -137.53900     75.16500
    -154.29000     77.89900
</sweep>
<sweep>
    -147.99500    -77.89900
    -133.97500    -75.16500
    -127.08700    -72.85400
    -122.74500    -70.81200
    -119.68200    -68.96100
    -117.37300    -67.25300
    -115.55200    -65.65900
    -114.07000    -64.15800
    -112.83400    -62.73400
    -111.78300    -61.37500
    -110.87600    -60.07400
    -110.08400    -58.82100
    -109.38400    -57.61200
    -108.76000    -56.44300
    -108.20100    -55.30800
    -107.69500    -54.20500
    -107.23500    -53.13000
    -106.81500    -52.08200
    -106.43000    -51.05800
    -106.07500    -50.05500
    -105.74600    -49.07400
    -105.44200    -48.11100
    -105.15800    -47.16700
    -104.89400    -46.23800
    -104.64700    -45.32500
    -104.41500    -44.42700
    -104.19700    -43.54200
    -103.99200    -42.67000
    -103.79900    -41.81000
    -103.61600    -40.96200
    -103.44400    -40.12400
    -103.28100    -39.29600
    -103.12600    -38.47900
    -102.97900    -37.67000
    -102.84000    -36.87000
    -102.70700    -36.07800
    -102.58100    -35.29400
    -102.46000    -34.51800
    -102.34600    -33.74900
    -102.23600    -32.98700
    -102.13200    -32.23100
    -102.03200    -31.48100
    -101.93700    -30.73800
    -101.84600    -30.00000
    -101.75900    -29.26800
    -101.67600    -28.54000
    -101.59600    -27.81800
    -101.52000    -27.10100
    -101.44700    -26.38800
    -101.37700    -25.67900
    -101.31000    -24.97500
    -101.24600    -24.27500
    -101.18500    -23.57800
    -101.12600    -22.88500
    -101.07000    -22.19600
    -101.01600    -21.51000
    -100.96500    -20.82700
    -100.91600    -20.14800
    -100.86900    -19.47100
    -100.82400    -18.79700
    -100.78100    -18.12600
    -100.74100    -17.45800
    -100.70200    -16.79100
    -100.66500    -16.12800
    -100.62900    -15.46600
    -100.59600    -14.80700
    -100.56400    -14.14900
    -100.53400    -13.49300
    -100.50600    -12.84000
    -100.47900    -12.18700
    -100.45400    -11.53700
    -100.43000    -10.88800
    -100.40800    -10.24000
    -100.38700     -9.59410
    -100.36800     -8.94900
    -100.35000     -8.30510
    -100.33400     -7.66230
    -100.31900     -7.02040
    -100.30500     -6.37940
    -100.29200     -5.73920
    -100.28100     -5.09970
    -100.27200     -4.46080
    -100.26300     -3.82260
    -100.25600     -3.18470
    -100.25100     -2.54730
    -100.24600     -1.91020
    -100.24300     -1.27330
    -100.24100     -0.63663
    -100.24000      0.00000
    -100.24100      0.63663
    -100.24300      1.27330
    -100.24600      1.91020
    -100.25100      2.54730
    -100.25600      3.18470
    -100.26300      3.82260
    -100.27200      4.46080
    -100.28100      5.09970
    -100.29200      5.73920
    -100.30500      6.37940
    -100.31900      7.02040
    -100.33400      7.66230
    -100.35000      8.30510
    -100.36800      8.94900
    -100.38700      9.59410
    -100.40800     10.24000
    -100.43000     10.88800
    -100.45400     11.53700
    -100.47900     12.18700
    -100.50600     12.84000
    -100.53400     13.49300
    -100.56400     14.14900
    -100.59600     14.80700
    -100.62900     15.46600
    -100.66500     16.12800
    -100.70200     16.79100
    -100.74100     17.45800
    -100.78100     18.12600
    -100.82400     18.79700
    -100.86900     19.47100
    -100.91600     20.14800
    -100.96500     20.82700
    -101.01600     21.51000
    -101.07000     22.19600
    -101.12600     22.88500
    -101.18500     23.57800
    -101.24600     24.27500
    -101.31000     24.97500
    -101.37700     25.67900
    -101.44700     26.38800
    -101.52000     27.10100
    -101.59600     27.81800
    -101.67600     28.54000
    -101.75900     29.26800
    -101.84600     30.00000
    -101.93700     30.73800
    -102.03200     31.48100
    -102.13200     32.23100
    -102.23600     32.98700
    -102.34600     33.74900
    -102.46000     34.51800
    -102.58100     35.29400
    -102.70700     36.07800
    -102.84000     36.87000
    -102.97900     37.67000
    -103.12600     38.47900
    -103.28100     39.29600
    -103.44400     40.12400
    -103.61600     40.96200
    -103.79900     41.81000
    -103.99200     42.67000
    -104.19700     43.54200
    -104.41500     44.42700
    -104.64700     45.32500
    -104.89400     46.23800
    -105.15800     47.16700
    -105.44200     48.11100
    -105.74600     49.07400
    -106.07500     50.05500
    -106.43000     51.05800
    -106.81500     52.08200
    -107.23500     53.13000
    -107.69500     54.20500
    -108.20100     55.30800
    -108.76000     56.44300
    -109.38400     57.61200
    -110.08400     58.82100
    -110.87600     60.07400
    -111.78300     61.37500
    -112.83400     62.73400
    -114.07000     64.15800
    -115.55200     65.65900
    -117.37300     67.25300
    -119.68200     68.96100
    -122.74500     70.81200
    -127.08700     72.85400
    -133.97500     75.16500
    -147.99500     77.89900
</sweep>
<sweep>
    -142.65500    -77.89900
    -130.61300    -75.16500
    -124.42500    -72.85400
    -120.47000    -70.81200
    -117.66100    -68.96100
    -115.53400    -67.25300
    -113.85200    -65.65900
    -112.48000    -64.15800
    -111.33400    -62.73400
    -110.35900    -61.37500
    -109.51600    -60.07400
    -108.78000    -58.82100
    -108.12900    -57.61200
    -107.54800    -56.44300
    -107.02700    -55.30800
    -106.55600    -54.20500
    -106.12800    -53.13000
    -105.73600    -52.08200
    -105.37700    -51.05800
    -105.04600    -50.05500
    -104.73900    -49.07400
    -104.45500    -48.11100
    -104.19000    -47.16700
    -103.94400    -46.23800
    -103.71300    -45.32500
    -103.49600    -44.42700
    -103.29300    -43.54200
    -103.10100    -42.67000
    -102.92100    -41.81000
    -102.75100    -40.96200
    -102.58900    -40.12400
    -102.43700    -39.29600
    -102.29200    -38.47900
    -102.15500    -37.67000
    -102.02500    -36.87000
    -101.90100    -36.07800
    -101.78300    -35.29400
    -101.67000    -34.51800
    -101.56300    -33.74900
    -101.46100    -32.98700
    -101.36300    -32.23100
    -101.27000    -31.48100
    -101.18100    -30.73800
    -101.09600    -30.00000
    -101.01400    -29.26800
    -100.93700    -28.54000
    -100.86200    -27.81800
    -100.79100    -27.10100
    -100.72200    -26.38800
    -100.65700    -25.67900
    -100.59500    -24.97500
    -100.53500    -24.27500
    -100.47700    -23.57800
    -100.42300    -22.88500
    -100.37000    -22.19600
    -100.32000    -21.51000
    -100.27200    -20.82700
    -100.22600    -20.14800
    -100.18200    -19.47100
    -100.14000    -18.79700
    -100.10000    -18.12600
    -100.06200    -17.45800
    -100.02600    -16.79100
     -99.99110    -16.12800
     -99.95810    -15.46600
     -99.92690    -14.80700
     -99.89720    -14.14900
     -99.86910    -13.49300
     -99.84250    -12.84000
     -99.81740    -12.18700
     -99.79380    -11.53700
     -99.77170    -10.88800
     -99.75090    -10.24000
     -99.73150     -9.59410
     -99.71340     -8.94900
     -99.69670     -8.30510
     -99.68130     -7.66230
     -99.66720     -7.02040
     -99.65440     -6.37940
     -99.64290     -5.73920
     -99.63260     -5.09970
     -99.62350     -4.46080
     -99.61570     -3.82260
     -99.60900     -3.18470
     -99.60360     -2.54730
     -99.59950     -1.91020
     -99.59650     -1.27330
     -99.59470     -0.63663
     -99.59410      0.00000
     -99.59470      0.63663
     -99.59650      1.27330
     -99.59950      1.91020
     -99.60360      2.54730
     -99.60900      3.18470
     -99.61570      3.82260
     -99.62350      4.46080
     -99.63260      5.09970
     -99.64290      5.73920
     -99.65440      6.37940
     -99.66720      7.02040
     -99.68130      7.66230
     -99.69670      8.30510
     -99.71340      8.94900
     -99.73150      9.59410
     -99.75090     10.24000
     -99.77170     10.88800
     -99.79380     11.53700
     -99.81740     12.18700
     -99.84250     12.84000
     -99.86910     13.49300
     -99.89720     14.14900
     -99.92690     14.80700
     -99.95810     15.46600
     -99.99110     16.12800
    -100.02600     16.79100
    -100.06200     17.45800
    -100.10000     18.12600
    -100.14000     18.79700
    -100.18200     19.47100
    -100.22600     20.14800
    -100.27200     20.82700
    -100.32000     21.51000
    -100.37000     22.19600
    -100.42300     22.88500
    -100.47700     23.57800
    -100.53500     24.27500
    -100.59500     24.97500
    -100.65700     25.67900
    -100.72200     26.38800
    -100.79100     27.10100
    -100.86200     27.81800
    -100.93700     28.54000
    -101.01400     29.26800
    -101.09600     30.00000
    -101.18100     30.73800
    -101.27000     31.48100
    -101.36300     32.23100
    -101.46100     32.98700
    -101.56300     33.74900
    -101.67000     34.51800
    -101.78300     35.29400
    -101.90100     36.07800
    -102.02500     36.87000
    -102.15500     37.67000
    -102.29200     38.47900
    -102.43700     39.29600
    -102.58900     40.12400
    -102.75100     40.96200
    -102.92100     41.81000
    -103.10100     42.67000
    -103.29300     43.54200
    -103.49600     44.42700
    -103.71300     45.32500
    -103.94400     46.23800
    -104.19000     47.16700
    -104.45500     48.11100
    -104.73900     49.07400
    -105.04600     50.05500
    -105.37700     51.05800
    -105.73600     52.08200
    -106.12800     53.13000
    -106.55600     54.20500
    -107.02700     55.30800
    -107.54800     56.44300
    -108.12900     57.61200
    -108.78000     58.82100
    -109.51600     60.07400
    -110.35900     61.37500
    -111.33400     62.73400
    -112.48000     64.15800
    -113.85200     65.65900
    -115.53400     67.25300
    -117.66100     68.96100
    -120.47000     70.81200
    -124.42500     72.85400
    -130.61300     75.16500
    -142.65500     77.89900
</sweep>
<sweep>
    -137.90200    -77.89900
    -127.41200    -75.16500
    -121.84600    -72.85400
    -118.24800    -70.81200
    -115.67600    -68.96100
    -113.72200    -67.25300
    -112.17400    -65.65900
    -110.90800    -64.15800
    -109.84900    -62.73400
    -108.94800    -61.37500
    -108.16800    -60.07400
    -107.48600    -58.82100
    -106.88200    -57.61200
    -106.34400    -56.44300
    -105.86100    -55.30800
    -105.42400    -54.20500
    -105.02600    -53.13000
    -104.66300    -52.08200
    -104.32900    -51.05800
    -104.02100    -50.05500
    -103.73700    -49.07400
    -103.47200    -48.11100
    -103.22700    -47.16700
    -102.99700    -46.23800
    -102.78200    -45.32500
    -102.58100    -44.42700
    -102.39200    -43.54200
    -102.21400    -42.67000
    -102.04600    -41.81000
    -101.88800    -40.96200
    -101.73800    -40.12400
    -101.59600    -39.29600
    -101.46100    -38.47900
    -101.33400    -37.67000
    -101.21200    -36.87000
    -101.09700    -36.07800
    -100.98700    -35.29400
    -100.88200    -34.51800
    -100.78300    -33.74900
    -100.68700    -32.98700
    -100.59700    -32.23100
    -100.51000    -31.48100
    -100.42700    -30.73800
    -100.34800    -30.00000
    -100.27200    -29.26800
    -100.19900    -28.54000
    -100.13000    -27.81800
    -100.06400    -27.10100
    -100.00000    -26.38800
     -99.93920    -25.67900
     -99.88100    -24.97500
     -99.82520    -24.27500
     -99.77180    -23.57800
     -99.72080    -22.88500
     -99.67190    -22.19600
     -99.62510    -21.51000
     -99.58040    -20.82700
     -99.53760    -20.14800
     -99.49670    -19.47100
     -99.45770    -18.79700
     -99.42050    -18.12600
     -99.38490    -17.45800
     -99.35110    -16.79100
     -99.31880    -16.12800
     -99.28820    -15.46600
     -99.25900    -14.80700
     -99.23140    -14.14900
     -99.20520    -13.49300
     -99.18050    -12.84000
     -99.15710    -12.18700
     -99.13510    -11.53700
     -99.11450    -10.88800
     -99.09510    -10.24000
     -99.07700     -9.59410
     -99.06020     -8.94900
     -99.04470     -8.30510
     -99.03030     -7.66230
     -99.01720     -7.02040
     -99.00520     -6.37940
     -98.99450     -5.73920
     -98.98490     -5.09970
     -98.97640     -4.46080
     -98.96910     -3.82260
     -98.96300     -3.18470
     -98.95790     -2.54730
     -98.95400     -1.91020
     -98.95120     -1.27330
     -98.94960     -0.63663
     -98.94900      0.00000
     -98.94960      0.63663
     -98.95120      1.27330
     -98.95400      1.91020
     -98.95790      2.54730
     -98.96300      3.18470
     -98.96910      3.82260
     -98.97640      4.46080
     -98.98490      5.09970
     -98.99450      5.73920
     -99.00520      6.37940
     -99.01720      7.02040
     -99.03030      7.66230
     -99.04470      8.30510
     -99.06020      8.94900
     -99.07700      9.59410
     -99.09510     10.24000
     -99.11450     10.88800
     -99.13510     11.53700
     -99.15710     12.18700
     -99.18050     12.84000
     -99.20520     13.49300
     -99.23140     14.14900
     -99.25900     14.80700
     -99.28820     15.46600
     -99.31880     16.12800
     -99.35110     16.79100
     -99.38490     17.45800
     -99.42050     18.12600
     -99.45770     18.79700
     -99.49670     19.47100
     -99.53760     20.14800
     -99.58040     20.82700
     -99.62510     21.51000
     -99.67190     22.19600
     -99.72080     22.88500
     -99.77180     23.57800
     -99.82520     24.27500
     -99.88100     24.97500
     -99.93920     25.67900
    -100.00000     26.38800
    -100.06400     27.10100
    -100.13000     27.81800
    -100.19900     28.54000
    -100.27200     29.26800
    -100.34800     30.00000
    -100.42700     30.73800
    -100.51000     31.48100
    -100.59700     32.23100
    -100.68700     32.98700
    -100.78300     33.74900
    -100.88200     34.51800
    -100.98700     35.29400
    -101.09700     36.07800
    -101.21200     36.87000
    -101.33400     37.67000
    -101.46100     38.47900
    -101.59600     39.29600
    -101.73800     40.12400
    -101.88800     40.96200
    -102.04600     41.81000
    -102.21400     42.67000
    -102.39200     43.54200
    -102.58100     44.42700
    -102.78200     45.32500
    -102.99700     46.23800
    -103.22700     47.16700
    -103.47200     48.11100
    -103.73700     49.07400
    -104.02100     50.05500
    -104.32900     51.05800
    -104.66300     52.08200
    -105.02600     53.13000
    -105.42400     54.20500
    -105.86100     55.30800
    -106.34400     56.44300
    -106.88200     57.61200
    -107.48600     58.82100
    -108.16800     60.07400
    -108.94800     61.37500
    -109.84900     62.73400
    -110.90800     64.15800
    -112.17400     65.65900
    -113.72200     67.25300
    -115.67600     68.96100
    -118.24800     70.81200
    -121.84600     72.85400
    -127.41200     75.16500
    -137.90200     77.89900
</sweep>
<sweep>
    -166.32800    -81.45100
    -133.55100    -77.89900
    -124.34300    -75.16500
    -119.33800    -72.85400
    -116.07100    -70.81200
    -113.72500    -68.96100
    -111.93600    -67.25300
    -110.51500    -65.65900
    -109.35200    -64.15800
    -108.37900    -62.73400
    -107.54800    -61.37500
    -106.83000    -60.07400
    -106.20100    -58.82100
    -105.64400    -57.61200
    -105.14800    -56.44300
    -104.70100    -55.30800
    -104.29800    -54.20500
    -103.93000    -53.13000
    -103.59400    -52.08200
    -103.28600    -51.05800
    -103.00100    -50.05500
    -102.73800    -49.07400
    -102.49400    -48.11100
    -102.26700    -47.16700
    -102.05400    -46.23800
    -101.85600    -45.32500
    -101.66900    -44.42700
    -101.49400    -43.54200
    -101.33000    -42.67000
    -101.17400    -41.81000
    -101.02700    -40.96200
    -100.88900    -40.12400
    -100.75700    -39.29600
    -100.63300    -38.47900
    -100.51400    -37.67000
    -100.40200    -36.87000
    -100.29500    -36.07800
    -100.19400    -35.29400
    -100.09700    -34.51800
    -100.00400    -33.74900
     -99.91600    -32.98700
     -99.83190    -32.23100
     -99.75150    -31.48100
     -99.67470    -30.73800
     -99.60120    -30.00000
     -99.53100    -29.26800
     -99.46380    -28.54000
     -99.39960    -27.81800
     -99.33810    -27.10100
     -99.27920    -26.38800
     -99.22280    -25.67900
     -99.16880    -24.97500
     -99.11720    -24.27500
     -99.06770    -23.57800
     -99.02040    -22.88500
     -98.97510    -22.19600
     -98.93170    -21.51000
     -98.89030    -20.82700
     -98.85070    -20.14800
     -98.81280    -19.47100
     -98.77660    -18.79700
     -98.74210    -18.12600
     -98.70920    -17.45800
     -98.67780    -16.79100
     -98.64790    -16.12800
     -98.61950    -15.46600
     -98.59250    -14.80700
     -98.56690    -14.14900
     -98.54260    -13.49300
     -98.51970    -12.84000
     -98.49800    -12.18700
     -98.47760    -11.53700
     -98.45850    -10.88800
     -98.44050    -10.24000
     -98.42380     -9.59410
     -98.40820     -8.94900
     -98.39380     -8.30510
     -98.38050     -7.66230
     -98.36830     -7.02040
     -98.35720     -6.37940
     -98.34720     -5.73920
     -98.33840     -5.09970
     -98.33050     -4.46080
     -98.32380     -3.82260
     -98.31800     -3.18470
     -98.31340     -2.54730
     -98.30980     -1.91020
     -98.30720     -1.27330
     -98.30560     -0.63663
     -98.30510      0.00000
     -98.30560      0.63663
     -98.30720      1.27330
     -98.30980      1.91020
     -98.31340      2.54730
     -98.31800      3.18470
     -98.32380      3.82260
     -98.33050      4.46080
     -98.33840      5.09970
     -98.34720      5.73920
     -98.35720      6.37940
     -98.36830      7.02040
     -98.38050      7.66230
     -98.39380      8.30510
     -98.40820      8.94900
     -98.42380      9.59410
     -98.44050     10.24000
     -98.45850     10.88800
     -98.47760     11.53700
     -98.49800     12.18700
     -98.51970     12.84000
     -98.54260     13.49300
     -98.56690     14.14900
     -98.59250     14.80700
     -98.61950     15.46600
     -98.64790     16.12800
     -98.67780     16.79100
     -98.70920     17.45800
     -98.74210     18.12600
     -98.77660     18.79700
     -98.81280     19.47100
     -98.85070     20.14800
     -98.89030     20.82700
     -98.93170     21.51000
     -98.97510     22.19600
     -99.02040     22.88500
     -99.06770     23.57800
     -99.11720     24.27500
     -99.16880     24.97500
     -99.22280     25.67900
     -99.27920     26.38800
     -99.33810     27.10100
     -99.39960     27.81800
     -99.46380     28.54000
     -99.53100     29.26800
     -99.60120     30.00000
     -99.67470     30.73800
     -99.75150     31.48100
     -99.83190     32.23100
     -99.91600     32.98700
    -100.00400     33.74900
    -100.09700     34.51800
    -100.19400     35.29400
    -100.29500     36.07800
    -100.40200     36.87000
    -100.51400     37.67000
    -100.63300     38.47900
    -100.75700     39.29600
    -100.88900     40.12400
    -101.02700     40.96200
    -101.17400     41.81000
    -101.33000     42.67000
    -101.49400     43.54200
    -101.66900     44.42700
    -101.85600     45.32500
    -102.05400     46.23800
    -102.26700     47.16700
    -102.49400     48.11100
    -102.73800     49.07400
    -103.00100     50.05500
    -103.28600     51.05800
    -103.59400     52.08200
    -103.93000     53.13000
    -104.29800     54.20500
    -104.70100     55.30800
    -105.14800     56.44300
    -105.64400     57.61200
    -106.20100     58.82100
    -106.83000     60.07400
    -107.54800     61.37500
    -108.37900     62.73400
    -109.35200     64.15800
    -110.51500     65.65900
    -111.93600     67.25300
    -113.72500     68.96100
    -116.07100     70.81200
    -119.33800     72.85400
    -124.34300     75.16500
    -133.55100     77.89900
    -166.32800     81.45100
</sweep>
<sweep>
    -153.75600    -81.45100
    -129.49400    -77.89900
    -121.38300    -75.16500
    -116.88900    -72.85400
    -113.93300    -70.81200
    -111.80100    -68.96100
    -110.17200    -67.25300
    -108.87500    -65.65900
    -107.81200    -64.15800
    -106.92000    -62.73400
    -106.16000    -61.37500
    -105.50100    -60.07400
    -104.92400    -58.82100
    -104.41400    -57.61200
    -103.95800    -56.44300
    -103.54800    -55.30800
    -103.17700    -54.20500
    -102.84000    -53.13000
    -102.53100    -52.08200
    -102.24700    -51.05800
    -101.98600    -50.05500
    -101.74400    -49.07400
    -101.51900    -48.11100
    -101.31000    -47.16700
    -101.11500    -46.23800
    -100.93200    -45.32500
    -100.76000    -44.42700
    -100.59900    -43.54200
    -100.44800    -42.67000
    -100.30500    -41.81000
    -100.17000    -40.96200
    -100.04200    -40.12400
     -99.92110    -39.29600
     -99.80640    -38.47900
     -99.69750    -37.67000
     -99.59410    -36.87000
     -99.49570    -36.07800
     -99.40200    -35.29400
     -99.31270    -34.51800
     -99.22760    -33.74900
     -99.14640    -32.98700
     -99.06890    -32.23100
     -98.99490    -31.48100
     -98.92410    -30.73800
     -98.85650    -30.00000
     -98.79180    -29.26800
     -98.72990    -28.54000
     -98.67070    -27.81800
     -98.61410    -27.10100
     -98.55980    -26.38800
     -98.50790    -25.67900
     -98.45820    -24.97500
     -98.41060    -24.27500
     -98.36500    -23.57800
     -98.32140    -22.88500
     -98.27960    -22.19600
     -98.23970    -21.51000
     -98.20150    -20.82700
     -98.16500    -20.14800
     -98.13010    -19.47100
     -98.09680    -18.79700
     -98.06500    -18.12600
     -98.03460    -17.45800
     -98.00570    -16.79100
     -97.97820    -16.12800
     -97.95200    -15.46600
     -97.92710    -14.80700
     -97.90350    -14.14900
     -97.88110    -13.49300
     -97.86000    -12.84000
     -97.84000    -12.18700
     -97.82120    -11.53700
     -97.80360    -10.88800
     -97.78700    -10.24000
     -97.77160     -9.59410
     -97.75730     -8.94900
     -97.74400     -8.30510
     -97.73170     -7.66230
     -97.72050     -7.02040
     -97.71030     -6.37940
     -97.70110     -5.73920
     -97.69290     -5.09970
     -97.68570     -4.46080
     -97.67940     -3.82260
     -97.67420     -3.18470
     -97.66990     -2.54730
     -97.66650     -1.91020
     -97.66420     -1.27330
     -97.66270     -0.63663
     -97.66230      0.00000
     -97.66270      0.63663
     -97.66420      1.27330
     -97.66650      1.91020
     -97.66990      2.54730
     -97.67420      3.18470
     -97.67940      3.82260
     -97.68570      4.46080
     -97.69290      5.09970
     -97.70110      5.73920
     -97.71030      6.37940
     -97.72050      7.02040
     -97.73170      7.66230
     -97.74400      8.30510
     -97.75730      8.94900
     -97.77160      9.59410
     -97.78700     10.24000
     -97.80360     10.88800
     -97.82120     11.53700
     -97.84000     12.18700
     -97.86000     12.84000
     -97.88110     13.49300
     -97.90350     14.14900
     -97.92710     14.80700
     -97.95200     15.46600
     -97.97820     16.12800
     -98.00570     16.79100
     -98.03460     17.45800
     -98.06500     18.12600
     -98.09680     18.79700
     -98.13010     19.47100
     -98.16500     20.14800
     -98.20150     20.82700
     -98.23970     21.51000
     -98.27960     22.19600
     -98.32140     22.88500
     -98.36500     23.57800
     -98.41060     24.27500
     -98.45820     24.97500
     -98.50790     25.67900
     -98.55980     26.38800
     -98.61410     27.10100
     -98.67070     27.81800
     -98.72990     28.54000
     -98.79180     29.26800
     -98.85650     30.00000
     -98.92410     30.73800
     -98.99490     31.48100
     -99.06890     32.23100
     -99.14640     32.98700
     -99.22760     33.74900
     -99.31270     34.51800
     -99.40200     35.29400
     -99.49570     36.07800
     -99.59410     36.87000
     -99.69750     37.67000
     -99.80640     38.47900
     -99.92110     39.29600
    -100.04200     40.12400
    -100.17000     40.96200
    -100.30500     41.81000
    -100.44800     42.67000
    -100.59900     43.54200
    -100.76000     44.42700
    -100.93200     45.32500
    -101.11500     46.23800
    -101.31000     47.16700
    -101.51900     48.11100
    -101.74400     49.07400
    -101.98600     50.05500
    -102.24700     51.05800
    -102.53100     52.08200
    -102.84000     53.13000
    -103.17700     54.20500
    -103.54800     55.30800
    -103.95800     56.44300
    -104.41400     57.61200
    -104.92400     58.82100
    -105.50100     60.07400
    -106.16000     61.37500
    -106.92000     62.73400
    -107.81200     64.15800
    -108.87500     65.65900
    -110.17200     67.25300
    -111.80100     68.96100
    -113.93300     70.81200
    -116.88900     72.85400
    -121.38300     75.16500
    -129.49400     77.89900
    -153.75600     81.45100
</sweep>
<sweep>
    -145.30300    -81.45100
    -125.66200    -77.89900
    -118.51300    -75.16500
    -114.49300    -72.85400
    -111.83100    -70.81200
    -109.90400    -68.96100
    -108.42700    -67.25300
    -107.25000    -65.65900
    -106.28400    -64.15800
    -105.47300    -62.73400
    -104.78100    -61.37500
    -104.18100    -60.07400
    -103.65500    -58.82100
    -103.19000    -57.61200
    -102.77400    -56.44300
    -102.40000    -55.30800
    -102.06200    -54.20500
    -101.75400    -53.13000
    -101.47200    -52.08200
    -101.21300    -51.05800
    -100.97400    -50.05500
    -100.75300    -49.07400
    -100.54800    -48.11100
    -100.35700    -47.16700
    -100.17800    -46.23800
    -100.01100    -45.32500
     -99.85440    -44.42700
     -99.70720    -43.54200
     -99.56860    -42.67000
     -99.43790    -41.81000
     -99.31440    -40.96200
     -99.19760    -40.12400
     -99.08700    -39.29600
     -98.98210    -38.47900
     -98.88260    -37.67000
     -98.78790    -36.87000
     -98.69790    -36.07800
     -98.61220    -35.29400
     -98.53060    -34.51800
     -98.45270    -33.74900
     -98.37850    -32.98700
     -98.30760    -32.23100
     -98.23980    -31.48100
     -98.17510    -30.73800
     -98.11320    -30.00000
     -98.05410    -29.26800
     -97.99750    -28.54000
     -97.94330    -27.81800
     -97.89140    -27.10100
     -97.84180    -26.38800
     -97.79430    -25.67900
     -97.74880    -24.97500
     -97.70520    -24.27500
     -97.66350    -23.57800
     -97.62360    -22.88500
     -97.58540    -22.19600
     -97.54890    -21.51000
     -97.51390    -20.82700
     -97.48050    -20.14800
     -97.44860    -19.47100
     -97.41810    -18.79700
     -97.38900    -18.12600
     -97.36120    -17.45800
     -97.33470    -16.79100
     -97.30950    -16.12800
     -97.28550    -15.46600
     -97.26280    -14.80700
     -97.24120    -14.14900
     -97.22070    -13.49300
     -97.20140    -12.84000
     -97.18310    -12.18700
     -97.16590    -11.53700
     -97.14970    -10.88800
     -97.13460    -10.24000
     -97.12050     -9.59410
     -97.10730     -8.94900
     -97.09520     -8.30510
     -97.08390     -7.66230
     -97.07370     -7.02040
     -97.06430     -6.37940
     -97.05590     -5.73920
     -97.04840     -5.09970
     -97.04180     -4.46080
     -97.03610     -3.82260
     -97.03130     -3.18470
     -97.02730     -2.54730
     -97.02430     -1.91020
     -97.02210     -1.27330
     -97.02080     -0.63663
     -97.02040      0.00000
     -97.02080      0.63663
     -97.02210      1.27330
     -97.02430      1.91020
     -97.02730      2.54730
     -97.03130      3.18470
     -97.03610      3.82260
     -97.04180      4.46080
     -97.04840      5.09970
     -97.05590      5.73920
     -97.06430      6.37940
     -97.07370      7.02040
     -97.08390      7.66230
     -97.09520      8.30510
     -97.10730      8.94900
     -97.12050      9.59410
     -97.13460     10.24000
     -97.14970     10.88800
     -97.16590     11.53700
     -97.18310     12.18700
     -97.20140     12.84000
     -97.22070     13.49300
     -97.24120     14.14900
     -97.26280     14.80700
     -97.28550     15.46600
     -97.30950     16.12800
     -97.33470     16.79100
     -97.36120     17.45800
     -97.38900     18.12600
     -97.41810     18.79700
     -97.44860     19.47100
     -97.48050     20.14800
     -97.51390     20.82700
     -97.54890     21.51000
     -97.58540     22.19600
     -97.62360     22.88500
     -97.66350     23.57800
     -97.70520     24.27500
     -97.74880     24.97500
     -97.79430     25.67900
     -97.84180     26.38800
     -97.89140     27.10100
     -97.94330     27.81800
     -97.99750     28.54000
     -98.05410     29.26800
     -98.11320     30.00000
     -98.17510     30.73800
     -98.23980     31.48100
     -98.30760     32.23100
     -98.37850     32.98700
     -98.45270     33.74900
     -98.53060     34.51800
     -98.61220     35.29400
     -98.69790     36.07800
     -98.78790     36.87000
     -98.88260     37.67000
     -98.98210     38.47900
     -99.08700     39.29600
     -99.19760     40.12400
     -99.31440     40.96200
     -99.43790     41.81000
     -99.56860     42.67000
     -99.70720     43.54200
     -99.85440     44.42700
    -100.01100     45.32500
    -100.17800     46.23800
    -100.35700     47.16700
    -100.54800     48.11100
    -100.75300     49.07400
    -100.97400     50.05500
    -101.21300     51.05800
    -101.47200     52.08200
    -101.75400     53.13000
    -102.06200     54.20500
    -102.40000     55.30800
    -102.77400     56.44300
    -103.19000     57.61200
    -103.65500     58.82100
    -104.18100     60.07400
    -104.78100     61.37500
    -105.47300     62.73400
    -106.28400     64.15800
    -107.25000     65.65900
    -108.42700     67.25300
    -109.90400     68.96100
    -111.83100     70.81200
    -114.49300     72.85400
    -118.51300     75.16500
    -125.66200     77.89900
    -145.30300     81.45100
</sweep>
<sweep>
    -138.36900    -81.45100
    -122.00500    -77.89900
    -115.71900    -75.16500
    -112.14100    -72.85400
    -109.75900    -70.81200
    -108.02900    -68.96100
    -106.70000    -67.25300
    -105.63900    -65.65900
    -104.76800    -64.15800
    -104.03600    -62.73400
    -103.41100    -61.37500
    -102.86900    -60.07400
    -102.39300    -58.82100
    -101.97200    -57.61200
    -101.59600    -56.44300
    -101.25700    -55.30800
    -100.95100    -54.20500
    -100.67200    -53.13000
    -100.41700    -52.08200
    -100.18200    -51.05800
     -99.96570    -50.05500
     -99.76530    -49.07400
     -99.57930    -48.11100
     -99.40600    -47.16700
     -99.24430    -46.23800
     -99.09290    -45.32500
     -98.95080    -44.42700
     -98.81730    -43.54200
     -98.69160    -42.67000
     -98.57310    -41.81000
     -98.46110    -40.96200
     -98.35520    -40.12400
     -98.25490    -39.29600
     -98.15970    -38.47900
     -98.06940    -37.67000
     -97.98360    -36.87000
     -97.90190    -36.07800
     -97.82420    -35.29400
     -97.75010    -34.51800
     -97.67940    -33.74900
     -97.61210    -32.98700
     -97.54770    -32.23100
     -97.48630    -31.48100
     -97.42750    -30.73800
     -97.37140    -30.00000
     -97.31770    -29.26800
     -97.26630    -28.54000
     -97.21710    -27.81800
     -97.17010    -27.10100
     -97.12500    -26.38800
     -97.08190    -25.67900
     -97.04060    -24.97500
     -97.00110    -24.27500
     -96.96320    -23.57800
     -96.92700    -22.88500
     -96.89230    -22.19600
     -96.85920    -21.51000
     -96.82740    -20.82700
     -96.79710    -20.14800
     -96.76810    -19.47100
     -96.74040    -18.79700
     -96.71400    -18.12600
     -96.68880    -17.45800
     -96.66470    -16.79100
     -96.64190    -16.12800
     -96.62010    -15.46600
     -96.59940    -14.80700
     -96.57980    -14.14900
     -96.56120    -13.49300
     -96.54370    -12.84000
     -96.52710    -12.18700
     -96.51150    -11.53700
     -96.49680    -10.88800
     -96.48310    -10.24000
     -96.47020     -9.59410
     -96.45830     -8.94900
     -96.44730     -8.30510
     -96.43710     -7.66230
     -96.42780     -7.02040
     -96.41930     -6.37940
     -96.41160     -5.73920
     -96.40480     -5.09970
     -96.39880     -4.46080
     -96.39370     -3.82260
     -96.38930     -3.18470
     -96.38570     -2.54730
     -96.38290     -1.91020
     -96.38100     -1.27330
     -96.37980     -0.63663
     -96.37940      0.00000
     -96.37980      0.63663
     -96.38100      1.27330
     -96.38290      1.91020
     -96.38570      2.54730
     -96.38930      3.18470
     -96.39370      3.82260
     -96.39880      4.46080
     -96.40480      5.09970
     -96.41160      5.73920
     -96.41930      6.37940
     -96.42780      7.02040
     -96.43710      7.66230
     -96.44730      8.30510
     -96.45830      8.94900
     -96.47020      9.59410
     -96.48310     10.24000
     -96.49680     10.88800
     -96.51150     11.53700
     -96.52710     12.18700
     -96.54370     12.84000
     -96.56120     13.49300
     -96.57980     14.14900
     -96.59940     14.80700
     -96.62010     15.46600
     -96.64190     16.12800
     -96.66470     16.79100
     -96.68880     17.45800
     -96.71400     18.12600
     -96.74040     18.79700
     -96.76810     19.47100
     -96.79710     20.14800
     -96.82740     20.82700
     -96.85920     21.51000
     -96.89230     22.19600
     -96.92700     22.88500
     -96.96320     23.57800
     -97.00110     24.27500
     -97.04060     24.97500
     -97.08190     25.67900
     -97.12500     26.38800
     -97.17010     27.10100
     -97.21710     27.81800
     -97.26630     28.54000
     -97.31770     29.26800
     -97.37140     30.00000
     -97.42750     30.73800
     -97.48630     31.48100
     -97.54770     32.23100
     -97.61210     32.98700
     -97.67940     33.74900
     -97.75010     34.51800
     -97.82420     35.29400
     -97.90190     36.07800
     -97.98360     36.87000
     -98.06940     37.67000
     -98.15970     38.47900
     -98.25490     39.29600
     -98.35520     40.12400
     -98.46110     40.96200
     -98.57310     41.81000
     -98.69160     42.67000
     -98.81730     43.54200
     -98.95080     44.42700
     -99.09290     45.32500
     -99.24430     46.23800
     -99.40600     47.16700
     -99.57930     48.11100
     -99.76530     49.07400
     -99.96570     50.05500
    -100.18200     51.05800
    -100.41700     52.08200
    -100.67200     53.13000
    -100.95100     54.20500
    -101.25700     55.30800
    -101.59600     56.44300
    -101.97200     57.61200
    -102.39300     58.82100
    -102.86900     60.07400
    -103.41100     61.37500
    -104.03600     62.73400
    -104.76800     64.15800
    -105.63900     65.65900
    -106.70000     67.25300
    -108.02900     68.96100
    -109.75900     70.81200
    -112.14100     72.85400
    -115.71900     75.16500
    -122.00500     77.89900
    -138.36900     81.45100
</sweep>
<sweep>
    -132.27500    -81.45100
    -118.49000    -77.89900
    -112.99000    -75.16500
    -109.82800    -72.85400
    -107.71300    -70.81200
    -106.17300    -68.96100
    -104.98800    -67.25300
    -104.04100    -65.65900
    -103.26300    -64.15800
    -102.60800    -62.73400
    -102.04800    -61.37500
    -101.56300    -60.07400
    -101.13700    -58.82100
    -100.76000    -57.61200
    -100.42300    -56.44300
    -100.11900    -55.30800
     -99.84430    -54.20500
     -99.59410    -53.13000
     -99.36510    -52.08200
     -99.15460    -51.05800
     -98.96040    -50.05500
     -98.78060    -49.07400
     -98.61370    -48.11100
     -98.45820    -47.16700
     -98.31290    -46.23800
     -98.17700    -45.32500
     -98.04950    -44.42700
     -97.92960    -43.54200
     -97.81670    -42.67000
     -97.71030    -41.81000
     -97.60970    -40.96200
     -97.51460    -40.12400
     -97.42450    -39.29600
     -97.33900    -38.47900
     -97.25790    -37.67000
     -97.18080    -36.87000
     -97.10740    -36.07800
     -97.03760    -35.29400
     -96.97100    -34.51800
     -96.90750    -33.74900
     -96.84700    -32.98700
     -96.78920    -32.23100
     -96.73400    -31.48100
     -96.68120    -30.73800
     -96.63070    -30.00000
     -96.58250    -29.26800
     -96.53630    -28.54000
     -96.49210    -27.81800
     -96.44980    -27.10100
     -96.40940    -26.38800
     -96.37060    -25.67900
     -96.33350    -24.97500
     -96.29800    -24.27500
     -96.26400    -23.57800
     -96.23140    -22.88500
     -96.20020    -22.19600
     -96.17040    -21.51000
     -96.14190    -20.82700
     -96.11460    -20.14800
     -96.08860    -19.47100
     -96.06370    -18.79700
     -96.03990    -18.12600
     -96.01730    -17.45800
     -95.99570    -16.79100
     -95.97510    -16.12800
     -95.95560    -15.46600
     -95.93700    -14.80700
     -95.91940    -14.14900
     -95.90270    -13.49300
     -95.88690    -12.84000
     -95.87200    -12.18700
     -95.85790    -11.53700
     -95.84470    -10.88800
     -95.83240    -10.24000
     -95.82090     -9.59410
     -95.81010     -8.94900
     -95.80020     -8.30510
     -95.79110     -7.66230
     -95.78270     -7.02040
     -95.77510     -6.37940
     -95.76820     -5.73920
     -95.76210     -5.09970
     -95.75670     -4.46080
     -95.75200     -3.82260
     -95.74810     -3.18470
     -95.74490     -2.54730
     -95.74240     -1.91020
     -95.74060     -1.27330
     -95.73950     -0.63663
     -95.73920      0.00000
     -95.73950      0.63663
     -95.74060      1.27330
     -95.74240      1.91020
     -95.74490      2.54730
     -95.74810      3.18470
     -95.75200      3.82260
     -95.75670      4.46080
     -95.76210      5.09970
     -95.76820      5.73920
     -95.77510      6.37940
     -95.78270      7.02040
     -95.79110      7.66230
     -95.80020      8.30510
     -95.81010      8.94900
     -95.82090      9.59410
     -95.83240     10.24000
     -95.84470     10.88800
     -95.85790     11.53700
     -95.87200     12.18700
     -95.88690     12.84000
     -95.90270     13.49300
     -95.91940     14.14900
     -95.93700     14.80700
     -95.95560     15.46600
     -95.97510     16.12800
     -95.99570     16.79100
     -96.01730     17.45800
     -96.03990     18.12600
     -96.06370     18.79700
     -96.08860     19.47100
     -96.11460     20.14800
     -96.14190     20.82700
     -96.17040     21.51000
     -96.20020     22.19600
     -96.23140     22.88500
     -96.26400     23.57800
     -96.29800     24.27500
     -96.33350     24.97500
     -96.37060     25.67900
     -96.40940     26.38800
     -96.44980     27.10100
     -96.49210     27.81800
     -96.53630     28.54000
     -96.58250     29.26800
     -96.63070     30.00000
     -96.68120     30.73800
     -96.73400     31.48100
     -96.78920     32.23100
     -96.84700     32.98700
     -96.90750     33.74900
     -96.97100     34.51800
     -97.03760     35.29400
     -97.10740     36.07800
     -97.18080     36.87000
     -97.25790     37.67000
     -97.33900     38.47900
     -97.42450     39.29600
     -97.51460     40.12400
     -97.60970     40.96200
     -97.71030     41.81000
     -97.81670     42.67000
     -97.92960     43.54200
     -98.04950     44.42700
     -98.17700     45.32500
     -98.31290     46.23800
     -98.45820     47.16700
     -98.61370     48.11100
     -98.78060     49.07400
     -98.96040     50.05500
     -99.15460     51.05800
     -99.36510     52.08200
     -99.59410     53.13000
     -99.84430     54.20500
    -100.11900     55.30800
    -100.42300     56.44300
    -100.76000     57.61200
    -101.13700     58.82100
    -101.56300     60.07400
    -102.04800     61.37500
    -102.60800     62.73400
    -103.26300     64.15800
    -104.04100     65.65900
    -104.98800     67.25300
    -106.17300     68.96100
    -107.71300     70.81200
    -109.82800     72.85400
    -112.99000     75.16500
    -118.49000     77.89900
    -132.27500     81.45100
</sweep>
<sweep>
    -126.72300    -81.45100
    -115.08700    -77.89900
    -110.31400    -75.16500
    -107.54800    -72.85400
    -105.69100    -70.81200
    -104.33500    -68.96100
    -103.29100    -67.25300
    -102.45500    -65.65900
    -101.76700    -64.15800
    -101.18800    -62.73400
    -100.69300    -61.37500
    -100.26300    -60.07400
     -99.88640    -58.82100
     -99.55230    -57.61200
     -99.25370    -56.44300
     -98.98490    -55.30800
     -98.74140    -54.20500
     -98.51960    -53.13000
     -98.31670    -52.08200
     -98.13010    -51.05800
     -97.95800    -50.05500
     -97.79860    -49.07400
     -97.65050    -48.11100
     -97.51260    -47.16700
     -97.38380    -46.23800
     -97.26320    -45.32500
     -97.15010    -44.42700
     -97.04380    -43.54200
     -96.94370    -42.67000
     -96.84920    -41.81000
     -96.76000    -40.96200
     -96.67560    -40.12400
     -96.59560    -39.29600
     -96.51980    -38.47900
     -96.44780    -37.67000
     -96.37940    -36.87000
     -96.31430    -36.07800
     -96.25230    -35.29400
     -96.19320    -34.51800
     -96.13690    -33.74900
     -96.08320    -32.98700
     -96.03190    -32.23100
     -95.98280    -31.48100
     -95.93600    -30.73800
     -95.89120    -30.00000
     -95.84840    -29.26800
     -95.80740    -28.54000
     -95.76820    -27.81800
     -95.73060    -27.10100
     -95.69470    -26.38800
     -95.66030    -25.67900
     -95.62740    -24.97500
     -95.59580    -24.27500
     -95.56560    -23.57800
     -95.53670    -22.88500
     -95.50910    -22.19600
     -95.48260    -21.51000
     -95.45730    -20.82700
     -95.43310    -20.14800
     -95.40990    -19.47100
     -95.38780    -18.79700
     -95.36670    -18.12600
     -95.34660    -17.45800
     -95.32750    -16.79100
     -95.30920    -16.12800
     -95.29180    -15.46600
     -95.27530    -14.80700
     -95.25970    -14.14900
     -95.24490    -13.49300
     -95.23080    -12.84000
     -95.21760    -12.18700
     -95.20510    -11.53700
     -95.19340    -10.88800
     -95.18250    -10.24000
     -95.17220     -9.59410
     -95.16270     -8.94900
     -95.15390     -8.30510
     -95.14580     -7.66230
     -95.13830     -7.02040
     -95.13150     -6.37940
     -95.12540     -5.73920
     -95.12000     -5.09970
     -95.11520     -4.46080
     -95.11110     -3.82260
     -95.10760     -3.18470
     -95.10470     -2.54730
     -95.10250     -1.91020
     -95.10100     -1.27330
     -95.10000     -0.63663
     -95.09970      0.00000
     -95.10000      0.63663
     -95.10100      1.27330
     -95.10250      1.91020
     -95.10470      2.54730
     -95.10760      3.18470
     -95.11110      3.82260
     -95.11520      4.46080
     -95.12000      5.09970
     -95.12540      5.73920
     -95.13150      6.37940
     -95.13830      7.02040
     -95.14580      7.66230
     -95.15390      8.30510
     -95.16270      8.94900
     -95.17220      9.59410
     -95.18250     10.24000
     -95.19340     10.88800
     -95.20510     11.53700
     -95.21760     12.18700
     -95.23080     12.84000
     -95.24490     13.49300
     -95.25970     14.14900
     -95.27530     14.80700
     -95.29180     15.46600
     -95.30920     16.12800
     -95.32750     16.79100
     -95.34660     17.45800
     -95.36670     18.12600
     -95.38780     18.79700
     -95.40990     19.47100
     -95.43310     20.14800
     -95.45730     20.82700
     -95.48260     21.51000
     -95.50910     22.19600
     -95.53670     22.88500
     -95.56560     23.57800
     -95.59580     24.27500
     -95.62740     24.97500
     -95.66030     25.67900
     -95.69470     26.38800
     -95.73060     27.10100
     -95.76820     27.81800
     -95.80740     28.54000
     -95.84840     29.26800
     -95.89120     30.00000
     -95.93600     30.73800
     -95.98280     31.48100
     -96.03190     32.23100
     -96.08320     32.98700
     -96.13690     33.74900
     -96.19320     34.51800
     -96.25230     35.29400
     -96.31430     36.07800
     -96.37940     36.87000
     -96.44780     37.67000
     -96.51980     38.47900
     -96.59560     39.29600
     -96.67560     40.12400
     -96.76000     40.96200
     -96.84920     41.81000
     -96.94370     42.67000
     -97.04380     43.54200
     -97.15010     44.42700
     -97.26320     45.32500
     -97.38380     46.23800
     -97.51260     47.16700
     -97.65050     48.11100
     -97.79860     49.07400
     -97.95800     50.05500
     -98.13010     51.05800
     -98.31670     52.08200
     -98.51960     53.13000
     -98.74140     54.20500
     -98.98490     55.30800
     -99.25370     56.44300
     -99.55230     57.61200
     -99.88640     58.82100
    -100.26300     60.07400
    -100.69300     61.37500
    -101.18800     62.73400
    -101.76700     64.15800
    -102.45500     65.65900
    -103.29100     67.25300
    -104.33500     68.96100
    -105.69100     70.81200
    -107.54800     72.85400
    -110.31400     75.16500
    -115.08700     77.89900
    -126.72300     81.45100
</sweep>
<sweep>
    -121.54700    -81.45100
    -111.77700    -77.89900
    -107.68400    -75.16500
    -105.29700    -72.85400
    -103.68900    -70.81200
    -102.51200    -68.96100
    -101.60400    -67.25300
    -100.87700    -65.65900
    -100.27900    -64.15800
     -99.77470    -62.73400
     -99.34350    -61.37500
     -98.96910    -60.07400
     -98.64050    -58.82100
     -98.34910    -57.61200
     -98.08870    -56.44300
     -97.85420    -55.30800
     -97.64170    -54.20500
     -97.44820    -53.13000
     -97.27110    -52.08200
     -97.10820    -51.05800
     -96.95790    -50.05500
     -96.81880    -49.07400
     -96.68950    -48.11100
     -96.56910    -47.16700
     -96.45660    -46.23800
     -96.35130    -45.32500
     -96.25250    -44.42700
     -96.15970    -43.54200
     -96.07220    -42.67000
     -95.98970    -41.81000
     -95.91180    -40.96200
     -95.83800    -40.12400
     -95.76820    -39.29600
     -95.70190    -38.47900
     -95.63900    -37.67000
     -95.57920    -36.87000
     -95.52240    -36.07800
     -95.46820    -35.29400
     -95.41660    -34.51800
     -95.36740    -33.74900
     -95.32040    -32.98700
     -95.27560    -32.23100
     -95.23280    -31.48100
     -95.19180    -30.73800
     -95.15270    -30.00000
     -95.11520    -29.26800
     -95.07940    -28.54000
     -95.04520    -27.81800
     -95.01230    -27.10100
     -94.98090    -26.38800
     -94.95090    -25.67900
     -94.92210    -24.97500
     -94.89450    -24.27500
     -94.86810    -23.57800
     -94.84290    -22.88500
     -94.81870    -22.19600
     -94.79550    -21.51000
     -94.77340    -20.82700
     -94.75230    -20.14800
     -94.73200    -19.47100
     -94.71270    -18.79700
     -94.69430    -18.12600
     -94.67670    -17.45800
     -94.65990    -16.79100
     -94.64400    -16.12800
     -94.62880    -15.46600
     -94.61440    -14.80700
     -94.60070    -14.14900
     -94.58770    -13.49300
     -94.57550    -12.84000
     -94.56390    -12.18700
     -94.55300    -11.53700
     -94.54280    -10.88800
     -94.53320    -10.24000
     -94.52430     -9.59410
     -94.51590     -8.94900
     -94.50820     -8.30510
     -94.50110     -7.66230
     -94.49460     -7.02040
     -94.48870     -6.37940
     -94.48340     -5.73920
     -94.47860     -5.09970
     -94.47440     -4.46080
     -94.47080     -3.82260
     -94.46780     -3.18470
     -94.46530     -2.54730
     -94.46330     -1.91020
     -94.46190     -1.27330
     -94.46110     -0.63663
     -94.46080      0.00000
     -94.46110      0.63663
     -94.46190      1.27330
     -94.46330      1.91020
     -94.46530      2.54730
     -94.46780      3.18470
     -94.47080      3.82260
     -94.47440      4.46080
     -94.47860      5.09970
     -94.48340      5.73920
     -94.48870      6.37940
     -94.49460      7.02040
     -94.50110      7.66230
     -94.50820      8.30510
     -94.51590      8.94900
     -94.52430      9.59410
     -94.53320     10.24000
     -94.54280     10.88800
     -94.55300     11.53700
     -94.56390     12.18700
     -94.57550     12.84000
     -94.58770     13.49300
     -94.60070     14.14900
     -94.61440     14.80700
     -94.62880     15.46600
     -94.64400     16.12800
     -94.65990     16.79100
     -94.67670     17.45800
     -94.69430     18.12600
     -94.71270     18.79700
     -94.73200     19.47100
     -94.75230     20.14800
     -94.77340     20.82700
     -94.79550     21.51000
     -94.81870     22.19600
     -94.84290     22.88500
     -94.86810     23.57800
     -94.89450     24.27500
     -94.92210     24.97500
     -94.95090     25.67900
     -94.98090     26.38800
     -95.01230     27.10100
     -95.04520     27.81800
     -95.07940     28.54000
     -95.11520     29.26800
     -95.15270     30.00000
     -95.19180     30.73800
     -95.23280     31.48100
     -95.27560     32.23100
     -95.32040     32.98700
     -95.36740     33.74900
     -95.41660     34.51800
     -95.46820     35.29400
     -95.52240     36.07800
     -95.57920     36.87000
     -95.63900     37.67000
     -95.70190     38.47900
     -95.76820     39.29600
     -95.83800     40.12400
     -95.91180     40.96200
     -95.98970     41.81000
     -96.07220     42.67000
     -96.15970     43.54200
     -96.25250     44.42700
     -96.35130     45.32500
     -96.45660     46.23800
     -96.56910     47.16700
     -96.68950     48.11100
     -96.81880     49.07400
     -96.95790     50.05500
     -97.10820     51.05800
     -97.27110     52.08200
     -97.44820     53.13000
     -97.64170     54.20500
     -97.85420     55.30800
     -98.08870     56.44300
     -98.34910     57.61200
     -98.64050     58.82100
     -98.96910     60.07400
     -99.34350     61.37500
     -99.77470     62.73400
    -100.27900     64.15800
    -100.87700     65.65900
    -101.60400     67.25300
    -102.51200     68.96100
    -103.68900     70.81200
    -105.29700     72.85400
    -107.68400     75.16500
    -111.77700     77.89900
    -121.54700     81.45100
</sweep>
<sweep>
    -116.64500    -81.45100
    -108.54200    -77.89900
    -105.09200    -75.16500
    -103.07000    -72.85400
    -101.70300    -70.81200
    -100.70200    -68.96100
     -99.92840    -67.25300
     -99.30840    -65.65900
     -98.79760    -64.15800
     -98.36750    -62.73400
     -97.99920    -61.37500
     -97.67940    -60.07400
     -97.39860    -58.82100
     -97.14960    -57.61200
     -96.92700    -56.44300
     -96.72650    -55.30800
     -96.54490    -54.20500
     -96.37940    -53.13000
     -96.22790    -52.08200
     -96.08860    -51.05800
     -95.96000    -50.05500
     -95.84100    -49.07400
     -95.73040    -48.11100
     -95.62740    -47.16700
     -95.53110    -46.23800
     -95.44100    -45.32500
     -95.35650    -44.42700
     -95.27700    -43.54200
     -95.20220    -42.67000
     -95.13150    -41.81000
     -95.06480    -40.96200
     -95.00170    -40.12400
     -94.94190    -39.29600
     -94.88520    -38.47900
     -94.83140    -37.67000
     -94.78020    -36.87000
     -94.73150    -36.07800
     -94.68510    -35.29400
     -94.64100    -34.51800
     -94.59880    -33.74900
     -94.55860    -32.98700
     -94.52020    -32.23100
     -94.48360    -31.48100
     -94.44850    -30.73800
     -94.41500    -30.00000
     -94.38290    -29.26800
     -94.35230    -28.54000
     -94.32290    -27.81800
     -94.29480    -27.10100
     -94.26790    -26.38800
     -94.24220    -25.67900
     -94.21750    -24.97500
     -94.19390    -24.27500
     -94.17130    -23.57800
     -94.14970    -22.88500
     -94.12900    -22.19600
     -94.10920    -21.51000
     -94.09020    -20.82700
     -94.07210    -20.14800
     -94.05480    -19.47100
     -94.03830    -18.79700
     -94.02250    -18.12600
     -94.00740    -17.45800
     -93.99310    -16.79100
     -93.97940    -16.12800
     -93.96640    -15.46600
     -93.95400    -14.80700
     -93.94230    -14.14900
     -93.93120    -13.49300
     -93.92070    -12.84000
     -93.91080    -12.18700
     -93.90150    -11.53700
     -93.89270    -10.88800
     -93.88450    -10.24000
     -93.87690     -9.59410
     -93.86970     -8.94900
     -93.86310     -8.30510
     -93.85700     -7.66230
     -93.85150     -7.02040
     -93.84640     -6.37940
     -93.84180     -5.73920
     -93.83780     -5.09970
     -93.83420     -4.46080
     -93.83110     -3.82260
     -93.82850     -3.18470
     -93.82630     -2.54730
     -93.82470     -1.91020
     -93.82350     -1.27330
     -93.82280     -0.63663
     -93.82260      0.00000
     -93.82280      0.63663
     -93.82350      1.27330
     -93.82470      1.91020
     -93.82630      2.54730
     -93.82850      3.18470
     -93.83110      3.82260
     -93.83420      4.46080
     -93.83780      5.09970
     -93.84180      5.73920
     -93.84640      6.37940
     -93.85150      7.02040
     -93.85700      7.66230
     -93.86310      8.30510
     -93.86970      8.94900
     -93.87690      9.59410
     -93.88450     10.24000
     -93.89270     10.88800
     -93.90150     11.53700
     -93.91080     12.18700
     -93.92070     12.84000
     -93.93120     13.49300
     -93.94230     14.14900
     -93.95400     14.80700
     -93.96640     15.46600
     -93.97940     16.12800
     -93.99310     16.79100
     -94.00740     17.45800
     -94.02250     18.12600
     -94.03830     18.79700
     -94.05480     19.47100
     -94.07210     20.14800
     -94.09020     20.82700
     -94.10920     21.51000
     -94.12900     22.19600
     -94.14970     22.88500
     -94.17130     23.57800
     -94.19390     24.27500
     -94.21750     24.97500
     -94.24220     25.67900
     -94.26790     26.38800
     -94.29480     27.10100
     -94.32290     27.81800
     -94.35230     28.54000
     -94.38290     29.26800
     -94.41500     30.00000
     -94.44850     30.73800
     -94.48360     31.48100
     -94.52020     32.23100
     -94.55860     32.98700
     -94.59880     33.74900
     -94.64100     34.51800
     -94.68510     35.29400
     -94.73150     36.07800
     -94.78020     36.87000
     -94.83140     37.67000
     -94.88520     38.47900
     -94.94190     39.29600
     -95.00170     40.12400
     -95.06480     40.96200
     -95.13150     41.81000
     -95.20220     42.67000
     -95.27700     43.54200
     -95.35650     44.42700
     -95.44100     45.32500
     -95.53110     46.23800
     -95.62740     47.16700
     -95.73040     48.11100
     -95.84100     49.07400
     -95.96000     50.05500
     -96.08860     51.05800
     -96.22790     52.08200
     -96.37940     53.13000
     -96.54490     54.20500
     -96.72650     55.30800
     -96.92700     56.44300
     -97.14960     57.61200
     -97.39860     58.82100
     -97.67940     60.07400
     -97.99920     61.37500
     -98.36750     62.73400
     -98.79760     64.15800
     -99.30840     65.65900
     -99.92840     67.25300
    -100.70200     68.96100
    -101.70300     70.81200
    -103.07000     72.85400
    -105.09200     75.16500
    -108.54200     77.89900
    -116.64500     81.45100
</sweep>
<sweep>
    -111.94500    -81.45100
    -105.36700    -77.89900
    -102.53200    -75.16500
    -100.86200    -72.85400
     -99.73150    -70.81200
     -98.90210    -68.96100
     -98.26090    -67.25300
     -97.74650    -65.65900
     -97.32240    -64.15800
     -96.96530    -62.73400
     -96.65930    -61.37500
     -96.39370    -60.07400
     -96.16030    -58.82100
     -95.95330    -57.61200
     -95.76820    -56.44300
     -95.60150    -55.30800
     -95.45040    -54.20500
     -95.31280    -53.13000
     -95.18680    -52.08200
     -95.07090    -51.05800
     -94.96400    -50.05500
     -94.86490    -49.07400
     -94.77290    -48.11100
     -94.68720    -47.16700
     -94.60710    -46.23800
     -94.53210    -45.32500
     -94.46170    -44.42700
     -94.39560    -43.54200
     -94.33330    -42.67000
     -94.27450    -41.81000
     -94.21900    -40.96200
     -94.16650    -40.12400
     -94.11670    -39.29600
     -94.06950    -38.47900
     -94.02470    -37.67000
     -93.98210    -36.87000
     -93.94150    -36.07800
     -93.90290    -35.29400
     -93.86620    -34.51800
     -93.83110    -33.74900
     -93.79760    -32.98700
     -93.76570    -32.23100
     -93.73510    -31.48100
     -93.70600    -30.73800
     -93.67810    -30.00000
     -93.65140    -29.26800
     -93.62580    -28.54000
     -93.60140    -27.81800
     -93.57800    -27.10100
     -93.55560    -26.38800
     -93.53420    -25.67900
     -93.51360    -24.97500
     -93.49400    -24.27500
     -93.47520    -23.57800
     -93.45720    -22.88500
     -93.43990    -22.19600
     -93.42340    -21.51000
     -93.40760    -20.82700
     -93.39260    -20.14800
     -93.37810    -19.47100
     -93.36440    -18.79700
     -93.35120    -18.12600
     -93.33870    -17.45800
     -93.32670    -16.79100
     -93.31540    -16.12800
     -93.30450    -15.46600
     -93.29420    -14.80700
     -93.28450    -14.14900
     -93.27520    -13.49300
     -93.26650    -12.84000
     -93.25820    -12.18700
     -93.25050    -11.53700
     -93.24320    -10.88800
     -93.23630    -10.24000
     -93.23000     -9.59410
     -93.22400     -8.94900
     -93.21850     -8.30510
     -93.21350     -7.66230
     -93.20880     -7.02040
     -93.20460     -6.37940
     -93.20080     -5.73920
     -93.19740     -5.09970
     -93.19440     -4.46080
     -93.19180     -3.82260
     -93.18970     -3.18470
     -93.18790     -2.54730
     -93.18650     -1.91020
     -93.18550     -1.27330
     -93.18490     -0.63663
     -93.18470      0.00000
     -93.18490      0.63663
     -93.18550      1.27330
     -93.18650      1.91020
     -93.18790      2.54730
     -93.18970      3.18470
     -93.19180      3.82260
     -93.19440      4.46080
     -93.19740      5.09970
     -93.20080      5.73920
     -93.20460      6.37940
     -93.20880      7.02040
     -93.21350      7.66230
     -93.21850      8.30510
     -93.22400      8.94900
     -93.23000      9.59410
     -93.23630     10.24000
     -93.24320     10.88800
     -93.25050     11.53700
     -93.25820     12.18700
     -93.26650     12.84000
     -93.27520     13.49300
     -93.28450     14.14900
     -93.29420     14.80700
     -93.30450     15.46600
     -93.31540     16.12800
     -93.32670     16.79100
     -93.33870     17.45800
     -93.35120     18.12600
     -93.36440     18.79700
     -93.37810     19.47100
     -93.39260     20.14800
     -93.40760     20.82700
     -93.42340     21.51000
     -93.43990     22.19600
     -93.45720     22.88500
     -93.47520     23.57800
     -93.49400     24.27500
     -93.51360     24.97500
     -93.53420     25.67900
     -93.55560     26.38800
     -93.57800     27.10100
     -93.60140     27.81800
     -93.62580     28.54000
     -93.65140     29.26800
     -93.67810     30.00000
     -93.70600     30.73800
     -93.73510     31.48100
     -93.76570     32.23100
     -93.79760     32.98700
     -93.83110     33.74900
     -93.86620     34.51800
     -93.90290     35.29400
     -93.94150     36.07800
     -93.98210     36.87000
     -94.02470     37.67000
     -94.06950     38.47900
     -94.11670     39.29600
     -94.16650     40.12400
     -94.21900     40.96200
     -94.27450     41.81000
     -94.33330     42.67000
     -94.39560     43.54200
     -94.46170     44.42700
     -94.53210     45.32500
     -94.60710     46.23800
     -94.68720     47.16700
     -94.77290     48.11100
     -94.86490     49.07400
     -94.96400     50.05500
     -95.07090     51.05800
     -95.18680     52.08200
     -95.31280     53.13000
     -95.45040     54.20500
     -95.60150     55.30800
     -95.76820     56.44300
     -95.95330     57.61200
     -96.16030     58.82100
     -96.39370     60.07400
     -96.65930     61.37500
     -96.96530     62.73400
     -97.32240     64.15800
     -97.74650     65.65900
     -98.26090     67.25300
     -98.90210     68.96100
     -99.73150     70.81200
    -100.86200     72.85400
    -102.53200     75.16500
    -105.36700     77.89900
    -111.94500     81.45100
</sweep>
<sweep>
    -107.39600    -81.45100
    -102.24000    -77.89900
     -99.99630    -75.16500
     -98.67070    -72.85400
     -97.77160    -70.81200
     -97.11130    -68.96100
     -96.60040    -67.25300
     -96.19040    -65.65900
     -95.85220    -64.15800
     -95.56730    -62.73400
     -95.32310    -61.37500
     -95.11110    -60.07400
     -94.92480    -58.82100
     -94.75950    -57.61200
     -94.61170    -56.44300
     -94.47860    -55.30800
     -94.35800    -54.20500
     -94.24800    -53.13000
     -94.14740    -52.08200
     -94.05480    -51.05800
     -93.96940    -50.05500
     -93.89020    -49.07400
     -93.81670    -48.11100
     -93.74820    -47.16700
     -93.68420    -46.23800
     -93.62430    -45.32500
     -93.56810    -44.42700
     -93.51520    -43.54200
     -93.46550    -42.67000
     -93.41850    -41.81000
     -93.37410    -40.96200
     -93.33210    -40.12400
     -93.29240    -39.29600
     -93.25460    -38.47900
     -93.21880    -37.67000
     -93.18470    -36.87000
     -93.15230    -36.07800
     -93.12150    -35.29400
     -93.09210    -34.51800
     -93.06400    -33.74900
     -93.03730    -32.98700
     -93.01170    -32.23100
     -92.98730    -31.48100
     -92.96400    -30.73800
     -92.94170    -30.00000
     -92.92040    -29.26800
     -92.90000    -28.54000
     -92.88040    -27.81800
     -92.86170    -27.10100
     -92.84380    -26.38800
     -92.82670    -25.67900
     -92.81030    -24.97500
     -92.79460    -24.27500
     -92.77950    -23.57800
     -92.76510    -22.88500
     -92.75130    -22.19600
     -92.73820    -21.51000
     -92.72550    -20.82700
     -92.71350    -20.14800
     -92.70200    -19.47100
     -92.69090    -18.79700
     -92.68040    -18.12600
     -92.67040    -17.45800
     -92.66080    -16.79100
     -92.65170    -16.12800
     -92.64310    -15.46600
     -92.63490    -14.80700
     -92.62710    -14.14900
     -92.61970    -13.49300
     -92.61270    -12.84000
     -92.60610    -12.18700
     -92.59990    -11.53700
     -92.59400    -10.88800
     -92.58860    -10.24000
     -92.58350     -9.59410
     -92.57870     -8.94900
     -92.57430     -8.30510
     -92.57030     -7.66230
     -92.56660     -7.02040
     -92.56320     -6.37940
     -92.56020     -5.73920
     -92.55740     -5.09970
     -92.55510     -4.46080
     -92.55300     -3.82260
     -92.55130     -3.18470
     -92.54980     -2.54730
     -92.54870     -1.91020
     -92.54790     -1.27330
     -92.54750     -0.63663
     -92.54730      0.00000
     -92.54750      0.63663
     -92.54790      1.27330
     -92.54870      1.91020
     -92.54980      2.54730
     -92.55130      3.18470
     -92.55300      3.82260
     -92.55510      4.46080
     -92.55740      5.09970
     -92.56020      5.73920
     -92.56320      6.37940
     -92.56660      7.02040
     -92.57030      7.66230
     -92.57430      8.30510
     -92.57870      8.94900
     -92.58350      9.59410
     -92.58860     10.24000
     -92.59400     10.88800
     -92.59990     11.53700
     -92.60610     12.18700
     -92.61270     12.84000
     -92.61970     13.49300
     -92.62710     14.14900
     -92.63490     14.80700
     -92.64310     15.46600
     -92.65170     16.12800
     -92.66080     16.79100
     -92.67040     17.45800
     -92.68040     18.12600
     -92.69090     18.79700
     -92.70200     19.47100
     -92.71350     20.14800
     -92.72550     20.82700
     -92.73820     21.51000
     -92.75130     22.19600
     -92.76510     22.88500
     -92.77950     23.57800
     -92.79460     24.27500
     -92.81030     24.97500
     -92.82670     25.67900
     -92.84380     26.38800
     -92.86170     27.10100
     -92.88040     27.81800
     -92.90000     28.54000
     -92.92040     29.26800
     -92.94170     30.00000
     -92.96400     30.73800
     -92.98730     31.48100
     -93.01170     32.23100
     -93.03730     32.98700
     -93.06400     33.74900
     -93.09210     34.51800
     -93.12150     35.29400
     -93.15230     36.07800
     -93.18470     36.87000
     -93.21880     37.67000
     -93.25460     38.47900
     -93.29240     39.29600
     -93.33210     40.12400
     -93.37410     40.96200
     -93.41850     41.81000
     -93.46550     42.67000
     -93.51520     43.54200
     -93.56810     44.42700
     -93.62430     45.32500
     -93.68420     46.23800
     -93.74820     47.16700
     -93.81670     48.11100
     -93.89020     49.07400
     -93.96940     50.05500
     -94.05480     51.05800
     -94.14740     52.08200
     -94.24800     53.13000
     -94.35800     54.20500
     -94.47860     55.30800
     -94.61170     56.44300
     -94.75950     57.61200
     -94.92480     58.82100
     -95.11110     60.07400
     -95.32310     61.37500
     -95.56730     62.73400
     -95.85220     64.15800
     -96.19040     65.65900
     -96.60040     67.25300
     -97.11130     68.96100
     -97.77160     70.81200
     -98.67070     72.85400
     -99.99630     75.16500
    -102.24000     77.89900
    -107.39600     81.45100
</sweep>
<sweep>
    -102.95800    -81.45100
     -99.14880    -77.89900
     -97.48050    -75.16500
     -96.49210    -72.85400
     -95.82090    -70.81200
     -95.32750    -68.96100
     -94.94550    -67.25300
     -94.63880    -65.65900
     -94.38580    -64.15800
     -94.17260    -62.73400
     -93.98980    -61.37500
     -93.83110    -60.07400
     -93.69160    -58.82100
     -93.56780    -57.61200
     -93.45720    -56.44300
     -93.35750    -55.30800
     -93.26710    -54.20500
     -93.18470    -53.13000
     -93.10930    -52.08200
     -93.04000    -51.05800
     -92.97600    -50.05500
     -92.91670    -49.07400
     -92.86160    -48.11100
     -92.81030    -47.16700
     -92.76230    -46.23800
     -92.71740    -45.32500
     -92.67530    -44.42700
     -92.63570    -43.54200
     -92.59840    -42.67000
     -92.56320    -41.81000
     -92.52990    -40.96200
     -92.49850    -40.12400
     -92.46870    -39.29600
     -92.44040    -38.47900
     -92.41350    -37.67000
     -92.38800    -36.87000
     -92.36370    -36.07800
     -92.34060    -35.29400
     -92.31860    -34.51800
     -92.29760    -33.74900
     -92.27750    -32.98700
     -92.25840    -32.23100
     -92.24010    -31.48100
     -92.22260    -30.73800
     -92.20590    -30.00000
     -92.18990    -29.26800
     -92.17460    -28.54000
     -92.15990    -27.81800
     -92.14590    -27.10100
     -92.13250    -26.38800
     -92.11960    -25.67900
     -92.10730    -24.97500
     -92.09560    -24.27500
     -92.08430    -23.57800
     -92.07350    -22.88500
     -92.06320    -22.19600
     -92.05330    -21.51000
     -92.04380    -20.82700
     -92.03480    -20.14800
     -92.02610    -19.47100
     -92.01790    -18.79700
     -92.01000    -18.12600
     -92.00250    -17.45800
     -91.99530    -16.79100
     -91.98850    -16.12800
     -91.98200    -15.46600
     -91.97580    -14.80700
     -91.97000    -14.14900
     -91.96450    -13.49300
     -91.95920    -12.84000
     -91.95430    -12.18700
     -91.94960    -11.53700
     -91.94520    -10.88800
     -91.94110    -10.24000
     -91.93730     -9.59410
     -91.93380     -8.94900
     -91.93050     -8.30510
     -91.92740     -7.66230
     -91.92460     -7.02040
     -91.92210     -6.37940
     -91.91980     -5.73920
     -91.91780     -5.09970
     -91.91600     -4.46080
     -91.91450     -3.82260
     -91.91320     -3.18470
     -91.91210     -2.54730
     -91.91130     -1.91020
     -91.91070     -1.27330
     -91.91030     -0.63663
     -91.91020      0.00000
     -91.91030      0.63663
     -91.91070      1.27330
     -91.91130      1.91020
     -91.91210      2.54730
     -91.91320      3.18470
     -91.91450      3.82260
     -91.91600      4.46080
     -91.91780      5.09970
     -91.91980      5.73920
     -91.92210      6.37940
     -91.92460      7.02040
     -91.92740      7.66230
     -91.93050      8.30510
     -91.93380      8.94900
     -91.93730      9.59410
     -91.94110     10.24000
     -91.94520     10.88800
     -91.94960     11.53700
     -91.95430     12.18700
     -91.95920     12.84000
     -91.96450     13.49300
     -91.97000     14.14900
     -91.97580     14.80700
     -91.98200     15.46600
     -91.98850     16.12800
     -91.99530     16.79100
     -92.00250     17.45800
     -92.01000     18.12600
     -92.01790     18.79700
     -92.02610     19.47100
     -92.03480     20.14800
     -92.04380     20.82700
     -92.05330     21.51000
     -92.06320     22.19600
     -92.07350     22.88500
     -92.08430     23.57800
     -92.09560     24.27500
     -92.10730     24.97500
     -92.11960     25.67900
     -92.13250     26.38800
     -92.14590     27.10100
     -92.15990     27.81800
     -92.17460     28.54000
     -92.18990     29.26800
     -92.20590     30.00000
     -92.22260     30.73800
     -92.24010     31.48100
     -92.25840     32.23100
     -92.27750     32.98700
     -92.29760     33.74900
     -92.31860     34.51800
     -92.34060     35.29400
     -92.36370     36.07800
     -92.38800     36.87000
     -92.41350     37.67000
     -92.44040     38.47900
     -92.46870     39.29600
     -92.49850     40.12400
     -92.52990     40.96200
     -92.56320     41.81000
     -92.59840     42.67000
     -92.63570     43.54200
     -92.67530     44.42700
     -92.71740     45.32500
     -92.76230     46.23800
     -92.81030     47.16700
     -92.86160     48.11100
     -92.91670     49.07400
     -92.97600     50.05500
     -93.04000     51.05800
     -93.10930     52.08200
     -93.18470     53.13000
     -93.26710     54.20500
     -93.35750     55.30800
     -93.45720     56.44300
     -93.56780     57.61200
     -93.69160     58.82100
     -93.83110     60.07400
     -93.98980     61.37500
     -94.17260     62.73400
     -94.38580     64.15800
     -94.63880     65.65900
     -94.94550     67.25300
     -95.32750     68.96100
     -95.82090     70.81200
     -96.49210     72.85400
     -97.48050     75.16500
     -99.14880     77.89900
    -102.95800     81.45100
</sweep>
<sweep>
     -98.59720    -81.45100
     -96.08480    -77.89900
     -94.97910    -75.16500
     -94.32290    -72.85400
     -93.87690    -70.81200
     -93.54880    -68.96100
     -93.29470    -67.25300
     -93.09070    -65.65900
     -92.92230    -64.15800
     -92.78030    -62.73400
     -92.65870    -61.37500
     -92.55300    -60.07400
     -92.46010    -58.82100
     -92.37770    -57.61200
     -92.30400    -56.44300
     -92.23760    -55.30800
     -92.17740    -54.20500
     -92.12260    -53.13000
     -92.07230    -52.08200
     -92.02610    -51.05800
     -91.98350    -50.05500
     -91.94400    -49.07400
     -91.90730    -48.11100
     -91.87310    -47.16700
     -91.84120    -46.23800
     -91.81120    -45.32500
     -91.78320    -44.42700
     -91.75680    -43.54200
     -91.73190    -42.67000
     -91.70850    -41.81000
     -91.68630    -40.96200
     -91.66540    -40.12400
     -91.64550    -39.29600
     -91.62670    -38.47900
     -91.60880    -37.67000
     -91.59180    -36.87000
     -91.57560    -36.07800
     -91.56020    -35.29400
     -91.54550    -34.51800
     -91.53150    -33.74900
     -91.51810    -32.98700
     -91.50540    -32.23100
     -91.49320    -31.48100
     -91.48150    -30.73800
     -91.47040    -30.00000
     -91.45970    -29.26800
     -91.44950    -28.54000
     -91.43980    -27.81800
     -91.43040    -27.10100
     -91.42150    -26.38800
     -91.41290    -25.67900
     -91.40470    -24.97500
     -91.39690    -24.27500
     -91.38940    -23.57800
     -91.38220    -22.88500
     -91.37530    -22.19600
     -91.36870    -21.51000
     -91.36240    -20.82700
     -91.35640    -20.14800
     -91.35060    -19.47100
     -91.34510    -18.79700
     -91.33980    -18.12600
     -91.33480    -17.45800
     -91.33010    -16.79100
     -91.32550    -16.12800
     -91.32120    -15.46600
     -91.31710    -14.80700
     -91.31320    -14.14900
     -91.30950    -13.49300
     -91.30600    -12.84000
     -91.30270    -12.18700
     -91.29960    -11.53700
     -91.29670    -10.88800
     -91.29400    -10.24000
     -91.29140     -9.59410
     -91.28900     -8.94900
     -91.28680     -8.30510
     -91.28480     -7.66230
     -91.28300     -7.02040
     -91.28130     -6.37940
     -91.27980     -5.73920
     -91.27840     -5.09970
     -91.27720     -4.46080
     -91.27620     -3.82260
     -91.27530     -3.18470
     -91.27460     -2.54730
     -91.27410     -1.91020
     -91.27370     -1.27330
     -91.27340     -0.63663
     -91.27330      0.00000
     -91.27340      0.63663
     -91.27370      1.27330
     -91.27410      1.91020
     -91.27460      2.54730
     -91.27530      3.18470
     -91.27620      3.82260
     -91.27720      4.46080
     -91.27840      5.09970
     -91.27980      5.73920
     -91.28130      6.37940
     -91.28300      7.02040
     -91.28480      7.66230
     -91.28680      8.30510
     -91.28900      8.94900
     -91.29140      9.59410
     -91.29400     10.24000
     -91.29670     10.88800
     -91.29960     11.53700
     -91.30270     12.18700
     -91.30600     12.84000
     -91.30950     13.49300
     -91.31320     14.14900
     -91.31710     14.80700
     -91.32120     15.46600
     -91.32550     16.12800
     -91.33010     16.79100
     -91.33480     17.45800
     -91.33980     18.12600
     -91.34510     18.79700
     -91.35060     19.47100
     -91.35640     20.14800
     -91.36240     20.82700
     -91.36870     21.51000
     -91.37530     22.19600
     -91.38220     22.88500
     -91.38940     23.57800
     -91.39690     24.27500
     -91.40470     24.97500
     -91.41290     25.67900
     -91.42150     26.38800
     -91.43040     27.10100
     -91.43980     27.81800
     -91.44950     28.54000
     -91.45970     29.26800
     -91.47040     30.00000
     -91.48150     30.73800
     -91.49320     31.48100
     -91.50540     32.23100
     -91.51810     32.98700
     -91.53150     33.74900
     -91.54550     34.51800
     -91.56020     35.29400
     -91.57560     36.07800
     -91.59180     36.87000
     -91.60880     37.67000
     -91.62670     38.47900
     -91.64550     39.29600
     -91.66540     40.12400
     -91.68630     40.96200
     -91.70850     41.81000
     -91.73190     42.67000
     -91.75680     43.54200
     -91.78320     44.42700
     -91.81120     45.32500
     -91.84120     46.23800
     -91.87310     47.16700
     -91.90730     48.11100
     -91.94400     49.07400
     -91.98350     50.05500
     -92.02610     51.05800
     -92.07230     52.08200
     -92.12260     53.13000
     -92.17740     54.20500
     -92.23760     55.30800
     -92.30400     56.44300
     -92.37770     57.61200
     -92.46010     58.82100
     -92.55300     60.07400
     -92.65870     61.37500
     -92.78030     62.73400
     -92.92230     64.15800
     -93.09070     65.65900
     -93.29470     67.25300
     -93.54880     68.96100
     -93.87690     70.81200
     -94.32290     72.85400
     -94.97910     75.16500
     -96.08480     77.89900
     -98.59720     81.45100
</sweep>
<sweep>
     -94.28650    -81.45100
     -93.03810    -77.89900
     -92.48720    -75.16500
     -92.15990    -72.85400
     -91.93730    -70.81200
     -91.77350    -68.96100
     -91.64670    -67.25300
     -91.54480    -65.65900
     -91.46070    -64.15800
     -91.38980    -62.73400
     -91.32900    -61.37500
     -91.27620    -60.07400
     -91.22980    -58.82100
     -91.18860    -57.61200
     -91.15180    -56.44300
     -91.11860    -55.30800
     -91.08850    -54.20500
     -91.06110    -53.13000
     -91.03600    -52.08200
     -91.01290    -51.05800
     -90.99160    -50.05500
     -90.97186    -49.07400
     -90.95352    -48.11100
     -90.93643    -47.16700
     -90.92046    -46.23800
     -90.90551    -45.32500
     -90.89148    -44.42700
     -90.87829    -43.54200
     -90.86587    -42.67000
     -90.85415    -41.81000
     -90.84307    -40.96200
     -90.83259    -40.12400
     -90.82266    -39.29600
     -90.81324    -38.47900
     -90.80430    -37.67000
     -90.79580    -36.87000
     -90.78771    -36.07800
     -90.78001    -35.29400
     -90.77267    -34.51800
     -90.76567    -33.74900
     -90.75899    -32.98700
     -90.75261    -32.23100
     -90.74652    -31.48100
     -90.74069    -30.73800
     -90.73513    -30.00000
     -90.72980    -29.26800
     -90.72470    -28.54000
     -90.71982    -27.81800
     -90.71516    -27.10100
     -90.71068    -26.38800
     -90.70640    -25.67900
     -90.70231    -24.97500
     -90.69838    -24.27500
     -90.69463    -23.57800
     -90.69103    -22.88500
     -90.68759    -22.19600
     -90.68429    -21.51000
     -90.68114    -20.82700
     -90.67813    -20.14800
     -90.67525    -19.47100
     -90.67250    -18.79700
     -90.66988    -18.12600
     -90.66737    -17.45800
     -90.66499    -16.79100
     -90.66271    -16.12800
     -90.66055    -15.46600
     -90.65850    -14.80700
     -90.65655    -14.14900
     -90.65471    -13.49300
     -90.65296    -12.84000
     -90.65131    -12.18700
     -90.64976    -11.53700
     -90.64830    -10.88800
     -90.64694    -10.24000
     -90.64566     -9.59410
     -90.64448     -8.94900
     -90.64338     -8.30510
     -90.64237     -7.66230
     -90.64144     -7.02040
     -90.64060     -6.37940
     -90.63984     -5.73920
     -90.63916     -5.09970
     -90.63857     -4.46080
     -90.63805     -3.82260
     -90.63762     -3.18470
     -90.63726     -2.54730
     -90.63699     -1.91020
     -90.63679     -1.27330
     -90.63667     -0.63663
     -90.63663      0.00000
     -90.63667      0.63663
     -90.63679      1.27330
     -90.63699      1.91020
     -90.63726      2.54730
     -90.63762      3.18470
     -90.63805      3.82260
     -90.63857      4.46080
     -90.63916      5.09970
     -90.63984      5.73920
     -90.64060      6.37940
     -90.64144      7.02040
     -90.64237      7.66230
     -90.64338      8.30510
     -90.64448      8.94900
     -90.64566      9.59410
     -90.64694     10.24000
     -90.64830     10.88800
     -90.64976     11.53700
     -90.65131     12.18700
     -90.65296     12.84000
     -90.65471     13.49300
     -90.65655     14.14900
     -90.65850     14.80700
     -90.66055     15.46600
     -90.66271     16.12800
     -90.66499     16.79100
     -90.66737     17.45800
     -90.66988     18.12600
     -90.67250     18.79700
     -90.67525     19.47100
     -90.67813     20.14800
     -90.68114     20.82700
     -90.68429     21.51000
     -90.68759     22.19600
     -90.69103     22.88500
     -90.69463     23.57800
     -90.69838     24.27500
     -90.70231     24.97500
     -90.70640     25.67900
     -90.71068     26.38800
     -90.71516     27.10100
     -90.71982     27.81800
     -90.72470     28.54000
     -90.72980     29.26800
     -90.73513     30.00000
     -90.74069     30.73800
     -90.74652     31.48100
     -90.75261     32.23100
     -90.75899     32.98700
     -90.76567     33.74900
     -90.77267     34.51800
     -90.78001     35.29400
     -90.78771     36.07800
     -90.79580     36.87000
     -90.80430     37.67000
     -90.81324     38.47900
     -90.82266     39.29600
     -90.83259     40.12400
     -90.84307     40.96200
     -90.85415     41.81000
     -90.86587     42.67000
     -90.87829     43.54200
     -90.89148     44.42700
     -90.90551     45.32500
     -90.92046     46.23800
     -90.93643     47.16700
     -90.95352     48.11100
     -90.97186     49.07400
     -90.99160     50.05500
     -91.01290     51.05800
     -91.03600     52.08200
     -91.06110     53.13000
     -91.08850     54.20500
     -91.11860     55.30800
     -91.15180     56.44300
     -91.18860     57.61200
     -91.22980     58.82100
     -91.27620     60.07400
     -91.32900     61.37500
     -91.38980     62.73400
     -91.46070     64.15800
     -91.54480     65.65900
     -91.64670     67.25300
     -91.77350     68.96100
     -91.93730     70.81200
     -92.15990     72.85400
     -92.48720     75.16500
     -93.03810     77.89900
     -94.28650     81.45100
</sweep>
<sweep>
     -90.00000    -81.45100
     -90.00000    -77.89900
     -90.00000    -75.16500
     -90.00000    -72.85400
     -90.00000    -70.81200
     -90.00000    -68.96100
     -90.00000    -67.25300
     -90.00000    -65.65900
     -90.00000    -64.15800
     -90.00000    -62.73400
     -90.00000    -61.37500
     -90.00000    -60.07400
     -90.00000    -58.82100
     -90.00000    -57.61200
     -90.00000    -56.44300
     -90.00000    -55.30800
     -90.00000    -54.20500
     -90.00000    -53.13000
     -90.00000    -52.08200
     -90.00000    -51.05800
     -90.00000    -50.05500
     -90.00000    -49.07400
     -90.00000    -48.11100
     -90.00000    -47.16700
     -90.00000    -46.23800
     -90.00000    -45.32500
     -90.00000    -44.42700
     -90.00000    -43.54200
     -90.00000    -42.67000
     -90.00000    -41.81000
     -90.00000    -40.96200
     -90.00000    -40.12400
     -90.00000    -39.29600
     -90.00000    -38.47900
     -90.00000    -37.67000
     -90.00000    -36.87000
     -90.00000    -36.07800
     -90.00000    -35.29400
     -90.00000    -34.51800
     -90.00000    -33.74900
     -90.00000    -32.98700
     -90.00000    -32.23100
     -90.00000    -31.48100
     -90.00000    -30.73800
     -90.00000    -30.00000
     -90.00000    -29.26800
     -90.00000    -28.54000
     -90.00000    -27.81800
     -90.00000    -27.10100
     -90.00000    -26.38800
     -90.00000    -25.67900
     -90.00000    -24.97500
     -90.00000    -24.27500
     -90.00000    -23.57800
     -90.00000    -22.88500
     -90.00000    -22.19600
     -90.00000    -21.51000
     -90.00000    -20.82700
     -90.00000    -20.14800
     -90.00000    -19.47100
     -90.00000    -18.79700
     -90.00000    -18.12600
     -90.00000    -17.45800
     -90.00000    -16.79100
     -90.00000    -16.12800
     -90.00000    -15.46600
     -90.00000    -14.80700
     -90.00000    -14.14900
     -90.00000    -13.49300
     -90.00000    -12.84000
     -90.00000    -12.18700
     -90.00000    -11.53700
     -90.00000    -10.88800
     -90.00000    -10.24000
     -90.00000     -9.59410
     -90.00000     -8.94900
     -90.00000     -8.30510
     -90.00000     -7.66230
     -90.00000     -7.02040
     -90.00000     -6.37940
     -90.00000     -5.73920
     -90.00000     -5.09970
     -90.00000     -4.46080
     -90.00000     -3.82260
     -90.00000     -3.18470
     -90.00000     -2.54730
     -90.00000     -1.91020
     -90.00000     -1.27330
     -90.00000     -0.63663
     -90.00000      0.00000
     -90.00000      0.63663
     -90.00000      1.27330
     -90.00000      1.91020
     -90.00000      2.54730
     -90.00000      3.18470
     -90.00000      3.82260
     -90.00000      4.46080
     -90.00000      5.09970
     -90.00000      5.73920
     -90.00000      6.37940
     -90.00000      7.02040
     -90.00000      7.66230
     -90.00000      8.30510
     -90.00000      8.94900
     -90.00000      9.59410
     -90.00000     10.24000
     -90.00000     10.88800
     -90.00000     11.53700
     -90.00000     12.18700
     -90.00000     12.84000
     -90.00000     13.49300
     -90.00000     14.14900
     -90.00000     14.80700
     -90.00000     15.46600
     -90.00000     16.12800
     -90.00000     16.79100
     -90.00000     17.45800
     -90.00000     18.12600
     -90.00000     18.79700
     -90.00000     19.47100
     -90.00000     20.14800
     -90.00000     20.82700
     -90.00000     21.51000
     -90.00000     22.19600
     -90.00000     22.88500
     -90.00000     23.57800
     -90.00000     24.27500
     -90.00000     24.97500
     -90.00000     25.67900
     -90.00000     26.38800
     -90.00000     27.10100
     -90.00000     27.81800
     -90.00000     28.54000
     -90.00000     29.26800
     -90.00000     30.00000
     -90.00000     30.73800
     -90.00000     31.48100
     -90.00000     32.23100
     -90.00000     32.98700
     -90.00000     33.74900
     -90.00000     34.51800
     -90.00000     35.29400
     -90.00000     36.07800
     -90.00000     36.87000
     -90.00000     37.67000
     -90.00000     38.47900
     -90.00000     39.29600
     -90.00000     40.12400
     -90.00000     40.96200
     -90.00000     41.81000
     -90.00000     42.67000
     -90.00000     43.54200
     -90.00000     44.42700
     -90.00000     45.32500
     -90.00000     46.23800
     -90.00000     47.16700
     -90.00000     48.11100
     -90.00000     49.07400
     -90.00000     50.05500
     -90.00000     51.05800
     -90.00000     52.08200
     -90.00000     53.13000
     -90.00000     54.20500
     -90.00000     55.30800
     -90.00000     56.44300
     -90.00000     57.61200
     -90.00000     58.82100
     -90.00000     60.07400
     -90.00000     61.37500
     -90.00000     62.73400
     -90.00000     64.15800
     -90.00000     65.65900
     -90.00000     67.25300
     -90.00000     68.96100
     -90.00000     70.81200
     -90.00000     72.85400
     -90.00000     75.16500
     -90.00000     77.89900
     -90.00000     81.45100
</sweep>
<sweep>
     -85.71350    -81.45100
     -86.96190    -77.89900
     -87.51280    -75.16500
     -87.84010    -72.85400
     -88.06270    -70.81200
     -88.22650    -68.96100
     -88.35330    -67.25300
     -88.45520    -65.65900
     -88.53930    -64.15800
     -88.61020    -62.73400
     -88.67100    -61.37500
     -88.72380    -60.07400
     -88.77020    -58.82100
     -88.81140    -57.61200
     -88.84820    -56.44300
     -88.88140    -55.30800
     -88.91150    -54.20500
     -88.93890    -53.13000
     -88.96400    -52.08200
     -88.98710    -51.05800
     -89.00840    -50.05500
     -89.02814    -49.07400
     -89.04648    -48.11100
     -89.06357    -47.16700
     -89.07954    -46.23800
     -89.09449    -45.32500
     -89.10852    -44.42700
     -89.12171    -43.54200
     -89.13413    -42.67000
     -89.14585    -41.81000
     -89.15693    -40.96200
     -89.16741    -40.12400
     -89.17734    -39.29600
     -89.18676    -38.47900
     -89.19570    -37.67000
     -89.20420    -36.87000
     -89.21229    -36.07800
     -89.21999    -35.29400
     -89.22733    -34.51800
     -89.23433    -33.74900
     -89.24101    -32.98700
     -89.24739    -32.23100
     -89.25348    -31.48100
     -89.25931    -30.73800
     -89.26487    -30.00000
     -89.27020    -29.26800
     -89.27530    -28.54000
     -89.28018    -27.81800
     -89.28484    -27.10100
     -89.28932    -26.38800
     -89.29360    -25.67900
     -89.29769    -24.97500
     -89.30162    -24.27500
     -89.30537    -23.57800
     -89.30897    -22.88500
     -89.31241    -22.19600
     -89.31571    -21.51000
     -89.31886    -20.82700
     -89.32187    -20.14800
     -89.32475    -19.47100
     -89.32750    -18.79700
     -89.33012    -18.12600
     -89.33263    -17.45800
     -89.33501    -16.79100
     -89.33729    -16.12800
     -89.33945    -15.46600
     -89.34150    -14.80700
     -89.34345    -14.14900
     -89.34529    -13.49300
     -89.34704    -12.84000
     -89.34869    -12.18700
     -89.35024    -11.53700
     -89.35170    -10.88800
     -89.35306    -10.24000
     -89.35434     -9.59410
     -89.35552     -8.94900
     -89.35662     -8.30510
     -89.35763     -7.66230
     -89.35856     -7.02040
     -89.35940     -6.37940
     -89.36016     -5.73920
     -89.36084     -5.09970
     -89.36143     -4.46080
     -89.36195     -3.82260
     -89.36238     -3.18470
     -89.36274     -2.54730
     -89.36301     -1.91020
     -89.36321     -1.27330
     -89.36333     -0.63663
     -89.36337      0.00000
     -89.36333      0.63663
     -89.36321      1.27330
     -89.36301      1.91020
     -89.36274      2.54730
     -89.36238      3.18470
     -89.36195      3.82260
     -89.36143      4.46080
     -89.36084      5.09970
     -89.36016      5.73920
     -89.35940      6.37940
     -89.35856      7.02040
     -89.35763      7.66230
     -89.35662      8.30510
     -89.35552      8.94900
     -89.35434      9.59410
     -89.35306     10.24000
     -89.35170     10.88800
     -89.35024     11.53700
     -89.34869     12.18700
     -89.34704     12.84000
     -89.34529     13.49300
     -89.34345     14.14900
     -89.34150     14.80700
     -89.33945     15.46600
     -89.33729     16.12800
     -89.33501     16.79100
     -89.33263     17.45800
     -89.33012     18.12600
     -89.32750     18.79700
     -89.32475     19.47100
     -89.32187     20.14800
     -89.31886     20.82700
     -89.31571     21.51000
     -89.31241     22.19600
     -89.30897     22.88500
     -89.30537     23.57800
     -89.30162     24.27500
     -89.29769     24.97500
     -89.29360     25.67900
     -89.28932     26.38800
     -89.28484     27.10100
     -89.28018     27.81800
     -89.27530     28.54000
     -89.27020     29.26800
     -89.26487     30.00000
     -89.25931     30.73800
     -89.25348     31.48100
     -89.24739     32.23100
     -89.24101     32.98700
     -89.23433     33.74900
     -89.22733     34.51800
     -89.21999     35.29400
     -89.21229     36.07800
     -89.20420     36.87000
     -89.19570     37.67000
     -89.18676     38.47900
     -89.17734     39.29600
     -89.16741     40.12400
     -89.15693     40.96200
     -89.14585     41.81000
     -89.13413     42.67000
     -89.12171     43.54200
     -89.10852     44.42700
     -89.09449     45.32500
     -89.07954     46.23800
     -89.06357     47.16700
     -89.04648     48.11100
     -89.02814     49.07400
     -89.00840     50.05500
     -88.98710     51.05800
     -88.96400     52.08200
     -88.93890     53.13000
     -88.91150     54.20500
     -88.88140     55.30800
     -88.84820     56.44300
     -88.81140     57.61200
     -88.77020     58.82100
     -88.72380     60.07400
     -88.67100     61.37500
     -88.61020     62.73400
     -88.53930     64.15800
     -88.45520     65.65900
     -88.35330     67.25300
     -88.22650     68.96100
     -88.06270     70.81200
     -87.84010     72.85400
     -87.51280     75.16500
     -86.96190     77.89900
     -85.71350     81.45100
</sweep>
<sweep>
     -81.40280    -81.45100
     -83.91520    -77.89900
     -85.02090    -75.16500
     -85.67710    -72.85400
     -86.12310    -70.81200
     -86.45120    -68.96100
     -86.70530    -67.25300
     -86.90930    -65.65900
     -87.07770    -64.15800
     -87.21970    -62.73400
     -87.34130    -61.37500
     -87.44700    -60.07400
     -87.53990    -58.82100
     -87.62230    -57.61200
     -87.69600    -56.44300
     -87.76240    -55.30800
     -87.82260    -54.20500
     -87.87740    -53.13000
     -87.92770    -52.08200
     -87.97390    -51.05800
     -88.01650    -50.05500
     -88.05600    -49.07400
     -88.09270    -48.11100
     -88.12690    -47.16700
     -88.15880    -46.23800
     -88.18880    -45.32500
     -88.21680    -44.42700
     -88.24320    -43.54200
     -88.26810    -42.67000
     -88.29150    -41.81000
     -88.31370    -40.96200
     -88.33460    -40.12400
     -88.35450    -39.29600
     -88.37330    -38.47900
     -88.39120    -37.67000
     -88.40820    -36.87000
     -88.42440    -36.07800
     -88.43980    -35.29400
     -88.45450    -34.51800
     -88.46850    -33.74900
     -88.48190    -32.98700
     -88.49460    -32.23100
     -88.50680    -31.48100
     -88.51850    -30.73800
     -88.52960    -30.00000
     -88.54030    -29.26800
     -88.55050    -28.54000
     -88.56020    -27.81800
     -88.56960    -27.10100
     -88.57850    -26.38800
     -88.58710    -25.67900
     -88.59530    -24.97500
     -88.60310    -24.27500
     -88.61060    -23.57800
     -88.61780    -22.88500
     -88.62470    -22.19600
     -88.63130    -21.51000
     -88.63760    -20.82700
     -88.64360    -20.14800
     -88.64940    -19.47100
     -88.65490    -18.79700
     -88.66020    -18.12600
     -88.66520    -17.45800
     -88.66990    -16.79100
     -88.67450    -16.12800
     -88.67880    -15.46600
     -88.68290    -14.80700
     -88.68680    -14.14900
     -88.69050    -13.49300
     -88.69400    -12.84000
     -88.69730    -12.18700
     -88.70040    -11.53700
     -88.70330    -10.88800
     -88.70600    -10.24000
     -88.70860     -9.59410
     -88.71100     -8.94900
     -88.71320     -8.30510
     -88.71520     -7.66230
     -88.71700     -7.02040
     -88.71870     -6.37940
     -88.72020     -5.73920
     -88.72160     -5.09970
     -88.72280     -4.46080
     -88.72380     -3.82260
     -88.72470     -3.18470
     -88.72540     -2.54730
     -88.72590     -1.91020
     -88.72630     -1.27330
     -88.72660     -0.63663
     -88.72670      0.00000
     -88.72660      0.63663
     -88.72630      1.27330
     -88.72590      1.91020
     -88.72540      2.54730
     -88.72470      3.18470
     -88.72380      3.82260
     -88.72280      4.46080
     -88.72160      5.09970
     -88.72020      5.73920
     -88.71870      6.37940
     -88.71700      7.02040
     -88.71520      7.66230
     -88.71320      8.30510
     -88.71100      8.94900
     -88.70860      9.59410
     -88.70600     10.24000
     -88.70330     10.88800
     -88.70040     11.53700
     -88.69730     12.18700
     -88.69400     12.84000
     -88.69050     13.49300
     -88.68680     14.14900
     -88.68290     14.80700
     -88.67880     15.46600
     -88.67450     16.12800
     -88.66990     16.79100
     -88.66520     17.45800
     -88.66020     18.12600
     -88.65490     18.79700
     -88.64940     19.47100
     -88.64360     20.14800
     -88.63760     20.82700
     -88.63130     21.51000
     -88.62470     22.19600
     -88.61780     22.88500
     -88.61060     23.57800
     -88.60310     24.27500
     -88.59530     24.97500
     -88.58710     25.67900
     -88.57850     26.38800
     -88.56960     27.10100
     -88.56020     27.81800
     -88.55050     28.54000
     -88.54030     29.26800
     -88.52960     30.00000
     -88.51850     30.73800
     -88.50680     31.48100
     -88.49460     32.23100
     -88.48190     32.98700
     -88.46850     33.74900
     -88.45450     34.51800
     -88.43980     35.29400
     -88.42440     36.07800
     -88.40820     36.87000
     -88.39120     37.67000
     -88.37330     38.47900
     -88.35450     39.29600
     -88.33460     40.12400
     -88.31370     40.96200
     -88.29150     41.81000
     -88.26810     42.67000
     -88.24320     43.54200
     -88.21680     44.42700
     -88.18880     45.32500
     -88.15880     46.23800
     -88.12690     47.16700
     -88.09270     48.11100
     -88.05600     49.07400
     -88.01650     50.05500
     -87.97390     51.05800
     -87.92770     52.08200
     -87.87740     53.13000
     -87.82260     54.20500
     -87.76240     55.30800
     -87.69600     56.44300
     -87.62230     57.61200
     -87.53990     58.82100
     -87.44700     60.07400
     -87.34130     61.37500
     -87.21970     62.73400
     -87.07770     64.15800
     -86.90930     65.65900
     -86.70530     67.25300
     -86.45120     68.96100
     -86.12310     70.81200
     -85.67710     72.85400
     -85.02090     75.16500
     -83.91520     77.89900
     -81.40280     81.45100
</sweep>
<sweep>
     -77.04200    -81.45100
     -80.85120    -77.89900
     -82.51950    -75.16500
     -83.50790    -72.85400
     -84.17910    -70.81200
     -84.67250    -68.96100
     -85.05450    -67.25300
     -85.36120    -65.65900
     -85.61420    -64.15800
     -85.82740    -62.73400
     -86.01020    -61.37500
     -86.16890    -60.07400
     -86.30840    -58.82100
     -86.43220    -57.61200
     -86.54280    -56.44300
     -86.64250    -55.30800
     -86.73290    -54.20500
     -86.81530    -53.13000
     -86.89070    -52.08200
     -86.96000    -51.05800
     -87.02400    -50.05500
     -87.08330    -49.07400
     -87.13840    -48.11100
     -87.18970    -47.16700
     -87.23770    -46.23800
     -87.28260    -45.32500
     -87.32470    -44.42700
     -87.36430    -43.54200
     -87.40160    -42.67000
     -87.43680    -41.81000
     -87.47010    -40.96200
     -87.50150    -40.12400
     -87.53130    -39.29600
     -87.55960    -38.47900
     -87.58650    -37.67000
     -87.61200    -36.87000
     -87.63630    -36.07800
     -87.65940    -35.29400
     -87.68140    -34.51800
     -87.70240    -33.74900
     -87.72250    -32.98700
     -87.74160    -32.23100
     -87.75990    -31.48100
     -87.77740    -30.73800
     -87.79410    -30.00000
     -87.81010    -29.26800
     -87.82540    -28.54000
     -87.84010    -27.81800
     -87.85410    -27.10100
     -87.86750    -26.38800
     -87.88040    -25.67900
     -87.89270    -24.97500
     -87.90440    -24.27500
     -87.91570    -23.57800
     -87.92650    -22.88500
     -87.93680    -22.19600
     -87.94670    -21.51000
     -87.95620    -20.82700
     -87.96520    -20.14800
     -87.97390    -19.47100
     -87.98210    -18.79700
     -87.99000    -18.12600
     -87.99750    -17.45800
     -88.00470    -16.79100
     -88.01150    -16.12800
     -88.01800    -15.46600
     -88.02420    -14.80700
     -88.03000    -14.14900
     -88.03550    -13.49300
     -88.04080    -12.84000
     -88.04570    -12.18700
     -88.05040    -11.53700
     -88.05480    -10.88800
     -88.05890    -10.24000
     -88.06270     -9.59410
     -88.06620     -8.94900
     -88.06950     -8.30510
     -88.07260     -7.66230
     -88.07540     -7.02040
     -88.07790     -6.37940
     -88.08020     -5.73920
     -88.08220     -5.09970
     -88.08400     -4.46080
     -88.08550     -3.82260
     -88.08680     -3.18470
     -88.08790     -2.54730
     -88.08870     -1.91020
     -88.08930     -1.27330
     -88.08970     -0.63663
     -88.08980      0.00000
     -88.08970      0.63663
     -88.08930      1.27330
     -88.08870      1.91020
     -88.08790      2.54730
     -88.08680      3.18470
     -88.08550      3.82260
     -88.08400      4.46080
     -88.08220      5.09970
     -88.08020      5.73920
     -88.07790      6.37940
     -88.07540      7.02040
     -88.07260      7.66230
     -88.06950      8.30510
     -88.06620      8.94900
     -88.06270      9.59410
     -88.05890     10.24000
     -88.05480     10.88800
     -88.05040     11.53700
     -88.04570     12.18700
     -88.04080     12.84000
     -88.03550     13.49300
     -88.03000     14.14900
     -88.02420     14.80700
     -88.01800     15.46600
     -88.01150     16.12800
     -88.00470     16.79100
     -87.99750     17.45800
     -87.99000     18.12600
     -87.98210     18.79700
     -87.97390     19.47100
     -87.96520     20.14800
     -87.95620     20.82700
     -87.94670     21.51000
     -87.93680     22.19600
     -87.92650     22.88500
     -87.91570     23.57800
     -87.90440     24.27500
     -87.89270     24.97500
     -87.88040     25.67900
     -87.86750     26.38800
     -87.85410     27.10100
     -87.84010     27.81800
     -87.82540     28.54000
     -87.81010     29.26800
     -87.79410     30.00000
     -87.77740     30.73800
     -87.75990     31.48100
     -87.74160     32.23100
     -87.72250     32.98700
     -87.70240     33.74900
     -87.68140     34.51800
     -87.65940     35.29400
     -87.63630     36.07800
     -87.61200     36.87000
     -87.58650     37.67000
     -87.55960     38.47900
     -87.53130     39.29600
     -87.50150     40.12400
     -87.47010     40.96200
     -87.43680     41.81000
     -87.40160     42.67000
     -87.36430     43.54200
     -87.32470     44.42700
     -87.28260     45.32500
     -87.23770     46.23800
     -87.18970     47.16700
     -87.13840     48.11100
     -87.08330     49.07400
     -87.02400     50.05500
     -86.96000     51.05800
     -86.89070     52.08200
     -86.81530     53.13000
     -86.73290     54.20500
     -86.64250     55.30800
     -86.54280     56.44300
     -86.43220     57.61200
     -86.30840     58.82100
     -86.16890     60.07400
     -86.01020     61.37500
     -85.82740     62.73400
     -85.61420     64.15800
     -85.36120     65.65900
     -85.05450     67.25300
     -84.67250     68.96100
     -84.17910     70.81200
     -83.50790     72.85400
     -82.51950     75.16500
     -80.85120     77.89900
     -77.04200     81.45100
</sweep>
<sweep>
     -72.60400    -81.45100
     -77.76000    -77.89900
     -80.00370    -75.16500
     -81.32930    -72.85400
     -82.22840    -70.81200
     -82.88870    -68.96100
     -83.39960    -67.25300
     -83.80960    -65.65900
     -84.14780    -64.15800
     -84.43270    -62.73400
     -84.67690    -61.37500
     -84.88890    -60.07400
     -85.07520    -58.82100
     -85.24050    -57.61200
     -85.38830    -56.44300
     -85.52140    -55.30800
     -85.64200    -54.20500
     -85.75200    -53.13000
     -85.85260    -52.08200
     -85.94520    -51.05800
     -86.03060    -50.05500
     -86.10980    -49.07400
     -86.18330    -48.11100
     -86.25180    -47.16700
     -86.31580    -46.23800
     -86.37570    -45.32500
     -86.43190    -44.42700
     -86.48480    -43.54200
     -86.53450    -42.67000
     -86.58150    -41.81000
     -86.62590    -40.96200
     -86.66790    -40.12400
     -86.70760    -39.29600
     -86.74540    -38.47900
     -86.78120    -37.67000
     -86.81530    -36.87000
     -86.84770    -36.07800
     -86.87850    -35.29400
     -86.90790    -34.51800
     -86.93600    -33.74900
     -86.96270    -32.98700
     -86.98830    -32.23100
     -87.01270    -31.48100
     -87.03600    -30.73800
     -87.05830    -30.00000
     -87.07960    -29.26800
     -87.10000    -28.54000
     -87.11960    -27.81800
     -87.13830    -27.10100
     -87.15620    -26.38800
     -87.17330    -25.67900
     -87.18970    -24.97500
     -87.20540    -24.27500
     -87.22050    -23.57800
     -87.23490    -22.88500
     -87.24870    -22.19600
     -87.26180    -21.51000
     -87.27450    -20.82700
     -87.28650    -20.14800
     -87.29800    -19.47100
     -87.30910    -18.79700
     -87.31960    -18.12600
     -87.32960    -17.45800
     -87.33920    -16.79100
     -87.34830    -16.12800
     -87.35690    -15.46600
     -87.36510    -14.80700
     -87.37290    -14.14900
     -87.38030    -13.49300
     -87.38730    -12.84000
     -87.39390    -12.18700
     -87.40010    -11.53700
     -87.40600    -10.88800
     -87.41140    -10.24000
     -87.41650     -9.59410
     -87.42130     -8.94900
     -87.42570     -8.30510
     -87.42970     -7.66230
     -87.43340     -7.02040
     -87.43680     -6.37940
     -87.43980     -5.73920
     -87.44260     -5.09970
     -87.44490     -4.46080
     -87.44700     -3.82260
     -87.44870     -3.18470
     -87.45020     -2.54730
     -87.45130     -1.91020
     -87.45210     -1.27330
     -87.45250     -0.63663
     -87.45270      0.00000
     -87.45250      0.63663
     -87.45210      1.27330
     -87.45130      1.91020
     -87.45020      2.54730
     -87.44870      3.18470
     -87.44700      3.82260
     -87.44490      4.46080
     -87.44260      5.09970
     -87.43980      5.73920
     -87.43680      6.37940
     -87.43340      7.02040
     -87.42970      7.66230
     -87.42570      8.30510
     -87.42130      8.94900
     -87.41650      9.59410
     -87.41140     10.24000
     -87.40600     10.88800
     -87.40010     11.53700
     -87.39390     12.18700
     -87.38730     12.84000
     -87.38030     13.49300
     -87.37290     14.14900
     -87.36510     14.80700
     -87.35690     15.46600
     -87.34830     16.12800
     -87.33920     16.79100
     -87.32960     17.45800
     -87.31960     18.12600
     -87.30910     18.79700
     -87.29800     19.47100
     -87.28650     20.14800
     -87.27450     20.82700
     -87.26180     21.51000
     -87.24870     22.19600
     -87.23490     22.88500
     -87.22050     23.57800
     -87.20540     24.27500
     -87.18970     24.97500
     -87.17330     25.67900
     -87.15620     26.38800
     -87.13830     27.10100
     -87.11960     27.81800
     -87.10000     28.54000
     -87.07960     29.26800
     -87.05830     30.00000
     -87.03600     30.73800
     -87.01270     31.48100
     -86.98830     32.23100
     -86.96270     32.98700
     -86.93600     33.74900
     -86.90790     34.51800
     -86.87850     35.29400
     -86.84770     36.07800
     -86.81530     36.87000
     -86.78120     37.67000
     -86.74540     38.47900
     -86.70760     39.29600
     -86.66790     40.12400
     -86.62590     40.96200
     -86.58150     41.81000
     -86.53450     42.67000
     -86.48480     43.54200
     -86.43190     44.42700
     -86.37570     45.32500
     -86.31580     46.23800
     -86.25180     47.16700
     -86.18330     48.11100
     -86.10980     49.07400
     -86.03060     50.05500
     -85.94520     51.05800
     -85.85260     52.08200
     -85.75200     53.13000
     -85.64200     54.20500
     -85.52140     55.30800
     -85.38830     56.44300
     -85.24050     57.61200
     -85.07520     58.82100
     -84.88890     60.07400
     -84.67690     61.37500
     -84.43270     62.73400
     -84.14780     64.15800
     -83.80960     65.65900
     -83.39960     67.25300
     -82.88870     68.96100
     -82.22840     70.81200
     -81.32930     72.85400
     -80.00370     75.16500
     -77.76000     77.89900
     -72.60400     81.45100
</sweep>
<sweep>
     -68.05500    -81.45100
     -74.63300    -77.89900
     -77.46800    -75.16500
     -79.13800    -72.85400
     -80.26850    -70.81200
     -81.09790    -68.96100
     -81.73910    -67.25300
     -82.25350    -65.65900
     -82.67760    -64.15800
     -83.03470    -62.73400
     -83.34070    -61.37500
     -83.60630    -60.07400
     -83.83970    -58.82100
     -84.04670    -57.61200
     -84.23180    -56.44300
     -84.39850    -55.30800
     -84.54960    -54.20500
     -84.68720    -53.13000
     -84.81320    -52.08200
     -84.92910    -51.05800
     -85.03600    -50.05500
     -85.13510    -49.07400
     -85.22710    -48.11100
     -85.31280    -47.16700
     -85.39290    -46.23800
     -85.46790    -45.32500
     -85.53830    -44.42700
     -85.60440    -43.54200
     -85.66670    -42.67000
     -85.72550    -41.81000
     -85.78100    -40.96200
     -85.83350    -40.12400
     -85.88330    -39.29600
     -85.93050    -38.47900
     -85.97530    -37.67000
     -86.01790    -36.87000
     -86.05850    -36.07800
     -86.09710    -35.29400
     -86.13380    -34.51800
     -86.16890    -33.74900
     -86.20240    -32.98700
     -86.23430    -32.23100
     -86.26490    -31.48100
     -86.29400    -30.73800
     -86.32190    -30.00000
     -86.34860    -29.26800
     -86.37420    -28.54000
     -86.39860    -27.81800
     -86.42200    -27.10100
     -86.44440    -26.38800
     -86.46580    -25.67900
     -86.48640    -24.97500
     -86.50600    -24.27500
     -86.52480    -23.57800
     -86.54280    -22.88500
     -86.56010    -22.19600
     -86.57660    -21.51000
     -86.59240    -20.82700
     -86.60740    -20.14800
     -86.62190    -19.47100
     -86.63560    -18.79700
     -86.64880    -18.12600
     -86.66130    -17.45800
     -86.67330    -16.79100
     -86.68460    -16.12800
     -86.69550    -15.46600
     -86.70580    -14.80700
     -86.71550    -14.14900
     -86.72480    -13.49300
     -86.73350    -12.84000
     -86.74180    -12.18700
     -86.74950    -11.53700
     -86.75680    -10.88800
     -86.76370    -10.24000
     -86.77000     -9.59410
     -86.77600     -8.94900
     -86.78150     -8.30510
     -86.78650     -7.66230
     -86.79120     -7.02040
     -86.79540     -6.37940
     -86.79920     -5.73920
     -86.80260     -5.09970
     -86.80560     -4.46080
     -86.80820     -3.82260
     -86.81030     -3.18470
     -86.81210     -2.54730
     -86.81350     -1.91020
     -86.81450     -1.27330
     -86.81510     -0.63663
     -86.81530      0.00000
     -86.81510      0.63663
     -86.81450      1.27330
     -86.81350      1.91020
     -86.81210      2.54730
     -86.81030      3.18470
     -86.80820      3.82260
     -86.80560      4.46080
     -86.80260      5.09970
     -86.79920      5.73920
     -86.79540      6.37940
     -86.79120      7.02040
     -86.78650      7.66230
     -86.78150      8.30510
     -86.77600      8.94900
     -86.77000      9.59410
     -86.76370     10.24000
     -86.75680     10.88800
     -86.74950     11.53700
     -86.74180     12.18700
     -86.73350     12.84000
     -86.72480     13.49300
     -86.71550     14.14900
     -86.70580     14.80700
     -86.69550     15.46600
     -86.68460     16.12800
     -86.67330     16.79100
     -86.66130     17.45800
     -86.64880     18.12600
     -86.63560     18.79700
     -86.62190     19.47100
     -86.60740     20.14800
     -86.59240     20.82700
     -86.57660     21.51000
     -86.56010     22.19600
     -86.54280     22.88500
     -86.52480     23.57800
     -86.50600     24.27500
     -86.48640     24.97500
     -86.46580     25.67900
     -86.44440     26.38800
     -86.42200     27.10100
     -86.39860     27.81800
     -86.37420     28.54000
     -86.34860     29.26800
     -86.32190     30.00000
     -86.29400     30.73800
     -86.26490     31.48100
     -86.23430     32.23100
     -86.20240     32.98700
     -86.16890     33.74900
     -86.13380     34.51800
     -86.09710     35.29400
     -86.05850     36.07800
     -86.01790     36.87000
     -85.97530     37.67000
     -85.93050     38.47900
     -85.88330     39.29600
     -85.83350     40.12400
     -85.78100     40.96200
     -85.72550     41.81000
     -85.66670     42.67000
     -85.60440     43.54200
     -85.53830     44.42700
     -85.46790     45.32500
     -85.39290     46.23800
     -85.31280     47.16700
     -85.22710     48.11100
     -85.13510     49.07400
     -85.03600     50.05500
     -84.92910     51.05800
     -84.81320     52.08200
     -84.68720     53.13000
     -84.54960     54.20500
     -84.39850     55.30800
     -84.23180     56.44300
     -84.04670     57.61200
     -83.83970     58.82100
     -83.60630     60.07400
     -83.34070     61.37500
     -83.03470     62.73400
     -82.67760     64.15800
     -82.25350     65.65900
     -81.73910     67.25300
     -81.09790     68.96100
     -80.26850     70.81200
     -79.13800     72.85400
     -77.46800     75.16500
     -74.63300     77.89900
     -68.05500     81.45100
</sweep>
<sweep>
     -63.35500    -81.45100
     -71.45800    -77.89900
     -74.90800    -75.16500
     -76.93000    -72.85400
     -78.29700    -70.81200
     -79.29800    -68.96100
     -80.07160    -67.25300
     -80.69160    -65.65900
     -81.20240    -64.15800
     -81.63250    -62.73400
     -82.00080    -61.37500
     -82.32060    -60.07400
     -82.60140    -58.82100
     -82.85040    -57.61200
     -83.07300    -56.44300
     -83.27350    -55.30800
     -83.45510    -54.20500
     -83.62060    -53.13000
     -83.77210    -52.08200
     -83.91140    -51.05800
     -84.04000    -50.05500
     -84.15900    -49.07400
     -84.26960    -48.11100
     -84.37260    -47.16700
     -84.46890    -46.23800
     -84.55900    -45.32500
     -84.64350    -44.42700
     -84.72300    -43.54200
     -84.79780    -42.67000
     -84.86850    -41.81000
     -84.93520    -40.96200
     -84.99830    -40.12400
     -85.05810    -39.29600
     -85.11480    -38.47900
     -85.16860    -37.67000
     -85.21980    -36.87000
     -85.26850    -36.07800
     -85.31490    -35.29400
     -85.35900    -34.51800
     -85.40120    -33.74900
     -85.44140    -32.98700
     -85.47980    -32.23100
     -85.51640    -31.48100
     -85.55150    -30.73800
     -85.58500    -30.00000
     -85.61710    -29.26800
     -85.64770    -28.54000
     -85.67710    -27.81800
     -85.70520    -27.10100
     -85.73210    -26.38800
     -85.75780    -25.67900
     -85.78250    -24.97500
     -85.80610    -24.27500
     -85.82870    -23.57800
     -85.85030    -22.88500
     -85.87100    -22.19600
     -85.89080    -21.51000
     -85.90980    -20.82700
     -85.92790    -20.14800
     -85.94520    -19.47100
     -85.96170    -18.79700
     -85.97750    -18.12600
     -85.99260    -17.45800
     -86.00690    -16.79100
     -86.02060    -16.12800
     -86.03360    -15.46600
     -86.04600    -14.80700
     -86.05770    -14.14900
     -86.06880    -13.49300
     -86.07930    -12.84000
     -86.08920    -12.18700
     -86.09850    -11.53700
     -86.10730    -10.88800
     -86.11550    -10.24000
     -86.12310     -9.59410
     -86.13030     -8.94900
     -86.13690     -8.30510
     -86.14300     -7.66230
     -86.14850     -7.02040
     -86.15360     -6.37940
     -86.15820     -5.73920
     -86.16220     -5.09970
     -86.16580     -4.46080
     -86.16890     -3.82260
     -86.17150     -3.18470
     -86.17370     -2.54730
     -86.17530     -1.91020
     -86.17650     -1.27330
     -86.17720     -0.63663
     -86.17740      0.00000
     -86.17720      0.63663
     -86.17650      1.27330
     -86.17530      1.91020
     -86.17370      2.54730
     -86.17150      3.18470
     -86.16890      3.82260
     -86.16580      4.46080
     -86.16220      5.09970
     -86.15820      5.73920
     -86.15360      6.37940
     -86.14850      7.02040
     -86.14300      7.66230
     -86.13690      8.30510
     -86.13030      8.94900
     -86.12310      9.59410
     -86.11550     10.24000
     -86.10730     10.88800
     -86.09850     11.53700
     -86.08920     12.18700
     -86.07930     12.84000
     -86.06880     13.49300
     -86.05770     14.14900
     -86.04600     14.80700
     -86.03360     15.46600
     -86.02060     16.12800
     -86.00690     16.79100
     -85.99260     17.45800
     -85.97750     18.12600
     -85.96170     18.79700
     -85.94520     19.47100
     -85.92790     20.14800
     -85.90980     20.82700
     -85.89080     21.51000
     -85.87100     22.19600
     -85.85030     22.88500
     -85.82870     23.57800
     -85.80610     24.27500
     -85.78250     24.97500
     -85.75780     25.67900
     -85.73210     26.38800
     -85.70520     27.10100
     -85.67710     27.81800
     -85.64770     28.54000
     -85.61710     29.26800
     -85.58500     30.00000
     -85.55150     30.73800
     -85.51640     31.48100
     -85.47980     32.23100
     -85.44140     32.98700
     -85.40120     33.74900
     -85.35900     34.51800
     -85.31490     35.29400
     -85.26850     36.07800
     -85.21980     36.87000
     -85.16860     37.67000
     -85.11480     38.47900
     -85.05810     39.29600
     -84.99830     40.12400
     -84.93520     40.96200
     -84.86850     41.81000
     -84.79780     42.67000
     -84.72300     43.54200
     -84.64350     44.42700
     -84.55900     45.32500
     -84.46890     46.23800
     -84.37260     47.16700
     -84.26960     48.11100
     -84.15900     49.07400
     -84.04000     50.05500
     -83.91140     51.05800
     -83.77210     52.08200
     -83.62060     53.13000
     -83.45510     54.20500
     -83.27350     55.30800
     -83.07300     56.44300
     -82.85040     57.61200
     -82.60140     58.82100
     -82.32060     60.07400
     -82.00080     61.37500
     -81.63250     62.73400
     -81.20240     64.15800
     -80.69160     65.65900
     -80.07160     67.25300
     -79.29800     68.96100
     -78.29700     70.81200
     -76.93000     72.85400
     -74.90800     75.16500
     -71.45800     77.89900
     -63.35500     81.45100
</sweep>
<sweep>
     -58.45300    -81.45100
     -68.22300    -77.89900
     -72.31600    -75.16500
     -74.70300    -72.85400
     -76.31100    -70.81200
     -77.48800    -68.96100
     -78.39600    -67.25300
     -79.12300    -65.65900
     -79.72100    -64.15800
     -80.22530    -62.73400
     -80.65650    -61.37500
     -81.03090    -60.07400
     -81.35950    -58.82100
     -81.65090    -57.61200
     -81.91130    -56.44300
     -82.14580    -55.30800
     -82.35830    -54.20500
     -82.55180    -53.13000
     -82.72890    -52.08200
     -82.89180    -51.05800
     -83.04210    -50.05500
     -83.18120    -49.07400
     -83.31050    -48.11100
     -83.43090    -47.16700
     -83.54340    -46.23800
     -83.64870    -45.32500
     -83.74750    -44.42700
     -83.84030    -43.54200
     -83.92780    -42.67000
     -84.01030    -41.81000
     -84.08820    -40.96200
     -84.16200    -40.12400
     -84.23180    -39.29600
     -84.29810    -38.47900
     -84.36100    -37.67000
     -84.42080    -36.87000
     -84.47760    -36.07800
     -84.53180    -35.29400
     -84.58340    -34.51800
     -84.63260    -33.74900
     -84.67960    -32.98700
     -84.72440    -32.23100
     -84.76720    -31.48100
     -84.80820    -30.73800
     -84.84730    -30.00000
     -84.88480    -29.26800
     -84.92060    -28.54000
     -84.95480    -27.81800
     -84.98770    -27.10100
     -85.01910    -26.38800
     -85.04910    -25.67900
     -85.07790    -24.97500
     -85.10550    -24.27500
     -85.13190    -23.57800
     -85.15710    -22.88500
     -85.18130    -22.19600
     -85.20450    -21.51000
     -85.22660    -20.82700
     -85.24770    -20.14800
     -85.26800    -19.47100
     -85.28730    -18.79700
     -85.30570    -18.12600
     -85.32330    -17.45800
     -85.34010    -16.79100
     -85.35600    -16.12800
     -85.37120    -15.46600
     -85.38560    -14.80700
     -85.39930    -14.14900
     -85.41230    -13.49300
     -85.42450    -12.84000
     -85.43610    -12.18700
     -85.44700    -11.53700
     -85.45720    -10.88800
     -85.46680    -10.24000
     -85.47570     -9.59410
     -85.48410     -8.94900
     -85.49180     -8.30510
     -85.49890     -7.66230
     -85.50540     -7.02040
     -85.51130     -6.37940
     -85.51660     -5.73920
     -85.52140     -5.09970
     -85.52560     -4.46080
     -85.52920     -3.82260
     -85.53220     -3.18470
     -85.53470     -2.54730
     -85.53670     -1.91020
     -85.53810     -1.27330
     -85.53890     -0.63663
     -85.53920      0.00000
     -85.53890      0.63663
     -85.53810      1.27330
     -85.53670      1.91020
     -85.53470      2.54730
     -85.53220      3.18470
     -85.52920      3.82260
     -85.52560      4.46080
     -85.52140      5.09970
     -85.51660      5.73920
     -85.51130      6.37940
     -85.50540      7.02040
     -85.49890      7.66230
     -85.49180      8.30510
     -85.48410      8.94900
     -85.47570      9.59410
     -85.46680     10.24000
     -85.45720     10.88800
     -85.44700     11.53700
     -85.43610     12.18700
     -85.42450     12.84000
     -85.41230     13.49300
     -85.39930     14.14900
     -85.38560     14.80700
     -85.37120     15.46600
     -85.35600     16.12800
     -85.34010     16.79100
     -85.32330     17.45800
     -85.30570     18.12600
     -85.28730     18.79700
     -85.26800     19.47100
     -85.24770     20.14800
     -85.22660     20.82700
     -85.20450     21.51000
     -85.18130     22.19600
     -85.15710     22.88500
     -85.13190     23.57800
     -85.10550     24.27500
     -85.07790     24.97500
     -85.04910     25.67900
     -85.01910     26.38800
     -84.98770     27.10100
     -84.95480     27.81800
     -84.92060     28.54000
     -84.88480     29.26800
     -84.84730     30.00000
     -84.80820     30.73800
     -84.76720     31.48100
     -84.72440     32.23100
     -84.67960     32.98700
     -84.63260     33.74900
     -84.58340     34.51800
     -84.53180     35.29400
     -84.47760     36.07800
     -84.42080     36.87000
     -84.36100     37.67000
     -84.29810     38.47900
     -84.23180     39.29600
     -84.16200     40.12400
     -84.08820     40.96200
     -84.01030     41.81000
     -83.92780     42.67000
     -83.84030     43.54200
     -83.74750     44.42700
     -83.64870     45.32500
     -83.54340     46.23800
     -83.43090     47.16700
     -83.31050     48.11100
     -83.18120     49.07400
     -83.04210     50.05500
     -82.89180     51.05800
     -82.72890     52.08200
     -82.55180     53.13000
     -82.35830     54.20500
     -82.14580     55.30800
     -81.91130     56.44300
     -81.65090     57.61200
     -81.35950     58.82100
     -81.03090     60.07400
     -80.65650     61.37500
     -80.22530     62.73400
     -79.72100     64.15800
     -79.12300     65.65900
     -78.39600     67.25300
     -77.48800     68.96100
     -76.31100     70.81200
     -74.70300     72.85400
     -72.31600     75.16500
     -68.22300     77.89900
     -58.45300     81.45100
</sweep>
<sweep>
     -53.27700    -81.45100
     -64.91300    -77.89900
     -69.68600    -75.16500
     -72.45200    -72.85400
     -74.30900    -70.81200
     -75.66500    -68.96100
     -76.70900    -67.25300
     -77.54500    -65.65900
     -78.23300    -64.15800
     -78.81200    -62.73400
     -79.30700    -61.37500
     -79.73700    -60.07400
     -80.11360    -58.82100
     -80.44770    -57.61200
     -80.74630    -56.44300
     -81.01510    -55.30800
     -81.25860    -54.20500
     -81.48040    -53.13000
     -81.68330    -52.08200
     -81.86990    -51.05800
     -82.04200    -50.05500
     -82.20140    -49.07400
     -82.34950    -48.11100
     -82.48740    -47.16700
     -82.61620    -46.23800
     -82.73680    -45.32500
     -82.84990    -44.42700
     -82.95620    -43.54200
     -83.05630    -42.67000
     -83.15080    -41.81000
     -83.24000    -40.96200
     -83.32440    -40.12400
     -83.40440    -39.29600
     -83.48020    -38.47900
     -83.55220    -37.67000
     -83.62060    -36.87000
     -83.68570    -36.07800
     -83.74770    -35.29400
     -83.80680    -34.51800
     -83.86310    -33.74900
     -83.91680    -32.98700
     -83.96810    -32.23100
     -84.01720    -31.48100
     -84.06400    -30.73800
     -84.10880    -30.00000
     -84.15160    -29.26800
     -84.19260    -28.54000
     -84.23180    -27.81800
     -84.26940    -27.10100
     -84.30530    -26.38800
     -84.33970    -25.67900
     -84.37260    -24.97500
     -84.40420    -24.27500
     -84.43440    -23.57800
     -84.46330    -22.88500
     -84.49090    -22.19600
     -84.51740    -21.51000
     -84.54270    -20.82700
     -84.56690    -20.14800
     -84.59010    -19.47100
     -84.61220    -18.79700
     -84.63330    -18.12600
     -84.65340    -17.45800
     -84.67250    -16.79100
     -84.69080    -16.12800
     -84.70820    -15.46600
     -84.72470    -14.80700
     -84.74030    -14.14900
     -84.75510    -13.49300
     -84.76920    -12.84000
     -84.78240    -12.18700
     -84.79490    -11.53700
     -84.80660    -10.88800
     -84.81750    -10.24000
     -84.82780     -9.59410
     -84.83730     -8.94900
     -84.84610     -8.30510
     -84.85420     -7.66230
     -84.86170     -7.02040
     -84.86850     -6.37940
     -84.87460     -5.73920
     -84.88000     -5.09970
     -84.88480     -4.46080
     -84.88890     -3.82260
     -84.89240     -3.18470
     -84.89530     -2.54730
     -84.89750     -1.91020
     -84.89900     -1.27330
     -84.90000     -0.63663
     -84.90030      0.00000
     -84.90000      0.63663
     -84.89900      1.27330
     -84.89750      1.91020
     -84.89530      2.54730
     -84.89240      3.18470
     -84.88890      3.82260
     -84.88480      4.46080
     -84.88000      5.09970
     -84.87460      5.73920
     -84.86850      6.37940
     -84.86170      7.02040
     -84.85420      7.66230
     -84.84610      8.30510
     -84.83730      8.94900
     -84.82780      9.59410
     -84.81750     10.24000
     -84.80660     10.88800
     -84.79490     11.53700
     -84.78240     12.18700
     -84.76920     12.84000
     -84.75510     13.49300
     -84.74030     14.14900
     -84.72470     14.80700
     -84.70820     15.46600
     -84.69080     16.12800
     -84.67250     16.79100
     -84.65340     17.45800
     -84.63330     18.12600
     -84.61220     18.79700
     -84.59010     19.47100
     -84.56690     20.14800
     -84.54270     20.82700
     -84.51740     21.51000
     -84.49090     22.19600
     -84.46330     22.88500
     -84.43440     23.57800
     -84.40420     24.27500
     -84.37260     24.97500
     -84.33970     25.67900
     -84.30530     26.38800
     -84.26940     27.10100
     -84.23180     27.81800
     -84.19260     28.54000
     -84.15160     29.26800
     -84.10880     30.00000
     -84.06400     30.73800
     -84.01720     31.48100
     -83.96810     32.23100
     -83.91680     32.98700
     -83.86310     33.74900
     -83.80680     34.51800
     -83.74770     35.29400
     -83.68570     36.07800
     -83.62060     36.87000
     -83.55220     37.67000
     -83.48020     38.47900
     -83.40440     39.29600
     -83.32440     40.12400
     -83.24000     40.96200
     -83.15080     41.81000
     -83.05630     42.67000
     -82.95620     43.54200
     -82.84990     44.42700
     -82.73680     45.32500
     -82.61620     46.23800
     -82.48740     47.16700
     -82.34950     48.11100
     -82.20140     49.07400
     -82.04200     50.05500
     -81.86990     51.05800
     -81.68330     52.08200
     -81.48040     53.13000
     -81.25860     54.20500
     -81.01510     55.30800
     -80.74630     56.44300
     -80.44770     57.61200
     -80.11360     58.82100
     -79.73700     60.07400
     -79.30700     61.37500
     -78.81200     62.73400
     -78.23300     64.15800
     -77.54500     65.65900
     -76.70900     67.25300
     -75.66500     68.96100
     -74.30900     70.81200
     -72.45200     72.85400
     -69.68600     75.16500
     -64.91300     77.89900
     -53.27700     81.45100
</sweep>
<sweep>
     -47.72500    -81.45100
     -61.51000    -77.89900
     -67.01000    -75.16500
     -70.17200    -72.85400
     -72.28700    -70.81200
     -73.82700    -68.96100
     -75.01200    -67.25300
     -75.95900    -65.65900
     -76.73700    -64.15800
     -77.39200    -62.73400
     -77.95200    -61.37500
     -78.43700    -60.07400
     -78.86300    -58.82100
     -79.24000    -57.61200
     -79.57700    -56.44300
     -79.88100    -55.30800
     -80.15570    -54.20500
     -80.40590    -53.13000
     -80.63490    -52.08200
     -80.84540    -51.05800
     -81.03960    -50.05500
     -81.21940    -49.07400
     -81.38630    -48.11100
     -81.54180    -47.16700
     -81.68710    -46.23800
     -81.82300    -45.32500
     -81.95050    -44.42700
     -82.07040    -43.54200
     -82.18330    -42.67000
     -82.28970    -41.81000
     -82.39030    -40.96200
     -82.48540    -40.12400
     -82.57550    -39.29600
     -82.66100    -38.47900
     -82.74210    -37.67000
     -82.81920    -36.87000
     -82.89260    -36.07800
     -82.96240    -35.29400
     -83.02900    -34.51800
     -83.09250    -33.74900
     -83.15300    -32.98700
     -83.21080    -32.23100
     -83.26600    -31.48100
     -83.31880    -30.73800
     -83.36930    -30.00000
     -83.41750    -29.26800
     -83.46370    -28.54000
     -83.50790    -27.81800
     -83.55020    -27.10100
     -83.59060    -26.38800
     -83.62940    -25.67900
     -83.66650    -24.97500
     -83.70200    -24.27500
     -83.73600    -23.57800
     -83.76860    -22.88500
     -83.79980    -22.19600
     -83.82960    -21.51000
     -83.85810    -20.82700
     -83.88540    -20.14800
     -83.91140    -19.47100
     -83.93630    -18.79700
     -83.96010    -18.12600
     -83.98270    -17.45800
     -84.00430    -16.79100
     -84.02490    -16.12800
     -84.04440    -15.46600
     -84.06300    -14.80700
     -84.08060    -14.14900
     -84.09730    -13.49300
     -84.11310    -12.84000
     -84.12800    -12.18700
     -84.14210    -11.53700
     -84.15530    -10.88800
     -84.16760    -10.24000
     -84.17910     -9.59410
     -84.18990     -8.94900
     -84.19980     -8.30510
     -84.20890     -7.66230
     -84.21730     -7.02040
     -84.22490     -6.37940
     -84.23180     -5.73920
     -84.23790     -5.09970
     -84.24330     -4.46080
     -84.24800     -3.82260
     -84.25190     -3.18470
     -84.25510     -2.54730
     -84.25760     -1.91020
     -84.25940     -1.27330
     -84.26050     -0.63663
     -84.26080      0.00000
     -84.26050      0.63663
     -84.25940      1.27330
     -84.25760      1.91020
     -84.25510      2.54730
     -84.25190      3.18470
     -84.24800      3.82260
     -84.24330      4.46080
     -84.23790      5.09970
     -84.23180      5.73920
     -84.22490      6.37940
     -84.21730      7.02040
     -84.20890      7.66230
     -84.19980      8.30510
     -84.18990      8.94900
     -84.17910      9.59410
     -84.16760     10.24000
     -84.15530     10.88800
     -84.14210     11.53700
     -84.12800     12.18700
     -84.11310     12.84000
     -84.09730     13.49300
     -84.08060     14.14900
     -84.06300     14.80700
     -84.04440     15.46600
     -84.02490     16.12800
     -84.00430     16.79100
     -83.98270     17.45800
     -83.96010     18.12600
     -83.93630     18.79700
     -83.91140     19.47100
     -83.88540     20.14800
     -83.85810     20.82700
     -83.82960     21.51000
     -83.79980     22.19600
     -83.76860     22.88500
     -83.73600     23.57800
     -83.70200     24.27500
     -83.66650     24.97500
     -83.62940     25.67900
     -83.59060     26.38800
     -83.55020     27.10100
     -83.50790     27.81800
     -83.46370     28.54000
     -83.41750     29.26800
     -83.36930     30.00000
     -83.31880     30.73800
     -83.26600     31.48100
     -83.21080     32.23100
     -83.15300     32.98700
     -83.09250     33.74900
     -83.02900     34.51800
     -82.96240     35.29400
     -82.89260     36.07800
     -82.81920     36.87000
     -82.74210     37.67000
     -82.66100     38.47900
     -82.57550     39.29600
     -82.48540     40.12400
     -82.39030     40.96200
     -82.28970     41.81000
     -82.18330     42.67000
     -82.07040     43.54200
     -81.95050     44.42700
     -81.82300     45.32500
     -81.68710     46.23800
     -81.54180     47.16700
     -81.38630     48.11100
     -81.21940     49.07400
     -81.03960     50.05500
     -80.84540     51.05800
     -80.63490     52.08200
     -80.40590     53.13000
     -80.15570     54.20500
     -79.88100     55.30800
     -79.57700     56.44300
     -79.24000     57.61200
     -78.86300     58.82100
     -78.43700     60.07400
     -77.95200     61.37500
     -77.39200     62.73400
     -76.73700     64.15800
     -75.95900     65.65900
     -75.01200     67.25300
     -73.82700     68.96100
     -72.28700     70.81200
     -70.17200     72.85400
     -67.01000     75.16500
     -61.51000     77.89900
     -47.72500     81.45100
</sweep>
<sweep>
     -41.63100    -81.45100
     -57.99500    -77.89900
     -64.28100    -75.16500
     -67.85900    -72.85400
     -70.24100    -70.81200
     -71.97100    -68.96100
     -73.30000    -67.25300
     -74.36100    -65.65900
     -75.23200    -64.15800
     -75.96400    -62.73400
     -76.58900    -61.37500
     -77.13100    -60.07400
     -77.60700    -58.82100
     -78.02800    -57.61200
     -78.40400    -56.44300
     -78.74300    -55.30800
     -79.04900    -54.20500
     -79.32800    -53.13000
     -79.58300    -52.08200
     -79.81800    -51.05800
     -80.03430    -50.05500
     -80.23470    -49.07400
     -80.42070    -48.11100
     -80.59400    -47.16700
     -80.75570    -46.23800
     -80.90710    -45.32500
     -81.04920    -44.42700
     -81.18270    -43.54200
     -81.30840    -42.67000
     -81.42690    -41.81000
     -81.53890    -40.96200
     -81.64480    -40.12400
     -81.74510    -39.29600
     -81.84030    -38.47900
     -81.93060    -37.67000
     -82.01640    -36.87000
     -82.09810    -36.07800
     -82.17580    -35.29400
     -82.24990    -34.51800
     -82.32060    -33.74900
     -82.38790    -32.98700
     -82.45230    -32.23100
     -82.51370    -31.48100
     -82.57250    -30.73800
     -82.62860    -30.00000
     -82.68230    -29.26800
     -82.73370    -28.54000
     -82.78290    -27.81800
     -82.82990    -27.10100
     -82.87500    -26.38800
     -82.91810    -25.67900
     -82.95940    -24.97500
     -82.99890    -24.27500
     -83.03680    -23.57800
     -83.07300    -22.88500
     -83.10770    -22.19600
     -83.14080    -21.51000
     -83.17260    -20.82700
     -83.20290    -20.14800
     -83.23190    -19.47100
     -83.25960    -18.79700
     -83.28600    -18.12600
     -83.31120    -17.45800
     -83.33530    -16.79100
     -83.35810    -16.12800
     -83.37990    -15.46600
     -83.40060    -14.80700
     -83.42020    -14.14900
     -83.43880    -13.49300
     -83.45630    -12.84000
     -83.47290    -12.18700
     -83.48850    -11.53700
     -83.50320    -10.88800
     -83.51690    -10.24000
     -83.52980     -9.59410
     -83.54170     -8.94900
     -83.55270     -8.30510
     -83.56290     -7.66230
     -83.57220     -7.02040
     -83.58070     -6.37940
     -83.58840     -5.73920
     -83.59520     -5.09970
     -83.60120     -4.46080
     -83.60630     -3.82260
     -83.61070     -3.18470
     -83.61430     -2.54730
     -83.61710     -1.91020
     -83.61900     -1.27330
     -83.62020     -0.63663
     -83.62060      0.00000
     -83.62020      0.63663
     -83.61900      1.27330
     -83.61710      1.91020
     -83.61430      2.54730
     -83.61070      3.18470
     -83.60630      3.82260
     -83.60120      4.46080
     -83.59520      5.09970
     -83.58840      5.73920
     -83.58070      6.37940
     -83.57220      7.02040
     -83.56290      7.66230
     -83.55270      8.30510
     -83.54170      8.94900
     -83.52980      9.59410
     -83.51690     10.24000
     -83.50320     10.88800
     -83.48850     11.53700
     -83.47290     12.18700
     -83.45630     12.84000
     -83.43880     13.49300
     -83.42020     14.14900
     -83.40060     14.80700
     -83.37990     15.46600
     -83.35810     16.12800
     -83.33530     16.79100
     -83.31120     17.45800
     -83.28600     18.12600
     -83.25960     18.79700
     -83.23190     19.47100
     -83.20290     20.14800
     -83.17260     20.82700
     -83.14080     21.51000
     -83.10770     22.19600
     -83.07300     22.88500
     -83.03680     23.57800
     -82.99890     24.27500
     -82.95940     24.97500
     -82.91810     25.67900
     -82.87500     26.38800
     -82.82990     27.10100
     -82.78290     27.81800
     -82.73370     28.54000
     -82.68230     29.26800
     -82.62860     30.00000
     -82.57250     30.73800
     -82.51370     31.48100
     -82.45230     32.23100
     -82.38790     32.98700
     -82.32060     33.74900
     -82.24990     34.51800
     -82.17580     35.29400
     -82.09810     36.07800
     -82.01640     36.87000
     -81.93060     37.67000
     -81.84030     38.47900
     -81.74510     39.29600
     -81.64480     40.12400
     -81.53890     40.96200
     -81.42690     41.81000
     -81.30840     42.67000
     -81.18270     43.54200
     -81.04920     44.42700
     -80.90710     45.32500
     -80.75570     46.23800
     -80.59400     47.16700
     -80.42070     48.11100
     -80.23470     49.07400
     -80.03430     50.05500
     -79.81800     51.05800
     -79.58300     52.08200
     -79.32800     53.13000
     -79.04900     54.20500
     -78.74300     55.30800
     -78.40400     56.44300
     -78.02800     57.61200
     -77.60700     58.82100
     -77.13100     60.07400
     -76.58900     61.37500
     -75.96400     62.73400
     -75.23200     64.15800
     -74.36100     65.65900
     -73.30000     67.25300
     -71.97100     68.96100
     -70.24100     70.81200
     -67.85900     72.85400
     -64.28100     75.16500
     -57.99500     77.89900
     -41.63100     81.45100
</sweep>
<sweep>
     -34.69700    -81.45100
     -54.33800    -77.89900
     -61.48700    -75.16500
     -65.50700    -72.85400
     -68.16900    -70.81200
     -70.09600    -68.96100
     -71.57300    -67.25300
     -72.75000    -65.65900
     -73.71600    -64.15800
     -74.52700    -62.73400
     -75.21900    -61.37500
     -75.81900    -60.07400
     -76.34500    -58.82100
     -76.81000    -57.61200
     -77.22600    -56.44300
     -77.60000    -55.30800
     -77.93800    -54.20500
     -78.24600    -53.13000
     -78.52800    -52.08200
     -78.78700    -51.05800
     -79.02600    -50.05500
     -79.24700    -49.07400
     -79.45200    -48.11100
     -79.64300    -47.16700
     -79.82200    -46.23800
     -79.98900    -45.32500
     -80.14560    -44.42700
     -80.29280    -43.54200
     -80.43140    -42.67000
     -80.56210    -41.81000
     -80.68560    -40.96200
     -80.80240    -40.12400
     -80.91300    -39.29600
     -81.01790    -38.47900
     -81.11740    -37.67000
     -81.21210    -36.87000
     -81.30210    -36.07800
     -81.38780    -35.29400
     -81.46940    -34.51800
     -81.54730    -33.74900
     -81.62150    -32.98700
     -81.69240    -32.23100
     -81.76020    -31.48100
     -81.82490    -30.73800
     -81.88680    -30.00000
     -81.94590    -29.26800
     -82.00250    -28.54000
     -82.05670    -27.81800
     -82.10860    -27.10100
     -82.15820    -26.38800
     -82.20570    -25.67900
     -82.25120    -24.97500
     -82.29480    -24.27500
     -82.33650    -23.57800
     -82.37640    -22.88500
     -82.41460    -22.19600
     -82.45110    -21.51000
     -82.48610    -20.82700
     -82.51950    -20.14800
     -82.55140    -19.47100
     -82.58190    -18.79700
     -82.61100    -18.12600
     -82.63880    -17.45800
     -82.66530    -16.79100
     -82.69050    -16.12800
     -82.71450    -15.46600
     -82.73720    -14.80700
     -82.75880    -14.14900
     -82.77930    -13.49300
     -82.79860    -12.84000
     -82.81690    -12.18700
     -82.83410    -11.53700
     -82.85030    -10.88800
     -82.86540    -10.24000
     -82.87950     -9.59410
     -82.89270     -8.94900
     -82.90480     -8.30510
     -82.91610     -7.66230
     -82.92630     -7.02040
     -82.93570     -6.37940
     -82.94410     -5.73920
     -82.95160     -5.09970
     -82.95820     -4.46080
     -82.96390     -3.82260
     -82.96870     -3.18470
     -82.97270     -2.54730
     -82.97570     -1.91020
     -82.97790     -1.27330
     -82.97920     -0.63663
     -82.97960      0.00000
     -82.97920      0.63663
     -82.97790      1.27330
     -82.97570      1.91020
     -82.97270      2.54730
     -82.96870      3.18470
     -82.96390      3.82260
     -82.95820      4.46080
     -82.95160      5.09970
     -82.94410      5.73920
     -82.93570      6.37940
     -82.92630      7.02040
     -82.91610      7.66230
     -82.90480      8.30510
     -82.89270      8.94900
     -82.87950      9.59410
     -82.86540     10.24000
     -82.85030     10.88800
     -82.83410     11.53700
     -82.81690     12.18700
     -82.79860     12.84000
     -82.77930     13.49300
     -82.75880     14.14900
     -82.73720     14.80700
     -82.71450     15.46600
     -82.69050     16.12800
     -82.66530     16.79100
     -82.63880     17.45800
     -82.61100     18.12600
     -82.58190     18.79700
     -82.55140     19.47100
     -82.51950     20.14800
     -82.48610     20.82700
     -82.45110     21.51000
     -82.41460     22.19600
     -82.37640     22.88500
     -82.33650     23.57800
     -82.29480     24.27500
     -82.25120     24.97500
     -82.20570     25.67900
     -82.15820     26.38800
     -82.10860     27.10100
     -82.05670     27.81800
     -82.00250     28.54000
     -81.94590     29.26800
     -81.88680     30.00000
     -81.82490     30.73800
     -81.76020     31.48100
     -81.69240     32.23100
     -81.62150     32.98700
     -81.54730     33.74900
     -81.46940     34.51800
     -81.38780     35.29400
     -81.30210     36.07800
     -81.21210     36.87000
     -81.11740     37.67000
     -81.01790     38.47900
     -80.91300     39.29600
     -80.80240     40.12400
     -80.68560     40.96200
     -80.56210     41.81000
     -80.43140     42.67000
     -80.29280     43.54200
     -80.14560     44.42700
     -79.98900     45.32500
     -79.82200     46.23800
     -79.64300     47.16700
     -79.45200     48.11100
     -79.24700     49.07400
     -79.02600     50.05500
     -78.78700     51.05800
     -78.52800     52.08200
     -78.24600     53.13000
     -77.93800     54.20500
     -77.60000     55.30800
     -77.22600     56.44300
     -76.81000     57.61200
     -76.34500     58.82100
     -75.81900     60.07400
     -75.21900     61.37500
     -74.52700     62.73400
     -73.71600     64.15800
     -72.75000     65.65900
     -71.57300     67.25300
     -70.09600     68.96100
     -68.16900     70.81200
     -65.50700     72.85400
     -61.48700     75.16500
     -54.33800     77.89900
     -34.69700     81.45100
</sweep>
<sweep>
     -26.24400    -81.45100
     -50.50600    -77.89900
     -58.61700    -75.16500
     -63.11100    -72.85400
     -66.06700    -70.81200
     -68.19900    -68.96100
     -69.82800    -67.25300
     -71.12500    -65.65900
     -72.18800    -64.15800
     -73.08000    -62.73400
     -73.84000    -61.37500
     -74.49900    -60.07400
     -75.07600    -58.82100
     -75.58600    -57.61200
     -76.04200    -56.44300
     -76.45200    -55.30800
     -76.82300    -54.20500
     -77.16000    -53.13000
     -77.46900    -52.08200
     -77.75300    -51.05800
     -78.01400    -50.05500
     -78.25600    -49.07400
     -78.48100    -48.11100
     -78.69000    -47.16700
     -78.88500    -46.23800
     -79.06800    -45.32500
     -79.24000    -44.42700
     -79.40100    -43.54200
     -79.55200    -42.67000
     -79.69500    -41.81000
     -79.83000    -40.96200
     -79.95800    -40.12400
     -80.07890    -39.29600
     -80.19360    -38.47900
     -80.30250    -37.67000
     -80.40590    -36.87000
     -80.50430    -36.07800
     -80.59800    -35.29400
     -80.68730    -34.51800
     -80.77240    -33.74900
     -80.85360    -32.98700
     -80.93110    -32.23100
     -81.00510    -31.48100
     -81.07590    -30.73800
     -81.14350    -30.00000
     -81.20820    -29.26800
     -81.27010    -28.54000
     -81.32930    -27.81800
     -81.38590    -27.10100
     -81.44020    -26.38800
     -81.49210    -25.67900
     -81.54180    -24.97500
     -81.58940    -24.27500
     -81.63500    -23.57800
     -81.67860    -22.88500
     -81.72040    -22.19600
     -81.76030    -21.51000
     -81.79850    -20.82700
     -81.83500    -20.14800
     -81.86990    -19.47100
     -81.90320    -18.79700
     -81.93500    -18.12600
     -81.96540    -17.45800
     -81.99430    -16.79100
     -82.02180    -16.12800
     -82.04800    -15.46600
     -82.07290    -14.80700
     -82.09650    -14.14900
     -82.11890    -13.49300
     -82.14000    -12.84000
     -82.16000    -12.18700
     -82.17880    -11.53700
     -82.19640    -10.88800
     -82.21300    -10.24000
     -82.22840     -9.59410
     -82.24270     -8.94900
     -82.25600     -8.30510
     -82.26830     -7.66230
     -82.27950     -7.02040
     -82.28970     -6.37940
     -82.29890     -5.73920
     -82.30710     -5.09970
     -82.31430     -4.46080
     -82.32060     -3.82260
     -82.32580     -3.18470
     -82.33010     -2.54730
     -82.33350     -1.91020
     -82.33580     -1.27330
     -82.33730     -0.63663
     -82.33770      0.00000
     -82.33730      0.63663
     -82.33580      1.27330
     -82.33350      1.91020
     -82.33010      2.54730
     -82.32580      3.18470
     -82.32060      3.82260
     -82.31430      4.46080
     -82.30710      5.09970
     -82.29890      5.73920
     -82.28970      6.37940
     -82.27950      7.02040
     -82.26830      7.66230
     -82.25600      8.30510
     -82.24270      8.94900
     -82.22840      9.59410
     -82.21300     10.24000
     -82.19640     10.88800
     -82.17880     11.53700
     -82.16000     12.18700
     -82.14000     12.84000
     -82.11890     13.49300
     -82.09650     14.14900
     -82.07290     14.80700
     -82.04800     15.46600
     -82.02180     16.12800
     -81.99430     16.79100
     -81.96540     17.45800
     -81.93500     18.12600
     -81.90320     18.79700
     -81.86990     19.47100
     -81.83500     20.14800
     -81.79850     20.82700
     -81.76030     21.51000
     -81.72040     22.19600
     -81.67860     22.88500
     -81.63500     23.57800
     -81.58940     24.27500
     -81.54180     24.97500
     -81.49210     25.67900
     -81.44020     26.38800
     -81.38590     27.10100
     -81.32930     27.81800
     -81.27010     28.54000
     -81.20820     29.26800
     -81.14350     30.00000
     -81.07590     30.73800
     -81.00510     31.48100
     -80.93110     32.23100
     -80.85360     32.98700
     -80.77240     33.74900
     -80.68730     34.51800
     -80.59800     35.29400
     -80.50430     36.07800
     -80.40590     36.87000
     -80.30250     37.67000
     -80.19360     38.47900
     -80.07890     39.29600
     -79.95800     40.12400
     -79.83000     40.96200
     -79.69500     41.81000
     -79.55200     42.67000
     -79.40100     43.54200
     -79.24000     44.42700
     -79.06800     45.32500
     -78.88500     46.23800
     -78.69000     47.16700
     -78.48100     48.11100
     -78.25600     49.07400
     -78.01400     50.05500
     -77.75300     51.05800
     -77.46900     52.08200
     -77.16000     53.13000
     -76.82300     54.20500
     -76.45200     55.30800
     -76.04200     56.44300
     -75.58600     57.61200
     -75.07600     58.82100
     -74.49900     60.07400
     -73.84000     61.37500
     -73.08000     62.73400
     -72.18800     64.15800
     -71.12500     65.65900
     -69.82800     67.25300
     -68.19900     68.96100
     -66.06700     70.81200
     -63.11100     72.85400
     -58.61700     75.16500
     -50.50600     77.89900
     -26.24400     81.45100
</sweep>
<sweep>
     -13.67200    -81.45100
     -46.44900    -77.89900
     -55.65700    -75.16500
     -60.66200    -72.85400
     -63.92900    -70.81200
     -66.27500    -68.96100
     -68.06400    -67.25300
     -69.48500    -65.65900
     -70.64800    -64.15800
     -71.62100    -62.73400
     -72.45200    -61.37500
     -73.17000    -60.07400
     -73.79900    -58.82100
     -74.35600    -57.61200
     -74.85200    -56.44300
     -75.29900    -55.30800
     -75.70200    -54.20500
     -76.07000    -53.13000
     -76.40600    -52.08200
     -76.71400    -51.05800
     -76.99900    -50.05500
     -77.26200    -49.07400
     -77.50600    -48.11100
     -77.73300    -47.16700
     -77.94600    -46.23800
     -78.14400    -45.32500
     -78.33100    -44.42700
     -78.50600    -43.54200
     -78.67000    -42.67000
     -78.82600    -41.81000
     -78.97300    -40.96200
     -79.11100    -40.12400
     -79.24300    -39.29600
     -79.36700    -38.47900
     -79.48600    -37.67000
     -79.59800    -36.87000
     -79.70500    -36.07800
     -79.80600    -35.29400
     -79.90300    -34.51800
     -79.99600    -33.74900
     -80.08400    -32.98700
     -80.16810    -32.23100
     -80.24850    -31.48100
     -80.32530    -30.73800
     -80.39880    -30.00000
     -80.46900    -29.26800
     -80.53620    -28.54000
     -80.60040    -27.81800
     -80.66190    -27.10100
     -80.72080    -26.38800
     -80.77720    -25.67900
     -80.83120    -24.97500
     -80.88280    -24.27500
     -80.93230    -23.57800
     -80.97960    -22.88500
     -81.02490    -22.19600
     -81.06830    -21.51000
     -81.10970    -20.82700
     -81.14930    -20.14800
     -81.18720    -19.47100
     -81.22340    -18.79700
     -81.25790    -18.12600
     -81.29080    -17.45800
     -81.32220    -16.79100
     -81.35210    -16.12800
     -81.38050    -15.46600
     -81.40750    -14.80700
     -81.43310    -14.14900
     -81.45740    -13.49300
     -81.48030    -12.84000
     -81.50200    -12.18700
     -81.52240    -11.53700
     -81.54150    -10.88800
     -81.55950    -10.24000
     -81.57620     -9.59410
     -81.59180     -8.94900
     -81.60620     -8.30510
     -81.61950     -7.66230
     -81.63170     -7.02040
     -81.64280     -6.37940
     -81.65280     -5.73920
     -81.66160     -5.09970
     -81.66950     -4.46080
     -81.67620     -3.82260
     -81.68200     -3.18470
     -81.68660     -2.54730
     -81.69020     -1.91020
     -81.69280     -1.27330
     -81.69440     -0.63663
     -81.69490      0.00000
     -81.69440      0.63663
     -81.69280      1.27330
     -81.69020      1.91020
     -81.68660      2.54730
     -81.68200      3.18470
     -81.67620      3.82260
     -81.66950      4.46080
     -81.66160      5.09970
     -81.65280      5.73920
     -81.64280      6.37940
     -81.63170      7.02040
     -81.61950      7.66230
     -81.60620      8.30510
     -81.59180      8.94900
     -81.57620      9.59410
     -81.55950     10.24000
     -81.54150     10.88800
     -81.52240     11.53700
     -81.50200     12.18700
     -81.48030     12.84000
     -81.45740     13.49300
     -81.43310     14.14900
     -81.40750     14.80700
     -81.38050     15.46600
     -81.35210     16.12800
     -81.32220     16.79100
     -81.29080     17.45800
     -81.25790     18.12600
     -81.22340     18.79700
     -81.18720     19.47100
     -81.14930     20.14800
     -81.10970     20.82700
     -81.06830     21.51000
     -81.02490     22.19600
     -80.97960     22.88500
     -80.93230     23.57800
     -80.88280     24.27500
     -80.83120     24.97500
     -80.77720     25.67900
     -80.72080     26.38800
     -80.66190     27.10100
     -80.60040     27.81800
     -80.53620     28.54000
     -80.46900     29.26800
     -80.39880     30.00000
     -80.32530     30.73800
     -80.24850     31.48100
     -80.16810     32.23100
     -80.08400     32.98700
     -79.99600     33.74900
     -79.90300     34.51800
     -79.80600     35.29400
     -79.70500     36.07800
     -79.59800     36.87000
     -79.48600     37.67000
     -79.36700     38.47900
     -79.24300     39.29600
     -79.11100     40.12400
     -78.97300     40.96200
     -78.82600     41.81000
     -78.67000     42.67000
     -78.50600     43.54200
     -78.33100     44.42700
     -78.14400     45.32500
     -77.94600     46.23800
     -77.73300     47.16700
     -77.50600     48.11100
     -77.26200     49.07400
     -76.99900     50.05500
     -76.71400     51.05800
     -76.40600     52.08200
     -76.07000     53.13000
     -75.70200     54.20500
     -75.29900     55.30800
     -74.85200     56.44300
     -74.35600     57.61200
     -73.79900     58.82100
     -73.17000     60.07400
     -72.45200     61.37500
     -71.62100     62.73400
     -70.64800     64.15800
     -69.48500     65.65900
     -68.06400     67.25300
     -66.27500     68.96100
     -63.92900     70.81200
     -60.66200     72.85400
     -55.65700     75.16500
     -46.44900     77.89900
     -13.67200     81.45100
</sweep>
<sweep>
     -42.09800    -77.89900
     -52.58800    -75.16500
     -58.15400    -72.85400
     -61.75200    -70.81200
     -64.32400    -68.96100
     -66.27800    -67.25300
     -67.82600    -65.65900
     -69.09200    -64.15800
     -70.15100    -62.73400
     -71.05200    -61.37500
     -71.83200    -60.07400
     -72.51400    -58.82100
     -73.11800    -57.61200
     -73.65600    -56.44300
     -74.13900    -55.30800
     -74.57600    -54.20500
     -74.97400    -53.13000
     -75.33700    -52.08200
     -75.67100    -51.05800
     -75.97900    -50.05500
     -76.26300    -49.07400
     -76.52800    -48.11100
     -76.77300    -47.16700
     -77.00300    -46.23800
     -77.21800    -45.32500
     -77.41900    -44.42700
     -77.60800    -43.54200
     -77.78600    -42.67000
     -77.95400    -41.81000
     -78.11200    -40.96200
     -78.26200    -40.12400
     -78.40400    -39.29600
     -78.53900    -38.47900
     -78.66600    -37.67000
     -78.78800    -36.87000
     -78.90300    -36.07800
     -79.01300    -35.29400
     -79.11800    -34.51800
     -79.21700    -33.74900
     -79.31300    -32.98700
     -79.40300    -32.23100
     -79.49000    -31.48100
     -79.57300    -30.73800
     -79.65200    -30.00000
     -79.72800    -29.26800
     -79.80100    -28.54000
     -79.87000    -27.81800
     -79.93600    -27.10100
     -80.00000    -26.38800
     -80.06080    -25.67900
     -80.11900    -24.97500
     -80.17480    -24.27500
     -80.22820    -23.57800
     -80.27920    -22.88500
     -80.32810    -22.19600
     -80.37490    -21.51000
     -80.41960    -20.82700
     -80.46240    -20.14800
     -80.50330    -19.47100
     -80.54230    -18.79700
     -80.57950    -18.12600
     -80.61510    -17.45800
     -80.64890    -16.79100
     -80.68120    -16.12800
     -80.71180    -15.46600
     -80.74100    -14.80700
     -80.76860    -14.14900
     -80.79480    -13.49300
     -80.81950    -12.84000
     -80.84290    -12.18700
     -80.86490    -11.53700
     -80.88550    -10.88800
     -80.90490    -10.24000
     -80.92300     -9.59410
     -80.93980     -8.94900
     -80.95530     -8.30510
     -80.96970     -7.66230
     -80.98280     -7.02040
     -80.99480     -6.37940
     -81.00550     -5.73920
     -81.01510     -5.09970
     -81.02360     -4.46080
     -81.03090     -3.82260
     -81.03700     -3.18470
     -81.04210     -2.54730
     -81.04600     -1.91020
     -81.04880     -1.27330
     -81.05040     -0.63663
     -81.05100      0.00000
     -81.05040      0.63663
     -81.04880      1.27330
     -81.04600      1.91020
     -81.04210      2.54730
     -81.03700      3.18470
     -81.03090      3.82260
     -81.02360      4.46080
     -81.01510      5.09970
     -81.00550      5.73920
     -80.99480      6.37940
     -80.98280      7.02040
     -80.96970      7.66230
     -80.95530      8.30510
     -80.93980      8.94900
     -80.92300      9.59410
     -80.90490     10.24000
     -80.88550     10.88800
     -80.86490     11.53700
     -80.84290     12.18700
     -80.81950     12.84000
     -80.79480     13.49300
     -80.76860     14.14900
     -80.74100     14.80700
     -80.71180     15.46600
     -80.68120     16.12800
     -80.64890     16.79100
     -80.61510     17.45800
     -80.57950     18.12600
     -80.54230     18.79700
     -80.50330     19.47100
     -80.46240     20.14800
     -80.41960     20.82700
     -80.37490     21.51000
     -80.32810     22.19600
     -80.27920     22.88500
     -80.22820     23.57800
     -80.17480     24.27500
     -80.11900     24.97500
     -80.06080     25.67900
     -80.00000     26.38800
     -79.93600     27.10100
     -79.87000     27.81800
     -79.80100     28.54000
     -79.72800     29.26800
     -79.65200     30.00000
     -79.57300     30.73800
     -79.49000     31.48100
     -79.40300     32.23100
     -79.31300     32.98700
     -79.21700     33.74900
     -79.11800     34.51800
     -79.01300     35.29400
     -78.90300     36.07800
     -78.78800     36.87000
     -78.66600     37.67000
     -78.53900     38.47900
     -78.40400     39.29600
     -78.26200     40.12400
     -78.11200     40.96200
     -77.95400     41.81000
     -77.78600     42.67000
     -77.60800     43.54200
     -77.41900     44.42700
     -77.21800     45.32500
     -77.00300     46.23800
     -76.77300     47.16700
     -76.52800     48.11100
     -76.26300     49.07400
     -75.97900     50.05500
     -75.67100     51.05800
     -75.33700     52.08200
     -74.97400     53.13000
     -74.57600     54.20500
     -74.13900     55.30800
     -73.65600     56.44300
     -73.11800     57.61200
     -72.51400     58.82100
     -71.83200     60.07400
     -71.05200     61.37500
     -70.15100     62.73400
     -69.09200     64.15800
     -67.82600     65.65900
     -66.27800     67.25300
     -64.32400     68.96100
     -61.75200     70.81200
     -58.15400     72.85400
     -52.58800     75.16500
     -42.09800     77.89900
</sweep>
<sweep>
     -37.34500    -77.89900
     -49.38700    -75.16500
     -55.57500    -72.85400
     -59.53000    -70.81200
     -62.33900    -68.96100
     -64.46600    -67.25300
     -66.14800    -65.65900
     -67.52000    -64.15800
     -68.66600    -62.73400
     -69.64100    -61.37500
     -70.48400    -60.07400
     -71.22000    -58.82100
     -71.87100    -57.61200
     -72.45200    -56.44300
     -72.97300    -55.30800
     -73.44400    -54.20500
     -73.87200    -53.13000
     -74.26400    -52.08200
     -74.62300    -51.05800
     -74.95400    -50.05500
     -75.26100    -49.07400
     -75.54500    -48.11100
     -75.81000    -47.16700
     -76.05600    -46.23800
     -76.28700    -45.32500
     -76.50400    -44.42700
     -76.70700    -43.54200
     -76.89900    -42.67000
     -77.07900    -41.81000
     -77.24900    -40.96200
     -77.41100    -40.12400
     -77.56300    -39.29600
     -77.70800    -38.47900
     -77.84500    -37.67000
     -77.97500    -36.87000
     -78.09900    -36.07800
     -78.21700    -35.29400
     -78.33000    -34.51800
     -78.43700    -33.74900
     -78.53900    -32.98700
     -78.63700    -32.23100
     -78.73000    -31.48100
     -78.81900    -30.73800
     -78.90400    -30.00000
     -78.98600    -29.26800
     -79.06300    -28.54000
     -79.13800    -27.81800
     -79.20900    -27.10100
     -79.27800    -26.38800
     -79.34300    -25.67900
     -79.40500    -24.97500
     -79.46500    -24.27500
     -79.52300    -23.57800
     -79.57700    -22.88500
     -79.63000    -22.19600
     -79.68000    -21.51000
     -79.72800    -20.82700
     -79.77400    -20.14800
     -79.81800    -19.47100
     -79.86000    -18.79700
     -79.90000    -18.12600
     -79.93800    -17.45800
     -79.97400    -16.79100
     -80.00890    -16.12800
     -80.04190    -15.46600
     -80.07310    -14.80700
     -80.10280    -14.14900
     -80.13090    -13.49300
     -80.15750    -12.84000
     -80.18260    -12.18700
     -80.20620    -11.53700
     -80.22830    -10.88800
     -80.24910    -10.24000
     -80.26850     -9.59410
     -80.28660     -8.94900
     -80.30330     -8.30510
     -80.31870     -7.66230
     -80.33280     -7.02040
     -80.34560     -6.37940
     -80.35710     -5.73920
     -80.36740     -5.09970
     -80.37650     -4.46080
     -80.38430     -3.82260
     -80.39100     -3.18470
     -80.39640     -2.54730
     -80.40050     -1.91020
     -80.40350     -1.27330
     -80.40530     -0.63663
     -80.40590      0.00000
     -80.40530      0.63663
     -80.40350      1.27330
     -80.40050      1.91020
     -80.39640      2.54730
     -80.39100      3.18470
     -80.38430      3.82260
     -80.37650      4.46080
     -80.36740      5.09970
     -80.35710      5.73920
     -80.34560      6.37940
     -80.33280      7.02040
     -80.31870      7.66230
     -80.30330      8.30510
     -80.28660      8.94900
     -80.26850      9.59410
     -80.24910     10.24000
     -80.22830     10.88800
     -80.20620     11.53700
     -80.18260     12.18700
     -80.15750     12.84000
     -80.13090     13.49300
     -80.10280     14.14900
     -80.07310     14.80700
     -80.04190     15.46600
     -80.00890     16.12800
     -79.97400     16.79100
     -79.93800     17.45800
     -79.90000     18.12600
     -79.86000     18.79700
     -79.81800     19.47100
     -79.77400     20.14800
     -79.72800     20.82700
     -79.68000     21.51000
     -79.63000     22.19600
     -79.57700     22.88500
     -79.52300     23.57800
     -79.46500     24.27500
     -79.40500     24.97500
     -79.34300     25.67900
     -79.27800     26.38800
     -79.20900     27.10100
     -79.13800     27.81800
     -79.06300     28.54000
     -78.98600     29.26800
     -78.90400     30.00000
     -78.81900     30.73800
     -78.73000     31.48100
     -78.63700     32.23100
     -78.53900     32.98700
     -78.43700     33.74900
     -78.33000     34.51800
     -78.21700     35.29400
     -78.09900     36.07800
     -77.97500     36.87000
     -77.84500     37.67000
     -77.70800     38.47900
     -77.56300     39.29600
     -77.41100     40.12400
     -77.24900     40.96200
     -77.07900     41.81000
     -76.89900     42.67000
     -76.70700     43.54200
     -76.50400     44.42700
     -76.28700     45.32500
     -76.05600     46.23800
     -75.81000     47.16700
     -75.54500     48.11100
     -75.26100     49.07400
     -74.95400     50.05500
     -74.62300     51.05800
     -74.26400     52.08200
     -73.87200     53.13000
     -73.44400     54.20500
     -72.97300     55.30800
     -72.45200     56.44300
     -71.87100     57.61200
     -71.22000     58.82100
     -70.48400     60.07400
     -69.64100     61.37500
     -68.66600     62.73400
     -67.52000     64.15800
     -66.14800     65.65900
     -64.46600     67.25300
     -62.33900     68.96100
     -59.53000     70.81200
     -55.57500     72.85400
     -49.38700     75.16500
     -37.34500     77.89900
</sweep>
<sweep>
     -32.00500    -77.89900
     -46.02500    -75.16500
     -52.91300    -72.85400
     -57.25500    -70.81200
     -60.31800    -68.96100
     -62.62700    -67.25300
     -64.44800    -65.65900
     -65.93000    -64.15800
     -67.16600    -62.73400
     -68.21700    -61.37500
     -69.12400    -60.07400
     -69.91600    -58.82100
     -70.61600    -57.61200
     -71.24000    -56.44300
     -71.79900    -55.30800
     -72.30500    -54.20500
     -72.76500    -53.13000
     -73.18500    -52.08200
     -73.57000    -51.05800
     -73.92500    -50.05500
     -74.25400    -49.07400
     -74.55800    -48.11100
     -74.84200    -47.16700
     -75.10600    -46.23800
     -75.35300    -45.32500
     -75.58500    -44.42700
     -75.80300    -43.54200
     -76.00800    -42.67000
     -76.20100    -41.81000
     -76.38400    -40.96200
     -76.55600    -40.12400
     -76.71900    -39.29600
     -76.87400    -38.47900
     -77.02100    -37.67000
     -77.16000    -36.87000
     -77.29300    -36.07800
     -77.41900    -35.29400
     -77.54000    -34.51800
     -77.65400    -33.74900
     -77.76400    -32.98700
     -77.86800    -32.23100
     -77.96800    -31.48100
     -78.06300    -30.73800
     -78.15400    -30.00000
     -78.24100    -29.26800
     -78.32400    -28.54000
     -78.40400    -27.81800
     -78.48000    -27.10100
     -78.55300    -26.38800
     -78.62300    -25.67900
     -78.69000    -24.97500
     -78.75400    -24.27500
     -78.81500    -23.57800
     -78.87400    -22.88500
     -78.93000    -22.19600
     -78.98400    -21.51000
     -79.03500    -20.82700
     -79.08400    -20.14800
     -79.13100    -19.47100
     -79.17600    -18.79700
     -79.21900    -18.12600
     -79.25900    -17.45800
     -79.29800    -16.79100
     -79.33500    -16.12800
     -79.37100    -15.46600
     -79.40400    -14.80700
     -79.43600    -14.14900
     -79.46600    -13.49300
     -79.49400    -12.84000
     -79.52100    -12.18700
     -79.54600    -11.53700
     -79.57000    -10.88800
     -79.59200    -10.24000
     -79.61300     -9.59410
     -79.63200     -8.94900
     -79.65000     -8.30510
     -79.66600     -7.66230
     -79.68100     -7.02040
     -79.69500     -6.37940
     -79.70800     -5.73920
     -79.71900     -5.09970
     -79.72800     -4.46080
     -79.73700     -3.82260
     -79.74400     -3.18470
     -79.74900     -2.54730
     -79.75400     -1.91020
     -79.75700     -1.27330
     -79.75900     -0.63663
     -79.76000      0.00000
     -79.75900      0.63663
     -79.75700      1.27330
     -79.75400      1.91020
     -79.74900      2.54730
     -79.74400      3.18470
     -79.73700      3.82260
     -79.72800      4.46080
     -79.71900      5.09970
     -79.70800      5.73920
     -79.69500      6.37940
     -79.68100      7.02040
     -79.66600      7.66230
     -79.65000      8.30510
     -79.63200      8.94900
     -79.61300      9.59410
     -79.59200     10.24000
     -79.57000     10.88800
     -79.54600     11.53700
     -79.52100     12.18700
     -79.49400     12.84000
     -79.46600     13.49300
     -79.43600     14.14900
     -79.40400     14.80700
     -79.37100     15.46600
     -79.33500     16.12800
     -79.29800     16.79100
     -79.25900     17.45800
     -79.21900     18.12600
     -79.17600     18.79700
     -79.13100     19.47100
     -79.08400     20.14800
     -79.03500     20.82700
     -78.98400     21.51000
     -78.93000     22.19600
     -78.87400     22.88500
     -78.81500     23.57800
     -78.75400     24.27500
     -78.69000     24.97500
     -78.62300     25.67900
     -78.55300     26.38800
     -78.48000     27.10100
     -78.40400     27.81800
     -78.32400     28.54000
     -78.24100     29.26800
     -78.15400     30.00000
     -78.06300     30.73800
     -77.96800     31.48100
     -77.86800     32.23100
     -77.76400     32.98700
     -77.65400     33.74900
     -77.54000     34.51800
     -77.41900     35.29400
     -77.29300     36.07800
     -77.16000     36.87000
     -77.02100     37.67000
     -76.87400     38.47900
     -76.71900     39.29600
     -76.55600     40.12400
     -76.38400     40.96200
     -76.20100     41.81000
     -76.00800     42.67000
     -75.80300     43.54200
     -75.58500     44.42700
     -75.35300     45.32500
     -75.10600     46.23800
     -74.84200     47.16700
     -74.55800     48.11100
     -74.25400     49.07400
     -73.92500     50.05500
     -73.57000     51.05800
     -73.18500     52.08200
     -72.76500     53.13000
     -72.30500     54.20500
     -71.79900     55.30800
     -71.24000     56.44300
     -70.61600     57.61200
     -69.91600     58.82100
     -69.12400     60.07400
     -68.21700     61.37500
     -67.16600     62.73400
     -65.93000     64.15800
     -64.44800     65.65900
     -62.62700     67.25300
     -60.31800     68.96100
     -57.25500     70.81200
     -52.91300     72.85400
     -46.02500     75.16500
     -32.00500     77.89900
</sweep>
<sweep>
     -25.71000    -77.89900
     -42.46100    -75.16500
     -50.15500    -72.85400
     -54.92100    -70.81200
     -58.25500    -68.96100
     -60.75700    -67.25300
     -62.72300    -65.65900
     -64.32000    -64.15800
     -65.65000    -62.73400
     -66.77900    -61.37500
     -67.75200    -60.07400
     -68.60100    -58.82100
     -69.35100    -57.61200
     -70.01900    -56.44300
     -70.61800    -55.30800
     -71.15900    -54.20500
     -71.65000    -53.13000
     -72.09900    -52.08200
     -72.51100    -51.05800
     -72.89100    -50.05500
     -73.24100    -49.07400
     -73.56700    -48.11100
     -73.86900    -47.16700
     -74.15200    -46.23800
     -74.41500    -45.32500
     -74.66300    -44.42700
     -74.89500    -43.54200
     -75.11400    -42.67000
     -75.32000    -41.81000
     -75.51400    -40.96200
     -75.69800    -40.12400
     -75.87200    -39.29600
     -76.03800    -38.47900
     -76.19400    -37.67000
     -76.34300    -36.87000
     -76.48400    -36.07800
     -76.61900    -35.29400
     -76.74700    -34.51800
     -76.86900    -33.74900
     -76.98600    -32.98700
     -77.09700    -32.23100
     -77.20300    -31.48100
     -77.30500    -30.73800
     -77.40200    -30.00000
     -77.49500    -29.26800
     -77.58300    -28.54000
     -77.66800    -27.81800
     -77.75000    -27.10100
     -77.82700    -26.38800
     -77.90200    -25.67900
     -77.97300    -24.97500
     -78.04100    -24.27500
     -78.10600    -23.57800
     -78.16900    -22.88500
     -78.22900    -22.19600
     -78.28600    -21.51000
     -78.34100    -20.82700
     -78.39300    -20.14800
     -78.44300    -19.47100
     -78.49000    -18.79700
     -78.53600    -18.12600
     -78.57900    -17.45800
     -78.62100    -16.79100
     -78.66000    -16.12800
     -78.69800    -15.46600
     -78.73300    -14.80700
     -78.76700    -14.14900
     -78.79900    -13.49300
     -78.82900    -12.84000
     -78.85800    -12.18700
     -78.88500    -11.53700
     -78.91000    -10.88800
     -78.93400    -10.24000
     -78.95600     -9.59410
     -78.97600     -8.94900
     -78.99500     -8.30510
     -79.01300     -7.66230
     -79.02900     -7.02040
     -79.04300     -6.37940
     -79.05700     -5.73920
     -79.06800     -5.09970
     -79.07900     -4.46080
     -79.08700     -3.82260
     -79.09500     -3.18470
     -79.10100     -2.54730
     -79.10600     -1.91020
     -79.10900     -1.27330
     -79.11100     -0.63663
     -79.11200      0.00000
     -79.11100      0.63663
     -79.10900      1.27330
     -79.10600      1.91020
     -79.10100      2.54730
     -79.09500      3.18470
     -79.08700      3.82260
     -79.07900      4.46080
     -79.06800      5.09970
     -79.05700      5.73920
     -79.04300      6.37940
     -79.02900      7.02040
     -79.01300      7.66230
     -78.99500      8.30510
     -78.97600      8.94900
     -78.95600      9.59410
     -78.93400     10.24000
     -78.91000     10.88800
     -78.88500     11.53700
     -78.85800     12.18700
     -78.82900     12.84000
     -78.79900     13.49300
     -78.76700     14.14900
     -78.73300     14.80700
     -78.69800     15.46600
     -78.66000     16.12800
     -78.62100     16.79100
     -78.57900     17.45800
     -78.53600     18.12600
     -78.49000     18.79700
     -78.44300     19.47100
     -78.39300     20.14800
     -78.34100     20.82700
     -78.28600     21.51000
     -78.22900     22.19600
     -78.16900     22.88500
     -78.10600     23.57800
     -78.04100     24.27500
     -77.97300     24.97500
     -77.90200     25.67900
     -77.82700     26.38800
     -77.75000     27.10100
     -77.66800     27.81800
     -77.58300     28.54000
     -77.49500     29.26800
     -77.40200     30.00000
     -77.30500     30.73800
     -77.20300     31.48100
     -77.09700     32.23100
     -76.98600     32.98700
     -76.86900     33.74900
     -76.74700     34.51800
     -76.61900     35.29400
     -76.48400     36.07800
     -76.34300     36.87000
     -76.19400     37.67000
     -76.03800     38.47900
     -75.87200     39.29600
     -75.69800     40.12400
     -75.51400     40.96200
     -75.32000     41.81000
     -75.11400     42.67000
     -74.89500     43.54200
     -74.66300     44.42700
     -74.41500     45.32500
     -74.15200     46.23800
     -73.86900     47.16700
     -73.56700     48.11100
     -73.24100     49.07400
     -72.89100     50.05500
     -72.51100     51.05800
     -72.09900     52.08200
     -71.65000     53.13000
     -71.15900     54.20500
     -70.61800     55.30800
     -70.01900     56.44300
     -69.35100     57.61200
     -68.60100     58.82100
     -67.75200     60.07400
     -66.77900     61.37500
     -65.65000     62.73400
     -64.32000     64.15800
     -62.72300     65.65900
     -60.75700     67.25300
     -58.25500     68.96100
     -54.92100     70.81200
     -50.15500     72.85400
     -42.46100     75.16500
     -25.71000     77.89900
</sweep>
<sweep>
     -17.44600    -77.89900
     -38.63600    -75.16500
     -47.28100    -72.85400
     -52.51800    -70.81200
     -56.14500    -68.96100
     -58.85200    -67.25300
     -60.97100    -65.65900
     -62.68800    -64.15800
     -64.11500    -62.73400
     -65.32500    -61.37500
     -66.36600    -60.07400
     -67.27500    -58.82100
     -68.07600    -57.61200
     -68.78800    -56.44300
     -69.42800    -55.30800
     -70.00500    -54.20500
     -70.52900    -53.13000
     -71.00700    -52.08200
     -71.44600    -51.05800
     -71.85000    -50.05500
     -72.22400    -49.07400
     -72.57000    -48.11100
     -72.89200    -47.16700
     -73.19200    -46.23800
     -73.47300    -45.32500
     -73.73600    -44.42700
     -73.98400    -43.54200
     -74.21600    -42.67000
     -74.43500    -41.81000
     -74.64200    -40.96200
     -74.83800    -40.12400
     -75.02300    -39.29600
     -75.19800    -38.47900
     -75.36400    -37.67000
     -75.52200    -36.87000
     -75.67300    -36.07800
     -75.81600    -35.29400
     -75.95200    -34.51800
     -76.08200    -33.74900
     -76.20600    -32.98700
     -76.32400    -32.23100
     -76.43700    -31.48100
     -76.54500    -30.73800
     -76.64800    -30.00000
     -76.74600    -29.26800
     -76.84000    -28.54000
     -76.93000    -27.81800
     -77.01700    -27.10100
     -77.09900    -26.38800
     -77.17800    -25.67900
     -77.25400    -24.97500
     -77.32600    -24.27500
     -77.39600    -23.57800
     -77.46200    -22.88500
     -77.52500    -22.19600
     -77.58600    -21.51000
     -77.64400    -20.82700
     -77.70000    -20.14800
     -77.75300    -19.47100
     -77.80300    -18.79700
     -77.85200    -18.12600
     -77.89800    -17.45800
     -77.94200    -16.79100
     -77.98300    -16.12800
     -78.02300    -15.46600
     -78.06100    -14.80700
     -78.09700    -14.14900
     -78.13100    -13.49300
     -78.16300    -12.84000
     -78.19300    -12.18700
     -78.22200    -11.53700
     -78.24900    -10.88800
     -78.27400    -10.24000
     -78.29700     -9.59410
     -78.31900     -8.94900
     -78.33900     -8.30510
     -78.35800     -7.66230
     -78.37500     -7.02040
     -78.39000     -6.37940
     -78.40400     -5.73920
     -78.41700     -5.09970
     -78.42800     -4.46080
     -78.43700     -3.82260
     -78.44500     -3.18470
     -78.45100     -2.54730
     -78.45700     -1.91020
     -78.46000     -1.27330
     -78.46200     -0.63663
     -78.46300      0.00000
     -78.46200      0.63663
     -78.46000      1.27330
     -78.45700      1.91020
     -78.45100      2.54730
     -78.44500      3.18470
     -78.43700      3.82260
     -78.42800      4.46080
     -78.41700      5.09970
     -78.40400      5.73920
     -78.39000      6.37940
     -78.37500      7.02040
     -78.35800      7.66230
     -78.33900      8.30510
     -78.31900      8.94900
     -78.29700      9.59410
     -78.27400     10.24000
     -78.24900     10.88800
     -78.22200     11.53700
     -78.19300     12.18700
     -78.16300     12.84000
     -78.13100     13.49300
     -78.09700     14.14900
     -78.06100     14.80700
     -78.02300     15.46600
     -77.98300     16.12800
     -77.94200     16.79100
     -77.89800     17.45800
     -77.85200     18.12600
     -77.80300     18.79700
     -77.75300     19.47100
     -77.70000     20.14800
     -77.64400     20.82700
     -77.58600     21.51000
     -77.52500     22.19600
     -77.46200     22.88500
     -77.39600     23.57800
     -77.32600     24.27500
     -77.25400     24.97500
     -77.17800     25.67900
     -77.09900     26.38800
     -77.01700     27.10100
     -76.93000     27.81800
     -76.84000     28.54000
     -76.74600     29.26800
     -76.64800     30.00000
     -76.54500     30.73800
     -76.43700     31.48100
     -76.32400     32.23100
     -76.20600     32.98700
     -76.08200     33.74900
     -75.95200     34.51800
     -75.81600     35.29400
     -75.67300     36.07800
     -75.52200     36.87000
     -75.36400     37.67000
     -75.19800     38.47900
     -75.02300     39.29600
     -74.83800     40.12400
     -74.64200     40.96200
     -74.43500     41.81000
     -74.21600     42.67000
     -73.98400     43.54200
     -73.73600     44.42700
     -73.47300     45.32500
     -73.19200     46.23800
     -72.89200     47.16700
     -72.57000     48.11100
     -72.22400     49.07400
     -71.85000     50.05500
     -71.44600     51.05800
     -71.00700     52.08200
     -70.52900     53.13000
     -70.00500     54.20500
     -69.42800     55.30800
     -68.78800     56.44300
     -68.07600     57.61200
     -67.27500     58.82100
     -66.36600     60.07400
     -65.32500     61.37500
     -64.11500     62.73400
     -62.68800     64.15800
     -60.97100     65.65900
     -58.85200     67.25300
     -56.14500     68.96100
     -52.51800     70.81200
     -47.28100     72.85400
     -38.63600     75.16500
     -17.44600     77.89900
</sweep>
<sweep>
     -34.45900    -75.16500
     -44.26700    -72.85400
     -50.03500    -70.81200
     -53.98200    -68.96100
     -56.90800    -67.25300
     -59.18900    -65.65900
     -61.03200    -64.15800
     -62.56000    -62.73400
     -63.85300    -61.37500
     -64.96600    -60.07400
     -65.93500    -58.82100
     -66.78800    -57.61200
     -67.54800    -56.44300
     -68.22800    -55.30800
     -68.84200    -54.20500
     -69.39900    -53.13000
     -69.90800    -52.08200
     -70.37400    -51.05800
     -70.80300    -50.05500
     -71.20000    -49.07400
     -71.56800    -48.11100
     -71.91000    -47.16700
     -72.22800    -46.23800
     -72.52600    -45.32500
     -72.80600    -44.42700
     -73.06800    -43.54200
     -73.31400    -42.67000
     -73.54700    -41.81000
     -73.76600    -40.96200
     -73.97300    -40.12400
     -74.16900    -39.29600
     -74.35500    -38.47900
     -74.53200    -37.67000
     -74.69900    -36.87000
     -74.85800    -36.07800
     -75.01000    -35.29400
     -75.15400    -34.51800
     -75.29200    -33.74900
     -75.42300    -32.98700
     -75.54800    -32.23100
     -75.66800    -31.48100
     -75.78200    -30.73800
     -75.89100    -30.00000
     -75.99500    -29.26800
     -76.09500    -28.54000
     -76.19000    -27.81800
     -76.28200    -27.10100
     -76.36900    -26.38800
     -76.45300    -25.67900
     -76.53300    -24.97500
     -76.60900    -24.27500
     -76.68300    -23.57800
     -76.75300    -22.88500
     -76.82000    -22.19600
     -76.88400    -21.51000
     -76.94600    -20.82700
     -77.00500    -20.14800
     -77.06100    -19.47100
     -77.11400    -18.79700
     -77.16600    -18.12600
     -77.21400    -17.45800
     -77.26100    -16.79100
     -77.30500    -16.12800
     -77.34700    -15.46600
     -77.38700    -14.80700
     -77.42500    -14.14900
     -77.46100    -13.49300
     -77.49500    -12.84000
     -77.52700    -12.18700
     -77.55700    -11.53700
     -77.58600    -10.88800
     -77.61200    -10.24000
     -77.63700     -9.59410
     -77.66000     -8.94900
     -77.68100     -8.30510
     -77.70100     -7.66230
     -77.71900     -7.02040
     -77.73500     -6.37940
     -77.75000     -5.73920
     -77.76300     -5.09970
     -77.77500     -4.46080
     -77.78500     -3.82260
     -77.79300     -3.18470
     -77.80000     -2.54730
     -77.80600     -1.91020
     -77.80900     -1.27330
     -77.81200     -0.63663
     -77.81300      0.00000
     -77.81200      0.63663
     -77.80900      1.27330
     -77.80600      1.91020
     -77.80000      2.54730
     -77.79300      3.18470
     -77.78500      3.82260
     -77.77500      4.46080
     -77.76300      5.09970
     -77.75000      5.73920
     -77.73500      6.37940
     -77.71900      7.02040
     -77.70100      7.66230
     -77.68100      8.30510
     -77.66000      8.94900
     -77.63700      9.59410
     -77.61200     10.24000
     -77.58600     10.88800
     -77.55700     11.53700
     -77.52700     12.18700
     -77.49500     12.84000
     -77.46100     13.49300
     -77.42500     14.14900
     -77.38700     14.80700
     -77.34700     15.46600
     -77.30500     16.12800
     -77.26100     16.79100
     -77.21400     17.45800
     -77.16600     18.12600
     -77.11400     18.79700
     -77.06100     19.47100
     -77.00500     20.14800
     -76.94600     20.82700
     -76.88400     21.51000
     -76.82000     22.19600
     -76.75300     22.88500
     -76.68300     23.57800
     -76.60900     24.27500
     -76.53300     24.97500
     -76.45300     25.67900
     -76.36900     26.38800
     -76.28200     27.10100
     -76.19000     27.81800
     -76.09500     28.54000
     -75.99500     29.26800
     -75.89100     30.00000
     -75.78200     30.73800
     -75.66800     31.48100
     -75.54800     32.23100
     -75.42300     32.98700
     -75.29200     33.74900
     -75.15400     34.51800
     -75.01000     35.29400
     -74.85800     36.07800
     -74.69900     36.87000
     -74.53200     37.67000
     -74.35500     38.47900
     -74.16900     39.29600
     -73.97300     40.12400
     -73.76600     40.96200
     -73.54700     41.81000
     -73.31400     42.67000
     -73.06800     43.54200
     -72.80600     44.42700
     -72.52600     45.32500
     -72.22800     46.23800
     -71.91000     47.16700
     -71.56800     48.11100
     -71.20000     49.07400
     -70.80300     50.05500
     -70.37400     51.05800
     -69.90800     52.08200
     -69.39900     53.13000
     -68.84200     54.20500
     -68.22800     55.30800
     -67.54800     56.44300
     -66.78800     57.61200
     -65.93500     58.82100
     -64.96600     60.07400
     -63.85300     61.37500
     -62.56000     62.73400
     -61.03200     64.15800
     -59.18900     65.65900
     -56.90800     67.25300
     -53.98200     68.96100
     -50.03500     70.81200
     -44.26700     72.85400
     -34.45900     75.16500
</sweep>
<sweep>
     -29.78100    -75.16500
     -41.08100    -72.85400
     -47.45900    -70.81200
     -51.75800    -68.96100
     -54.92000    -67.25300
     -57.37300    -65.65900
     -59.34900    -64.15800
     -60.98300    -62.73400
     -62.36300    -61.37500
     -63.54900    -60.07400
     -64.58100    -58.82100
     -65.48900    -57.61200
     -66.29600    -56.44300
     -67.01800    -55.30800
     -67.67000    -54.20500
     -68.26200    -53.13000
     -68.80100    -52.08200
     -69.29500    -51.05800
     -69.75000    -50.05500
     -70.17000    -49.07400
     -70.56000    -48.11100
     -70.92200    -47.16700
     -71.25900    -46.23800
     -71.57500    -45.32500
     -71.87000    -44.42700
     -72.14700    -43.54200
     -72.40800    -42.67000
     -72.65400    -41.81000
     -72.88600    -40.96200
     -73.10500    -40.12400
     -73.31200    -39.29600
     -73.50900    -38.47900
     -73.69500    -37.67000
     -73.87200    -36.87000
     -74.04100    -36.07800
     -74.20100    -35.29400
     -74.35300    -34.51800
     -74.49900    -33.74900
     -74.63700    -32.98700
     -74.76900    -32.23100
     -74.89600    -31.48100
     -75.01600    -30.73800
     -75.13200    -30.00000
     -75.24200    -29.26800
     -75.34700    -28.54000
     -75.44800    -27.81800
     -75.54400    -27.10100
     -75.63700    -26.38800
     -75.72500    -25.67900
     -75.81000    -24.97500
     -75.89100    -24.27500
     -75.96800    -23.57800
     -76.04200    -22.88500
     -76.11300    -22.19600
     -76.18100    -21.51000
     -76.24600    -20.82700
     -76.30800    -20.14800
     -76.36700    -19.47100
     -76.42400    -18.79700
     -76.47800    -18.12600
     -76.52900    -17.45800
     -76.57800    -16.79100
     -76.62500    -16.12800
     -76.66900    -15.46600
     -76.71100    -14.80700
     -76.75200    -14.14900
     -76.78900    -13.49300
     -76.82500    -12.84000
     -76.85900    -12.18700
     -76.89100    -11.53700
     -76.92100    -10.88800
     -76.94900    -10.24000
     -76.97500     -9.59410
     -76.99900     -8.94900
     -77.02200     -8.30510
     -77.04300     -7.66230
     -77.06200     -7.02040
     -77.07900     -6.37940
     -77.09500     -5.73920
     -77.10900     -5.09970
     -77.12100     -4.46080
     -77.13100     -3.82260
     -77.14000     -3.18470
     -77.14700     -2.54730
     -77.15300     -1.91020
     -77.15700     -1.27330
     -77.16000     -0.63663
     -77.16000      0.00000
     -77.16000      0.63663
     -77.15700      1.27330
     -77.15300      1.91020
     -77.14700      2.54730
     -77.14000      3.18470
     -77.13100      3.82260
     -77.12100      4.46080
     -77.10900      5.09970
     -77.09500      5.73920
     -77.07900      6.37940
     -77.06200      7.02040
     -77.04300      7.66230
     -77.02200      8.30510
     -76.99900      8.94900
     -76.97500      9.59410
     -76.94900     10.24000
     -76.92100     10.88800
     -76.89100     11.53700
     -76.85900     12.18700
     -76.82500     12.84000
     -76.78900     13.49300
     -76.75200     14.14900
     -76.71100     14.80700
     -76.66900     15.46600
     -76.62500     16.12800
     -76.57800     16.79100
     -76.52900     17.45800
     -76.47800     18.12600
     -76.42400     18.79700
     -76.36700     19.47100
     -76.30800     20.14800
     -76.24600     20.82700
     -76.18100     21.51000
     -76.11300     22.19600
     -76.04200     22.88500
     -75.96800     23.57800
     -75.89100     24.27500
     -75.81000     24.97500
     -75.72500     25.67900
     -75.63700     26.38800
     -75.54400     27.10100
     -75.44800     27.81800
     -75.34700     28.54000
     -75.24200     29.26800
     -75.13200     30.00000
     -75.01600     30.73800
     -74.89600     31.48100
     -74.76900     32.23100
     -74.63700     32.98700
     -74.49900     33.74900
     -74.35300     34.51800
     -74.20100     35.29400
     -74.04100     36.07800
     -73.87200     36.87000
     -73.69500     37.67000
     -73.50900     38.47900
     -73.31200     39.29600
     -73.10500     40.12400
     -72.88600     40.96200
     -72.65400     41.81000
     -72.40800     42.67000
     -72.14700     43.54200
     -71.87000     44.42700
     -71.57500     45.32500
     -71.25900     46.23800
     -70.92200     47.16700
     -70.56000     48.11100
     -70.17000     49.07400
     -69.75000     50.05500
     -69.29500     51.05800
     -68.80100     52.08200
     -68.26200     53.13000
     -67.67000     54.20500
     -67.01800     55.30800
     -66.29600     56.44300
     -65.48900     57.61200
     -64.58100     58.82100
     -63.54900     60.07400
     -62.36300     61.37500
     -60.98300     62.73400
     -59.34900     64.15800
     -57.37300     65.65900
     -54.92000     67.25300
     -51.75800     68.96100
     -47.45900     70.81200
     -41.08100     72.85400
     -29.78100     75.16500
</sweep>
<sweep>
     -24.31100    -75.16500
     -37.67700    -72.85400
     -44.77100    -70.81200
     -49.46300    -68.96100
     -52.88200    -67.25300
     -55.52000    -65.65900
     -57.63600    -64.15800
     -59.38100    -62.73400
     -60.85300    -61.37500
     -62.11400    -60.07400
     -63.21100    -58.82100
     -64.17600    -57.61200
     -65.03200    -56.44300
     -65.79800    -55.30800
     -66.48800    -54.20500
     -67.11500    -53.13000
     -67.68500    -52.08200
     -68.20800    -51.05800
     -68.69000    -50.05500
     -69.13400    -49.07400
     -69.54500    -48.11100
     -69.92800    -47.16700
     -70.28400    -46.23800
     -70.61700    -45.32500
     -70.92900    -44.42700
     -71.22200    -43.54200
     -71.49800    -42.67000
     -71.75700    -41.81000
     -72.00200    -40.96200
     -72.23300    -40.12400
     -72.45200    -39.29600
     -72.65900    -38.47900
     -72.85600    -37.67000
     -73.04200    -36.87000
     -73.22000    -36.07800
     -73.38900    -35.29400
     -73.54900    -34.51800
     -73.70300    -33.74900
     -73.84900    -32.98700
     -73.98800    -32.23100
     -74.12100    -31.48100
     -74.24800    -30.73800
     -74.37000    -30.00000
     -74.48600    -29.26800
     -74.59700    -28.54000
     -74.70300    -27.81800
     -74.80500    -27.10100
     -74.90200    -26.38800
     -74.99500    -25.67900
     -75.08400    -24.97500
     -75.16900    -24.27500
     -75.25100    -23.57800
     -75.32900    -22.88500
     -75.40400    -22.19600
     -75.47500    -21.51000
     -75.54300    -20.82700
     -75.60900    -20.14800
     -75.67100    -19.47100
     -75.73100    -18.79700
     -75.78800    -18.12600
     -75.84200    -17.45800
     -75.89300    -16.79100
     -75.94300    -16.12800
     -75.98900    -15.46600
     -76.03400    -14.80700
     -76.07600    -14.14900
     -76.11600    -13.49300
     -76.15400    -12.84000
     -76.18900    -12.18700
     -76.22300    -11.53700
     -76.25400    -10.88800
     -76.28400    -10.24000
     -76.31100     -9.59410
     -76.33700     -8.94900
     -76.36100     -8.30510
     -76.38300     -7.66230
     -76.40300     -7.02040
     -76.42100     -6.37940
     -76.43700     -5.73920
     -76.45200     -5.09970
     -76.46500     -4.46080
     -76.47600     -3.82260
     -76.48500     -3.18470
     -76.49300     -2.54730
     -76.49900     -1.91020
     -76.50300     -1.27330
     -76.50600     -0.63663
     -76.50700      0.00000
     -76.50600      0.63663
     -76.50300      1.27330
     -76.49900      1.91020
     -76.49300      2.54730
     -76.48500      3.18470
     -76.47600      3.82260
     -76.46500      4.46080
     -76.45200      5.09970
     -76.43700      5.73920
     -76.42100      6.37940
     -76.40300      7.02040
     -76.38300      7.66230
     -76.36100      8.30510
     -76.33700      8.94900
     -76.31100      9.59410
     -76.28400     10.24000
     -76.25400     10.88800
     -76.22300     11.53700
     -76.18900     12.18700
     -76.15400     12.84000
     -76.11600     13.49300
     -76.07600     14.14900
     -76.03400     14.80700
     -75.98900     15.46600
     -75.94300     16.12800
     -75.89300     16.79100
     -75.84200     17.45800
     -75.78800     18.12600
     -75.73100     18.79700
     -75.67100     19.47100
     -75.60900     20.14800
     -75.54300     20.82700
     -75.47500     21.51000
     -75.40400     22.19600
     -75.32900     22.88500
     -75.25100     23.57800
     -75.16900     24.27500
     -75.08400     24.97500
     -74.99500     25.67900
     -74.90200     26.38800
     -74.80500     27.10100
     -74.70300     27.81800
     -74.59700     28.54000
     -74.48600     29.26800
     -74.37000     30.00000
     -74.24800     30.73800
     -74.12100     31.48100
     -73.98800     32.23100
     -73.84900     32.98700
     -73.70300     33.74900
     -73.54900     34.51800
     -73.38900     35.29400
     -73.22000     36.07800
     -73.04200     36.87000
     -72.85600     37.67000
     -72.65900     38.47900
     -72.45200     39.29600
     -72.23300     40.12400
     -72.00200     40.96200
     -71.75700     41.81000
     -71.49800     42.67000
     -71.22200     43.54200
     -70.92900     44.42700
     -70.61700     45.32500
     -70.28400     46.23800
     -69.92800     47.16700
     -69.54500     48.11100
     -69.13400     49.07400
     -68.69000     50.05500
     -68.20800     51.05800
     -67.68500     52.08200
     -67.11500     53.13000
     -66.48800     54.20500
     -65.79800     55.30800
     -65.03200     56.44300
     -64.17600     57.61200
     -63.21100     58.82100
     -62.11400     60.07400
     -60.85300     61.37500
     -59.38100     62.73400
     -57.63600     64.15800
     -55.52000     65.65900
     -52.88200     67.25300
     -49.46300     68.96100
     -44.77100     70.81200
     -37.67700     72.85400
     -24.31100     75.16500
</sweep>
<sweep>
     -17.30800    -75.16500
     -33.98800    -72.85400
     -41.94900    -70.81200
     -47.08700    -68.96100
     -50.78800    -67.25300
     -53.62400    -65.65900
     -55.88900    -64.15800
     -57.75200    -62.73400
     -59.32000    -61.37500
     -60.66100    -60.07400
     -61.82500    -58.82100
     -62.84800    -57.61200
     -63.75500    -56.44300
     -64.56600    -55.30800
     -65.29600    -54.20500
     -65.95800    -53.13000
     -66.56100    -52.08200
     -67.11300    -51.05800
     -67.62100    -50.05500
     -68.09000    -49.07400
     -68.52400    -48.11100
     -68.92800    -47.16700
     -69.30400    -46.23800
     -69.65500    -45.32500
     -69.98400    -44.42700
     -70.29200    -43.54200
     -70.58200    -42.67000
     -70.85500    -41.81000
     -71.11300    -40.96200
     -71.35600    -40.12400
     -71.58700    -39.29600
     -71.80500    -38.47900
     -72.01200    -37.67000
     -72.20800    -36.87000
     -72.39500    -36.07800
     -72.57300    -35.29400
     -72.74200    -34.51800
     -72.90300    -33.74900
     -73.05700    -32.98700
     -73.20300    -32.23100
     -73.34300    -31.48100
     -73.47700    -30.73800
     -73.60500    -30.00000
     -73.72700    -29.26800
     -73.84400    -28.54000
     -73.95500    -27.81800
     -74.06200    -27.10100
     -74.16400    -26.38800
     -74.26200    -25.67900
     -74.35600    -24.97500
     -74.44600    -24.27500
     -74.53100    -23.57800
     -74.61300    -22.88500
     -74.69200    -22.19600
     -74.76700    -21.51000
     -74.83900    -20.82700
     -74.90800    -20.14800
     -74.97300    -19.47100
     -75.03600    -18.79700
     -75.09500    -18.12600
     -75.15200    -17.45800
     -75.20700    -16.79100
     -75.25800    -16.12800
     -75.30800    -15.46600
     -75.35400    -14.80700
     -75.39900    -14.14900
     -75.44100    -13.49300
     -75.48000    -12.84000
     -75.51800    -12.18700
     -75.55300    -11.53700
     -75.58600    -10.88800
     -75.61700    -10.24000
     -75.64600     -9.59410
     -75.67300     -8.94900
     -75.69800     -8.30510
     -75.72100     -7.66230
     -75.74200     -7.02040
     -75.76100     -6.37940
     -75.77800     -5.73920
     -75.79400     -5.09970
     -75.80700     -4.46080
     -75.81900     -3.82260
     -75.82900     -3.18470
     -75.83700     -2.54730
     -75.84300     -1.91020
     -75.84700     -1.27330
     -75.85000     -0.63663
     -75.85100      0.00000
     -75.85000      0.63663
     -75.84700      1.27330
     -75.84300      1.91020
     -75.83700      2.54730
     -75.82900      3.18470
     -75.81900      3.82260
     -75.80700      4.46080
     -75.79400      5.09970
     -75.77800      5.73920
     -75.76100      6.37940
     -75.74200      7.02040
     -75.72100      7.66230
     -75.69800      8.30510
     -75.67300      8.94900
     -75.64600      9.59410
     -75.61700     10.24000
     -75.58600     10.88800
     -75.55300     11.53700
     -75.51800     12.18700
     -75.48000     12.84000
     -75.44100     13.49300
     -75.39900     14.14900
     -75.35400     14.80700
     -75.30800     15.46600
     -75.25800     16.12800
     -75.20700     16.79100
     -75.15200     17.45800
     -75.09500     18.12600
     -75.03600     18.79700
     -74.97300     19.47100
     -74.90800     20.14800
     -74.83900     20.82700
     -74.76700     21.51000
     -74.69200     22.19600
     -74.61300     22.88500
     -74.53100     23.57800
     -74.44600     24.27500
     -74.35600     24.97500
     -74.26200     25.67900
     -74.16400     26.38800
     -74.06200     27.10100
     -73.95500     27.81800
     -73.84400     28.54000
     -73.72700     29.26800
     -73.60500     30.00000
     -73.47700     30.73800
     -73.34300     31.48100
     -73.20300     32.23100
     -73.05700     32.98700
     -72.90300     33.74900
     -72.74200     34.51800
     -72.57300     35.29400
     -72.39500     36.07800
     -72.20800     36.87000
     -72.01200     37.67000
     -71.80500     38.47900
     -71.58700     39.29600
     -71.35600     40.12400
     -71.11300     40.96200
     -70.85500     41.81000
     -70.58200     42.67000
     -70.29200     43.54200
     -69.98400     44.42700
     -69.65500     45.32500
     -69.30400     46.23800
     -68.92800     47.16700
     -68.52400     48.11100
     -68.09000     49.07400
     -67.62100     50.05500
     -67.11300     51.05800
     -66.56100     52.08200
     -65.95800     53.13000
     -65.29600     54.20500
     -64.56600     55.30800
     -63.75500     56.44300
     -62.84800     57.61200
     -61.82500     58.82100
     -60.66100     60.07400
     -59.32000     61.37500
     -57.75200     62.73400
     -55.88900     64.15800
     -53.62400     65.65900
     -50.78800     67.25300
     -47.08700     68.96100
     -41.94900     70.81200
     -33.98800     72.85400
     -17.30800     75.16500
</sweep>
<sweep>
      -3.51900    -75.16500
     -29.90600    -72.85400
     -38.96400    -70.81200
     -44.61600    -68.96100
     -48.62900    -67.25300
     -51.68100    -65.65900
     -54.10600    -64.15800
     -56.09400    -62.73400
     -57.76200    -61.37500
     -59.18600    -60.07400
     -60.42100    -58.82100
     -61.50400    -57.61200
     -62.46300    -56.44300
     -63.32000    -55.30800
     -64.09200    -54.20500
     -64.79100    -53.13000
     -65.42700    -52.08200
     -66.00900    -51.05800
     -66.54500    -50.05500
     -67.03900    -49.07400
     -67.49600    -48.11100
     -67.92100    -47.16700
     -68.31600    -46.23800
     -68.68600    -45.32500
     -69.03200    -44.42700
     -69.35600    -43.54200
     -69.66100    -42.67000
     -69.94900    -41.81000
     -70.21900    -40.96200
     -70.47500    -40.12400
     -70.71700    -39.29600
     -70.94700    -38.47900
     -71.16400    -37.67000
     -71.37100    -36.87000
     -71.56700    -36.07800
     -71.75300    -35.29400
     -71.93100    -34.51800
     -72.10000    -33.74900
     -72.26200    -32.98700
     -72.41600    -32.23100
     -72.56300    -31.48100
     -72.70300    -30.73800
     -72.83700    -30.00000
     -72.96500    -29.26800
     -73.08800    -28.54000
     -73.20500    -27.81800
     -73.31700    -27.10100
     -73.42400    -26.38800
     -73.52700    -25.67900
     -73.62500    -24.97500
     -73.71900    -24.27500
     -73.80900    -23.57800
     -73.89500    -22.88500
     -73.97800    -22.19600
     -74.05700    -21.51000
     -74.13200    -20.82700
     -74.20400    -20.14800
     -74.27300    -19.47100
     -74.33800    -18.79700
     -74.40100    -18.12600
     -74.46100    -17.45800
     -74.51800    -16.79100
     -74.57200    -16.12800
     -74.62400    -15.46600
     -74.67300    -14.80700
     -74.71900    -14.14900
     -74.76300    -13.49300
     -74.80500    -12.84000
     -74.84400    -12.18700
     -74.88100    -11.53700
     -74.91600    -10.88800
     -74.94800    -10.24000
     -74.97900     -9.59410
     -75.00700     -8.94900
     -75.03300     -8.30510
     -75.05700     -7.66230
     -75.07900     -7.02040
     -75.09900     -6.37940
     -75.11700     -5.73920
     -75.13300     -5.09970
     -75.14700     -4.46080
     -75.16000     -3.82260
     -75.17000     -3.18470
     -75.17900     -2.54730
     -75.18500     -1.91020
     -75.19000     -1.27330
     -75.19300     -0.63663
     -75.19300      0.00000
     -75.19300      0.63663
     -75.19000      1.27330
     -75.18500      1.91020
     -75.17900      2.54730
     -75.17000      3.18470
     -75.16000      3.82260
     -75.14700      4.46080
     -75.13300      5.09970
     -75.11700      5.73920
     -75.09900      6.37940
     -75.07900      7.02040
     -75.05700      7.66230
     -75.03300      8.30510
     -75.00700      8.94900
     -74.97900      9.59410
     -74.94800     10.24000
     -74.91600     10.88800
     -74.88100     11.53700
     -74.84400     12.18700
     -74.80500     12.84000
     -74.76300     13.49300
     -74.71900     14.14900
     -74.67300     14.80700
     -74.62400     15.46600
     -74.57200     16.12800
     -74.51800     16.79100
     -74.46100     17.45800
     -74.40100     18.12600
     -74.33800     18.79700
     -74.27300     19.47100
     -74.20400     20.14800
     -74.13200     20.82700
     -74.05700     21.51000
     -73.97800     22.19600
     -73.89500     22.88500
     -73.80900     23.57800
     -73.71900     24.27500
     -73.62500     24.97500
     -73.52700     25.67900
     -73.42400     26.38800
     -73.31700     27.10100
     -73.20500     27.81800
     -73.08800     28.54000
     -72.96500     29.26800
     -72.83700     30.00000
     -72.70300     30.73800
     -72.56300     31.48100
     -72.41600     32.23100
     -72.26200     32.98700
     -72.10000     33.74900
     -71.93100     34.51800
     -71.75300     35.29400
     -71.56700     36.07800
     -71.37100     36.87000
     -71.16400     37.67000
     -70.94700     38.47900
     -70.71700     39.29600
     -70.47500     40.12400
     -70.21900     40.96200
     -69.94900     41.81000
     -69.66100     42.67000
     -69.35600     43.54200
     -69.03200     44.42700
     -68.68600     45.32500
     -68.31600     46.23800
     -67.92100     47.16700
     -67.49600     48.11100
     -67.03900     49.07400
     -66.54500     50.05500
     -66.00900     51.05800
     -65.42700     52.08200
     -64.79100     53.13000
     -64.09200     54.20500
     -63.32000     55.30800
     -62.46300     56.44300
     -61.50400     57.61200
     -60.42100     58.82100
     -59.18600     60.07400
     -57.76200     61.37500
     -56.09400     62.73400
     -54.10600     64.15800
     -51.68100     65.65900
     -48.62900     67.25300
     -44.61600     68.96100
     -38.96400     70.81200
     -29.90600     72.85400
      -3.51900     75.16500
</sweep>
<sweep>
     -25.23900    -72.85400
     -35.77200    -70.81200
     -42.03100    -68.96100
     -46.39600    -67.25300
     -49.68400    -65.65900
     -52.28200    -64.15800
     -54.40300    -62.73400
     -56.17700    -61.37500
     -57.68800    -60.07400
     -58.99700    -58.82100
     -60.14300    -57.61200
     -61.15700    -56.44300
     -62.06200    -55.30800
     -62.87600    -54.20500
     -63.61200    -53.13000
     -64.28300    -52.08200
     -64.89600    -51.05800
     -65.45900    -50.05500
     -65.97900    -49.07400
     -66.46000    -48.11100
     -66.90700    -47.16700
     -67.32200    -46.23800
     -67.71100    -45.32500
     -68.07400    -44.42700
     -68.41500    -43.54200
     -68.73500    -42.67000
     -69.03700    -41.81000
     -69.32100    -40.96200
     -69.59000    -40.12400
     -69.84400    -39.29600
     -70.08400    -38.47900
     -70.31200    -37.67000
     -70.52900    -36.87000
     -70.73500    -36.07800
     -70.93000    -35.29400
     -71.11600    -34.51800
     -71.29400    -33.74900
     -71.46300    -32.98700
     -71.62400    -32.23100
     -71.77800    -31.48100
     -71.92600    -30.73800
     -72.06600    -30.00000
     -72.20000    -29.26800
     -72.32900    -28.54000
     -72.45200    -27.81800
     -72.56900    -27.10100
     -72.68100    -26.38800
     -72.78900    -25.67900
     -72.89200    -24.97500
     -72.99000    -24.27500
     -73.08500    -23.57800
     -73.17500    -22.88500
     -73.26100    -22.19600
     -73.34400    -21.51000
     -73.42300    -20.82700
     -73.49800    -20.14800
     -73.57000    -19.47100
     -73.63900    -18.79700
     -73.70400    -18.12600
     -73.76700    -17.45800
     -73.82700    -16.79100
     -73.88400    -16.12800
     -73.93700    -15.46600
     -73.98900    -14.80700
     -74.03700    -14.14900
     -74.08300    -13.49300
     -74.12700    -12.84000
     -74.16800    -12.18700
     -74.20700    -11.53700
     -74.24300    -10.88800
     -74.27700    -10.24000
     -74.30900     -9.59410
     -74.33900     -8.94900
     -74.36600     -8.30510
     -74.39100     -7.66230
     -74.41400     -7.02040
     -74.43500     -6.37940
     -74.45400     -5.73920
     -74.47100     -5.09970
     -74.48600     -4.46080
     -74.49900     -3.82260
     -74.50900     -3.18470
     -74.51800     -2.54730
     -74.52500     -1.91020
     -74.53000     -1.27330
     -74.53300     -0.63663
     -74.53400      0.00000
     -74.53300      0.63663
     -74.53000      1.27330
     -74.52500      1.91020
     -74.51800      2.54730
     -74.50900      3.18470
     -74.49900      3.82260
     -74.48600      4.46080
     -74.47100      5.09970
     -74.45400      5.73920
     -74.43500      6.37940
     -74.41400      7.02040
     -74.39100      7.66230
     -74.36600      8.30510
     -74.33900      8.94900
     -74.30900      9.59410
     -74.27700     10.24000
     -74.24300     10.88800
     -74.20700     11.53700
     -74.16800     12.18700
     -74.12700     12.84000
     -74.08300     13.49300
     -74.03700     14.14900
     -73.98900     14.80700
     -73.93700     15.46600
     -73.88400     16.12800
     -73.82700     16.79100
     -73.76700     17.45800
     -73.70400     18.12600
     -73.63900     18.79700
     -73.57000     19.47100
     -73.49800     20.14800
     -73.42300     20.82700
     -73.34400     21.51000
     -73.26100     22.19600
     -73.17500     22.88500
     -73.08500     23.57800
     -72.99000     24.27500
     -72.89200     24.97500
     -72.78900     25.67900
     -72.68100     26.38800
     -72.56900     27.10100
     -72.45200     27.81800
     -72.32900     28.54000
     -72.20000     29.26800
     -72.06600     30.00000
     -71.92600     30.73800
     -71.77800     31.48100
     -71.62400     32.23100
     -71.46300     32.98700
     -71.29400     33.74900
     -71.11600     34.51800
     -70.93000     35.29400
     -70.73500     36.07800
     -70.52900     36.87000
     -70.31200     37.67000
     -70.08400     38.47900
     -69.84400     39.29600
     -69.59000     40.12400
     -69.32100     40.96200
     -69.03700     41.81000
     -68.73500     42.67000
     -68.41500     43.54200
     -68.07400     44.42700
     -67.71100     45.32500
     -67.32200     46.23800
     -66.90700     47.16700
     -66.46000     48.11100
     -65.97900     49.07400
     -65.45900     50.05500
     -64.89600     51.05800
     -64.28300     52.08200
     -63.61200     53.13000
     -62.87600     54.20500
     -62.06200     55.30800
     -61.15700     56.44300
     -60.14300     57.61200
     -58.99700     58.82100
     -57.68800     60.07400
     -56.17700     61.37500
     -54.40300     62.73400
     -52.28200     64.15800
     -49.68400     65.65900
     -46.39600     67.25300
     -42.03100     68.96100
     -35.77200     70.81200
     -25.23900     72.85400
</sweep>
<sweep>
     -19.57200    -72.85400
     -32.31200    -70.81200
     -39.31000    -68.96100
     -44.07700    -67.25300
     -47.62700    -65.65900
     -50.41200    -64.15800
     -52.67500    -62.73400
     -54.56100    -61.37500
     -56.16600    -60.07400
     -57.55100    -58.82100
     -58.76200    -57.61200
     -59.83300    -56.44300
     -60.78800    -55.30800
     -61.64600    -54.20500
     -62.42200    -53.13000
     -63.12700    -52.08200
     -63.77200    -51.05800
     -64.36400    -50.05500
     -64.91100    -49.07400
     -65.41600    -48.11100
     -65.88500    -47.16700
     -66.32100    -46.23800
     -66.72900    -45.32500
     -67.11000    -44.42700
     -67.46700    -43.54200
     -67.80300    -42.67000
     -68.11900    -41.81000
     -68.41700    -40.96200
     -68.69900    -40.12400
     -68.96500    -39.29600
     -69.21700    -38.47900
     -69.45600    -37.67000
     -69.68200    -36.87000
     -69.89800    -36.07800
     -70.10300    -35.29400
     -70.29800    -34.51800
     -70.48400    -33.74900
     -70.66100    -32.98700
     -70.83000    -32.23100
     -70.99100    -31.48100
     -71.14500    -30.73800
     -71.29200    -30.00000
     -71.43200    -29.26800
     -71.56700    -28.54000
     -71.69500    -27.81800
     -71.81800    -27.10100
     -71.93600    -26.38800
     -72.04800    -25.67900
     -72.15600    -24.97500
     -72.25900    -24.27500
     -72.35700    -23.57800
     -72.45200    -22.88500
     -72.54200    -22.19600
     -72.62800    -21.51000
     -72.71100    -20.82700
     -72.78900    -20.14800
     -72.86500    -19.47100
     -72.93700    -18.79700
     -73.00500    -18.12600
     -73.07100    -17.45800
     -73.13300    -16.79100
     -73.19200    -16.12800
     -73.24900    -15.46600
     -73.30300    -14.80700
     -73.35300    -14.14900
     -73.40200    -13.49300
     -73.44700    -12.84000
     -73.49000    -12.18700
     -73.53000    -11.53700
     -73.56800    -10.88800
     -73.60400    -10.24000
     -73.63700     -9.59410
     -73.66800     -8.94900
     -73.69700     -8.30510
     -73.72300     -7.66230
     -73.74700     -7.02040
     -73.76900     -6.37940
     -73.78900     -5.73920
     -73.80700     -5.09970
     -73.82200     -4.46080
     -73.83500     -3.82260
     -73.84700     -3.18470
     -73.85600     -2.54730
     -73.86300     -1.91020
     -73.86800     -1.27330
     -73.87100     -0.63663
     -73.87200      0.00000
     -73.87100      0.63663
     -73.86800      1.27330
     -73.86300      1.91020
     -73.85600      2.54730
     -73.84700      3.18470
     -73.83500      3.82260
     -73.82200      4.46080
     -73.80700      5.09970
     -73.78900      5.73920
     -73.76900      6.37940
     -73.74700      7.02040
     -73.72300      7.66230
     -73.69700      8.30510
     -73.66800      8.94900
     -73.63700      9.59410
     -73.60400     10.24000
     -73.56800     10.88800
     -73.53000     11.53700
     -73.49000     12.18700
     -73.44700     12.84000
     -73.40200     13.49300
     -73.35300     14.14900
     -73.30300     14.80700
     -73.24900     15.46600
     -73.19200     16.12800
     -73.13300     16.79100
     -73.07100     17.45800
     -73.00500     18.12600
     -72.93700     18.79700
     -72.86500     19.47100
     -72.78900     20.14800
     -72.71100     20.82700
     -72.62800     21.51000
     -72.54200     22.19600
     -72.45200     22.88500
     -72.35700     23.57800
     -72.25900     24.27500
     -72.15600     24.97500
     -72.04800     25.67900
     -71.93600     26.38800
     -71.81800     27.10100
     -71.69500     27.81800
     -71.56700     28.54000
     -71.43200     29.26800
     -71.29200     30.00000
     -71.14500     30.73800
     -70.99100     31.48100
     -70.83000     32.23100
     -70.66100     32.98700
     -70.48400     33.74900
     -70.29800     34.51800
     -70.10300     35.29400
     -69.89800     36.07800
     -69.68200     36.87000
     -69.45600     37.67000
     -69.21700     38.47900
     -68.96500     39.29600
     -68.69900     40.12400
     -68.41700     40.96200
     -68.11900     41.81000
     -67.80300     42.67000
     -67.46700     43.54200
     -67.11000     44.42700
     -66.72900     45.32500
     -66.32100     46.23800
     -65.88500     47.16700
     -65.41600     48.11100
     -64.91100     49.07400
     -64.36400     50.05500
     -63.77200     51.05800
     -63.12700     52.08200
     -62.42200     53.13000
     -61.64600     54.20500
     -60.78800     55.30800
     -59.83300     56.44300
     -58.76200     57.61200
     -57.55100     58.82100
     -56.16600     60.07400
     -54.56100     61.37500
     -52.67500     62.73400
     -50.41200     64.15800
     -47.62700     65.65900
     -44.07700     67.25300
     -39.31000     68.96100
     -32.31200     70.81200
     -19.57200     72.85400
</sweep>
<sweep>
     -11.50400    -72.85400
     -28.48300    -70.81200
     -36.42100    -68.96100
     -41.65700    -67.25300
     -45.50000    -65.65900
     -48.49000    -64.15800
     -50.90600    -62.73400
     -52.91300    -61.37500
     -54.61500    -60.07400
     -56.08200    -58.82100
     -57.36200    -57.61200
     -58.49200    -56.44300
     -59.49800    -55.30800
     -60.40200    -54.20500
     -61.21800    -53.13000
     -61.96000    -52.08200
     -62.63700    -51.05800
     -63.25900    -50.05500
     -63.83300    -49.07400
     -64.36300    -48.11100
     -64.85500    -47.16700
     -65.31200    -46.23800
     -65.73900    -45.32500
     -66.13900    -44.42700
     -66.51300    -43.54200
     -66.86500    -42.67000
     -67.19600    -41.81000
     -67.50800    -40.96200
     -67.80200    -40.12400
     -68.08100    -39.29600
     -68.34400    -38.47900
     -68.59400    -37.67000
     -68.83200    -36.87000
     -69.05700    -36.07800
     -69.27100    -35.29400
     -69.47500    -34.51800
     -69.66900    -33.74900
     -69.85400    -32.98700
     -70.03100    -32.23100
     -70.19900    -31.48100
     -70.36000    -30.73800
     -70.51400    -30.00000
     -70.66100    -29.26800
     -70.80100    -28.54000
     -70.93500    -27.81800
     -71.06400    -27.10100
     -71.18600    -26.38800
     -71.30400    -25.67900
     -71.41600    -24.97500
     -71.52400    -24.27500
     -71.62700    -23.57800
     -71.72500    -22.88500
     -71.82000    -22.19600
     -71.91000    -21.51000
     -71.99600    -20.82700
     -72.07800    -20.14800
     -72.15700    -19.47100
     -72.23200    -18.79700
     -72.30400    -18.12600
     -72.37200    -17.45800
     -72.43700    -16.79100
     -72.49900    -16.12800
     -72.55800    -15.46600
     -72.61400    -14.80700
     -72.66700    -14.14900
     -72.71700    -13.49300
     -72.76500    -12.84000
     -72.80900    -12.18700
     -72.85200    -11.53700
     -72.89100    -10.88800
     -72.92800    -10.24000
     -72.96300     -9.59410
     -72.99500     -8.94900
     -73.02500     -8.30510
     -73.05300     -7.66230
     -73.07800     -7.02040
     -73.10100     -6.37940
     -73.12100     -5.73920
     -73.14000     -5.09970
     -73.15600     -4.46080
     -73.17000     -3.82260
     -73.18200     -3.18470
     -73.19100     -2.54730
     -73.19900     -1.91020
     -73.20400     -1.27330
     -73.20700     -0.63663
     -73.20900      0.00000
     -73.20700      0.63663
     -73.20400      1.27330
     -73.19900      1.91020
     -73.19100      2.54730
     -73.18200      3.18470
     -73.17000      3.82260
     -73.15600      4.46080
     -73.14000      5.09970
     -73.12100      5.73920
     -73.10100      6.37940
     -73.07800      7.02040
     -73.05300      7.66230
     -73.02500      8.30510
     -72.99500      8.94900
     -72.96300      9.59410
     -72.92800     10.24000
     -72.89100     10.88800
     -72.85200     11.53700
     -72.80900     12.18700
     -72.76500     12.84000
     -72.71700     13.49300
     -72.66700     14.14900
     -72.61400     14.80700
     -72.55800     15.46600
     -72.49900     16.12800
     -72.43700     16.79100
     -72.37200     17.45800
     -72.30400     18.12600
     -72.23200     18.79700
     -72.15700     19.47100
     -72.07800     20.14800
     -71.99600     20.82700
     -71.91000     21.51000
     -71.82000     22.19600
     -71.72500     22.88500
     -71.62700     23.57800
     -71.52400     24.27500
     -71.41600     24.97500
     -71.30400     25.67900
     -71.18600     26.38800
     -71.06400     27.10100
     -70.93500     27.81800
     -70.80100     28.54000
     -70.66100     29.26800
     -70.51400     30.00000
     -70.36000     30.73800
     -70.19900     31.48100
     -70.03100     32.23100
     -69.85400     32.98700
     -69.66900     33.74900
     -69.47500     34.51800
     -69.27100     35.29400
     -69.05700     36.07800
     -68.83200     36.87000
     -68.59400     37.67000
     -68.34400     38.47900
     -68.08100     39.29600
     -67.80200     40.12400
     -67.50800     40.96200
     -67.19600     41.81000
     -66.86500     42.67000
     -66.51300     43.54200
     -66.13900     44.42700
     -65.73900     45.32500
     -65.31200     46.23800
     -64.85500     47.16700
     -64.36300     48.11100
     -63.83300     49.07400
     -63.25900     50.05500
     -62.63700     51.05800
     -61.96000     52.08200
     -61.21800     53.13000
     -60.40200     54.20500
     -59.49800     55.30800
     -58.49200     56.44300
     -57.36200     57.61200
     -56.08200     58.82100
     -54.61500     60.07400
     -52.91300     61.37500
     -50.90600     62.73400
     -48.49000     64.15800
     -45.50000     65.65900
     -41.65700     67.25300
     -36.42100     68.96100
     -28.48300     70.81200
     -11.50400     72.85400
</sweep>
<sweep>
     -24.10900    -70.81200
     -33.31900    -68.96100
     -39.11600    -67.25300
     -43.29200    -65.65900
     -46.50800    -64.15800
     -49.09200    -62.73400
     -51.22900    -61.37500
     -53.03400    -60.07400
     -54.58600    -58.82100
     -55.93900    -57.61200
     -57.13100    -56.44300
     -58.19100    -55.30800
     -59.14200    -54.20500
     -60.00000    -53.13000
     -60.77900    -52.08200
     -61.49100    -51.05800
     -62.14400    -50.05500
     -62.74500    -49.07400
     -63.30000    -48.11100
     -63.81600    -47.16700
     -64.29500    -46.23800
     -64.74200    -45.32500
     -65.16000    -44.42700
     -65.55200    -43.54200
     -65.92000    -42.67000
     -66.26600    -41.81000
     -66.59200    -40.96200
     -66.90000    -40.12400
     -67.19100    -39.29600
     -67.46700    -38.47900
     -67.72800    -37.67000
     -67.97600    -36.87000
     -68.21100    -36.07800
     -68.43500    -35.29400
     -68.64800    -34.51800
     -68.85100    -33.74900
     -69.04400    -32.98700
     -69.22800    -32.23100
     -69.40400    -31.48100
     -69.57200    -30.73800
     -69.73200    -30.00000
     -69.88500    -29.26800
     -70.03200    -28.54000
     -70.17200    -27.81800
     -70.30600    -27.10100
     -70.43400    -26.38800
     -70.55700    -25.67900
     -70.67400    -24.97500
     -70.78600    -24.27500
     -70.89300    -23.57800
     -70.99600    -22.88500
     -71.09400    -22.19600
     -71.18800    -21.51000
     -71.27800    -20.82700
     -71.36400    -20.14800
     -71.44600    -19.47100
     -71.52400    -18.79700
     -71.59900    -18.12600
     -71.67000    -17.45800
     -71.73800    -16.79100
     -71.80300    -16.12800
     -71.86400    -15.46600
     -71.92200    -14.80700
     -71.97800    -14.14900
     -72.03000    -13.49300
     -72.08000    -12.84000
     -72.12600    -12.18700
     -72.17000    -11.53700
     -72.21200    -10.88800
     -72.25000    -10.24000
     -72.28700     -9.59410
     -72.32000     -8.94900
     -72.35100     -8.30510
     -72.38000     -7.66230
     -72.40600     -7.02040
     -72.43000     -6.37940
     -72.45200     -5.73920
     -72.47100     -5.09970
     -72.48800     -4.46080
     -72.50200     -3.82260
     -72.51500     -3.18470
     -72.52500     -2.54730
     -72.53200     -1.91020
     -72.53800     -1.27330
     -72.54100     -0.63663
     -72.54200      0.00000
     -72.54100      0.63663
     -72.53800      1.27330
     -72.53200      1.91020
     -72.52500      2.54730
     -72.51500      3.18470
     -72.50200      3.82260
     -72.48800      4.46080
     -72.47100      5.09970
     -72.45200      5.73920
     -72.43000      6.37940
     -72.40600      7.02040
     -72.38000      7.66230
     -72.35100      8.30510
     -72.32000      8.94900
     -72.28700      9.59410
     -72.25000     10.24000
     -72.21200     10.88800
     -72.17000     11.53700
     -72.12600     12.18700
     -72.08000     12.84000
     -72.03000     13.49300
     -71.97800     14.14900
     -71.92200     14.80700
     -71.86400     15.46600
     -71.80300     16.12800
     -71.73800     16.79100
     -71.67000     17.45800
     -71.59900     18.12600
     -71.52400     18.79700
     -71.44600     19.47100
     -71.36400     20.14800
     -71.27800     20.82700
     -71.18800     21.51000
     -71.09400     22.19600
     -70.99600     22.88500
     -70.89300     23.57800
     -70.78600     24.27500
     -70.67400     24.97500
     -70.55700     25.67900
     -70.43400     26.38800
     -70.30600     27.10100
     -70.17200     27.81800
     -70.03200     28.54000
     -69.88500     29.26800
     -69.73200     30.00000
     -69.57200     30.73800
     -69.40400     31.48100
     -69.22800     32.23100
     -69.04400     32.98700
     -68.85100     33.74900
     -68.64800     34.51800
     -68.43500     35.29400
     -68.21100     36.07800
     -67.97600     36.87000
     -67.72800     37.67000
     -67.46700     38.47900
     -67.19100     39.29600
     -66.90000     40.12400
     -66.59200     40.96200
     -66.26600     41.81000
     -65.92000     42.67000
     -65.55200     43.54200
     -65.16000     44.42700
     -64.74200     45.32500
     -64.29500     46.23800
     -63.81600     47.16700
     -63.30000     48.11100
     -62.74500     49.07400
     -62.14400     50.05500
     -61.49100     51.05800
     -60.77900     52.08200
     -60.00000     53.13000
     -59.14200     54.20500
     -58.19100     55.30800
     -57.13100     56.44300
     -55.93900     57.61200
     -54.58600     58.82100
     -53.03400     60.07400
     -51.22900     61.37500
     -49.09200     62.73400
     -46.50800     64.15800
     -43.29200     65.65900
     -39.11600     67.25300
     -33.31900     68.96100
     -24.10900     70.81200
</sweep>
<sweep>
     -18.81400    -70.81200
     -29.93700    -68.96100
     -36.42700    -67.25300
     -40.99000    -65.65900
     -44.46000    -64.15800
     -47.22700    -62.73400
     -49.50300    -61.37500
     -51.42000    -60.07400
     -53.06300    -58.82100
     -54.49200    -57.61200
     -55.74900    -56.44300
     -56.86500    -55.30800
     -57.86500    -54.20500
     -58.76700    -53.13000
     -59.58500    -52.08200
     -60.33200    -51.05800
     -61.01600    -50.05500
     -61.64600    -49.07400
     -62.22800    -48.11100
     -62.76700    -47.16700
     -63.26900    -46.23800
     -63.73700    -45.32500
     -64.17400    -44.42700
     -64.58300    -43.54200
     -64.96800    -42.67000
     -65.32900    -41.81000
     -65.67000    -40.96200
     -65.99200    -40.12400
     -66.29600    -39.29600
     -66.58300    -38.47900
     -66.85600    -37.67000
     -67.11500    -36.87000
     -67.36000    -36.07800
     -67.59400    -35.29400
     -67.81600    -34.51800
     -68.02700    -33.74900
     -68.22900    -32.98700
     -68.42100    -32.23100
     -68.60400    -31.48100
     -68.77900    -30.73800
     -68.94600    -30.00000
     -69.10600    -29.26800
     -69.25900    -28.54000
     -69.40500    -27.81800
     -69.54400    -27.10100
     -69.67800    -26.38800
     -69.80600    -25.67900
     -69.92800    -24.97500
     -70.04500    -24.27500
     -70.15700    -23.57800
     -70.26400    -22.88500
     -70.36600    -22.19600
     -70.46400    -21.51000
     -70.55700    -20.82700
     -70.64700    -20.14800
     -70.73200    -19.47100
     -70.81400    -18.79700
     -70.89200    -18.12600
     -70.96600    -17.45800
     -71.03600    -16.79100
     -71.10400    -16.12800
     -71.16800    -15.46600
     -71.22800    -14.80700
     -71.28600    -14.14900
     -71.34100    -13.49300
     -71.39200    -12.84000
     -71.44100    -12.18700
     -71.48700    -11.53700
     -71.53000    -10.88800
     -71.57000    -10.24000
     -71.60800     -9.59410
     -71.64300     -8.94900
     -71.67500     -8.30510
     -71.70500     -7.66230
     -71.73200     -7.02040
     -71.75700     -6.37940
     -71.77900     -5.73920
     -71.79900     -5.09970
     -71.81700     -4.46080
     -71.83200     -3.82260
     -71.84500     -3.18470
     -71.85500     -2.54730
     -71.86300     -1.91020
     -71.86900     -1.27330
     -71.87300     -0.63663
     -71.87400      0.00000
     -71.87300      0.63663
     -71.86900      1.27330
     -71.86300      1.91020
     -71.85500      2.54730
     -71.84500      3.18470
     -71.83200      3.82260
     -71.81700      4.46080
     -71.79900      5.09970
     -71.77900      5.73920
     -71.75700      6.37940
     -71.73200      7.02040
     -71.70500      7.66230
     -71.67500      8.30510
     -71.64300      8.94900
     -71.60800      9.59410
     -71.57000     10.24000
     -71.53000     10.88800
     -71.48700     11.53700
     -71.44100     12.18700
     -71.39200     12.84000
     -71.34100     13.49300
     -71.28600     14.14900
     -71.22800     14.80700
     -71.16800     15.46600
     -71.10400     16.12800
     -71.03600     16.79100
     -70.96600     17.45800
     -70.89200     18.12600
     -70.81400     18.79700
     -70.73200     19.47100
     -70.64700     20.14800
     -70.55700     20.82700
     -70.46400     21.51000
     -70.36600     22.19600
     -70.26400     22.88500
     -70.15700     23.57800
     -70.04500     24.27500
     -69.92800     24.97500
     -69.80600     25.67900
     -69.67800     26.38800
     -69.54400     27.10100
     -69.40500     27.81800
     -69.25900     28.54000
     -69.10600     29.26800
     -68.94600     30.00000
     -68.77900     30.73800
     -68.60400     31.48100
     -68.42100     32.23100
     -68.22900     32.98700
     -68.02700     33.74900
     -67.81600     34.51800
     -67.59400     35.29400
     -67.36000     36.07800
     -67.11500     36.87000
     -66.85600     37.67000
     -66.58300     38.47900
     -66.29600     39.29600
     -65.99200     40.12400
     -65.67000     40.96200
     -65.32900     41.81000
     -64.96800     42.67000
     -64.58300     43.54200
     -64.17400     44.42700
     -63.73700     45.32500
     -63.26900     46.23800
     -62.76700     47.16700
     -62.22800     48.11100
     -61.64600     49.07400
     -61.01600     50.05500
     -60.33200     51.05800
     -59.58500     52.08200
     -58.76700     53.13000
     -57.86500     54.20500
     -56.86500     55.30800
     -55.74900     56.44300
     -54.49200     57.61200
     -53.06300     58.82100
     -51.42000     60.07400
     -49.50300     61.37500
     -47.22700     62.73400
     -44.46000     64.15800
     -40.99000     65.65900
     -36.42700     67.25300
     -29.93700     68.96100
     -18.81400     70.81200
</sweep>
<sweep>
     -11.36900    -70.81200
     -26.16500    -68.96100
     -33.55600    -67.25300
     -38.57500    -65.65900
     -42.33400    -64.15800
     -45.30300    -62.73400
     -47.73200    -61.37500
     -49.76800    -60.07400
     -51.50900    -58.82100
     -53.01800    -57.61200
     -54.34400    -56.44300
     -55.51900    -55.30800
     -56.57100    -54.20500
     -57.51800    -53.13000
     -58.37700    -52.08200
     -59.15900    -51.05800
     -59.87600    -50.05500
     -60.53600    -49.07400
     -61.14500    -48.11100
     -61.70900    -47.16700
     -62.23400    -46.23800
     -62.72200    -45.32500
     -63.17900    -44.42700
     -63.60700    -43.54200
     -64.00800    -42.67000
     -64.38600    -41.81000
     -64.74200    -40.96200
     -65.07700    -40.12400
     -65.39400    -39.29600
     -65.69400    -38.47900
     -65.97800    -37.67000
     -66.24800    -36.87000
     -66.50400    -36.07800
     -66.74700    -35.29400
     -66.97900    -34.51800
     -67.19900    -33.74900
     -67.40900    -32.98700
     -67.60900    -32.23100
     -67.80000    -31.48100
     -67.98300    -30.73800
     -68.15700    -30.00000
     -68.32300    -29.26800
     -68.48200    -28.54000
     -68.63400    -27.81800
     -68.77900    -27.10100
     -68.91800    -26.38800
     -69.05100    -25.67900
     -69.17800    -24.97500
     -69.30000    -24.27500
     -69.41600    -23.57800
     -69.52800    -22.88500
     -69.63400    -22.19600
     -69.73600    -21.51000
     -69.83300    -20.82700
     -69.92700    -20.14800
     -70.01500    -19.47100
     -70.10000    -18.79700
     -70.18100    -18.12600
     -70.25800    -17.45800
     -70.33200    -16.79100
     -70.40200    -16.12800
     -70.46800    -15.46600
     -70.53100    -14.80700
     -70.59100    -14.14900
     -70.64800    -13.49300
     -70.70200    -12.84000
     -70.75200    -12.18700
     -70.80000    -11.53700
     -70.84500    -10.88800
     -70.88700    -10.24000
     -70.92600     -9.59410
     -70.96200     -8.94900
     -70.99600     -8.30510
     -71.02700     -7.66230
     -71.05500     -7.02040
     -71.08100     -6.37940
     -71.10400     -5.73920
     -71.12500     -5.09970
     -71.14300     -4.46080
     -71.15900     -3.82260
     -71.17200     -3.18470
     -71.18300     -2.54730
     -71.19200     -1.91020
     -71.19800     -1.27330
     -71.20100     -0.63663
     -71.20300      0.00000
     -71.20100      0.63663
     -71.19800      1.27330
     -71.19200      1.91020
     -71.18300      2.54730
     -71.17200      3.18470
     -71.15900      3.82260
     -71.14300      4.46080
     -71.12500      5.09970
     -71.10400      5.73920
     -71.08100      6.37940
     -71.05500      7.02040
     -71.02700      7.66230
     -70.99600      8.30510
     -70.96200      8.94900
     -70.92600      9.59410
     -70.88700     10.24000
     -70.84500     10.88800
     -70.80000     11.53700
     -70.75200     12.18700
     -70.70200     12.84000
     -70.64800     13.49300
     -70.59100     14.14900
     -70.53100     14.80700
     -70.46800     15.46600
     -70.40200     16.12800
     -70.33200     16.79100
     -70.25800     17.45800
     -70.18100     18.12600
     -70.10000     18.79700
     -70.01500     19.47100
     -69.92700     20.14800
     -69.83300     20.82700
     -69.73600     21.51000
     -69.63400     22.19600
     -69.52800     22.88500
     -69.41600     23.57800
     -69.30000     24.27500
     -69.17800     24.97500
     -69.05100     25.67900
     -68.91800     26.38800
     -68.77900     27.10100
     -68.63400     27.81800
     -68.48200     28.54000
     -68.32300     29.26800
     -68.15700     30.00000
     -67.98300     30.73800
     -67.80000     31.48100
     -67.60900     32.23100
     -67.40900     32.98700
     -67.19900     33.74900
     -66.97900     34.51800
     -66.74700     35.29400
     -66.50400     36.07800
     -66.24800     36.87000
     -65.97800     37.67000
     -65.69400     38.47900
     -65.39400     39.29600
     -65.07700     40.12400
     -64.74200     40.96200
     -64.38600     41.81000
     -64.00800     42.67000
     -63.60700     43.54200
     -63.17900     44.42700
     -62.72200     45.32500
     -62.23400     46.23800
     -61.70900     47.16700
     -61.14500     48.11100
     -60.53600     49.07400
     -59.87600     50.05500
     -59.15900     51.05800
     -58.37700     52.08200
     -57.51800     53.13000
     -56.57100     54.20500
     -55.51900     55.30800
     -54.34400     56.44300
     -53.01800     57.61200
     -51.50900     58.82100
     -49.76800     60.07400
     -47.73200     61.37500
     -45.30300     62.73400
     -42.33400     64.15800
     -38.57500     65.65900
     -33.55600     67.25300
     -26.16500     68.96100
     -11.36900     70.81200
</sweep>
<sweep>
     -21.80100    -68.96100
     -30.44900    -67.25300
     -36.02600    -65.65900
     -40.11800    -64.15800
     -43.31400    -62.73400
     -45.90900    -61.37500
     -48.07500    -60.07400
     -49.92000    -58.82100
     -51.51500    -57.61200
     -52.91300    -56.44300
     -54.15100    -55.30800
     -55.25600    -54.20500
     -56.25100    -53.13000
     -57.15200    -52.08200
     -57.97200    -51.05800
     -58.72300    -50.05500
     -59.41300    -49.07400
     -60.05000    -48.11100
     -60.64000    -47.16700
     -61.18800    -46.23800
     -61.69900    -45.32500
     -62.17600    -44.42700
     -62.62200    -43.54200
     -63.04100    -42.67000
     -63.43500    -41.81000
     -63.80600    -40.96200
     -64.15600    -40.12400
     -64.48600    -39.29600
     -64.79900    -38.47900
     -65.09500    -37.67000
     -65.37600    -36.87000
     -65.64200    -36.07800
     -65.89600    -35.29400
     -66.13700    -34.51800
     -66.36600    -33.74900
     -66.58500    -32.98700
     -66.79300    -32.23100
     -66.99200    -31.48100
     -67.18100    -30.73800
     -67.36200    -30.00000
     -67.53500    -29.26800
     -67.70100    -28.54000
     -67.85900    -27.81800
     -68.01000    -27.10100
     -68.15500    -26.38800
     -68.29300    -25.67900
     -68.42500    -24.97500
     -68.55200    -24.27500
     -68.67300    -23.57800
     -68.78800    -22.88500
     -68.89900    -22.19600
     -69.00500    -21.51000
     -69.10600    -20.82700
     -69.20300    -20.14800
     -69.29500    -19.47100
     -69.38300    -18.79700
     -69.46700    -18.12600
     -69.54800    -17.45800
     -69.62400    -16.79100
     -69.69700    -16.12800
     -69.76600    -15.46600
     -69.83200    -14.80700
     -69.89400    -14.14900
     -69.95300    -13.49300
     -70.00800    -12.84000
     -70.06100    -12.18700
     -70.11100    -11.53700
     -70.15700    -10.88800
     -70.20100    -10.24000
     -70.24100     -9.59410
     -70.27900     -8.94900
     -70.31400     -8.30510
     -70.34600     -7.66230
     -70.37600     -7.02040
     -70.40300     -6.37940
     -70.42700     -5.73920
     -70.44800     -5.09970
     -70.46700     -4.46080
     -70.48400     -3.82260
     -70.49700     -3.18470
     -70.50900     -2.54730
     -70.51800     -1.91020
     -70.52400     -1.27330
     -70.52800     -0.63663
     -70.52900      0.00000
     -70.52800      0.63663
     -70.52400      1.27330
     -70.51800      1.91020
     -70.50900      2.54730
     -70.49700      3.18470
     -70.48400      3.82260
     -70.46700      4.46080
     -70.44800      5.09970
     -70.42700      5.73920
     -70.40300      6.37940
     -70.37600      7.02040
     -70.34600      7.66230
     -70.31400      8.30510
     -70.27900      8.94900
     -70.24100      9.59410
     -70.20100     10.24000
     -70.15700     10.88800
     -70.11100     11.53700
     -70.06100     12.18700
     -70.00800     12.84000
     -69.95300     13.49300
     -69.89400     14.14900
     -69.83200     14.80700
     -69.76600     15.46600
     -69.69700     16.12800
     -69.62400     16.79100
     -69.54800     17.45800
     -69.46700     18.12600
     -69.38300     18.79700
     -69.29500     19.47100
     -69.20300     20.14800
     -69.10600     20.82700
     -69.00500     21.51000
     -68.89900     22.19600
     -68.78800     22.88500
     -68.67300     23.57800
     -68.55200     24.27500
     -68.42500     24.97500
     -68.29300     25.67900
     -68.15500     26.38800
     -68.01000     27.10100
     -67.85900     27.81800
     -67.70100     28.54000
     -67.53500     29.26800
     -67.36200     30.00000
     -67.18100     30.73800
     -66.99200     31.48100
     -66.79300     32.23100
     -66.58500     32.98700
     -66.36600     33.74900
     -66.13700     34.51800
     -65.89600     35.29400
     -65.64200     36.07800
     -65.37600     36.87000
     -65.09500     37.67000
     -64.79900     38.47900
     -64.48600     39.29600
     -64.15600     40.12400
     -63.80600     40.96200
     -63.43500     41.81000
     -63.04100     42.67000
     -62.62200     43.54200
     -62.17600     44.42700
     -61.69900     45.32500
     -61.18800     46.23800
     -60.64000     47.16700
     -60.05000     48.11100
     -59.41300     49.07400
     -58.72300     50.05500
     -57.97200     51.05800
     -57.15200     52.08200
     -56.25100     53.13000
     -55.25600     54.20500
     -54.15100     55.30800
     -52.91300     56.44300
     -51.51500     57.61200
     -49.92000     58.82100
     -48.07500     60.07400
     -45.90900     61.37500
     -43.31400     62.73400
     -40.11800     64.15800
     -36.02600     65.65900
     -30.44900     67.25300
     -21.80100     68.96100
</sweep>
<sweep>
     -16.37700    -68.96100
     -27.02400    -67.25300
     -33.31100    -65.65900
     -37.79500    -64.15800
     -41.24800    -62.73400
     -44.02900    -61.37500
     -46.33600    -60.07400
     -48.29300    -58.82100
     -49.98000    -57.61200
     -51.45500    -56.44300
     -52.75900    -55.30800
     -53.92100    -54.20500
     -54.96500    -53.13000
     -55.91000    -52.08200
     -56.77000    -51.05800
     -57.55600    -50.05500
     -58.27800    -49.07400
     -58.94400    -48.11100
     -59.56000    -47.16700
     -60.13200    -46.23800
     -60.66500    -45.32500
     -61.16300    -44.42700
     -61.62900    -43.54200
     -62.06600    -42.67000
     -62.47600    -41.81000
     -62.86200    -40.96200
     -63.22700    -40.12400
     -63.57100    -39.29600
     -63.89700    -38.47900
     -64.20500    -37.67000
     -64.49700    -36.87000
     -64.77500    -36.07800
     -65.03800    -35.29400
     -65.28900    -34.51800
     -65.52800    -33.74900
     -65.75500    -32.98700
     -65.97200    -32.23100
     -66.17800    -31.48100
     -66.37500    -30.73800
     -66.56400    -30.00000
     -66.74300    -29.26800
     -66.91500    -28.54000
     -67.08000    -27.81800
     -67.23700    -27.10100
     -67.38700    -26.38800
     -67.53000    -25.67900
     -67.66800    -24.97500
     -67.79900    -24.27500
     -67.92500    -23.57800
     -68.04500    -22.88500
     -68.16000    -22.19600
     -68.27000    -21.51000
     -68.37500    -20.82700
     -68.47600    -20.14800
     -68.57200    -19.47100
     -68.66300    -18.79700
     -68.75000    -18.12600
     -68.83400    -17.45800
     -68.91300    -16.79100
     -68.98900    -16.12800
     -69.06000    -15.46600
     -69.12800    -14.80700
     -69.19300    -14.14900
     -69.25400    -13.49300
     -69.31200    -12.84000
     -69.36700    -12.18700
     -69.41800    -11.53700
     -69.46600    -10.88800
     -69.51100    -10.24000
     -69.55400     -9.59410
     -69.59300     -8.94900
     -69.62900     -8.30510
     -69.66300     -7.66230
     -69.69300     -7.02040
     -69.72100     -6.37940
     -69.74600     -5.73920
     -69.76900     -5.09970
     -69.78800     -4.46080
     -69.80500     -3.82260
     -69.82000     -3.18470
     -69.83100     -2.54730
     -69.84000     -1.91020
     -69.84700     -1.27330
     -69.85100     -0.63663
     -69.85200      0.00000
     -69.85100      0.63663
     -69.84700      1.27330
     -69.84000      1.91020
     -69.83100      2.54730
     -69.82000      3.18470
     -69.80500      3.82260
     -69.78800      4.46080
     -69.76900      5.09970
     -69.74600      5.73920
     -69.72100      6.37940
     -69.69300      7.02040
     -69.66300      7.66230
     -69.62900      8.30510
     -69.59300      8.94900
     -69.55400      9.59410
     -69.51100     10.24000
     -69.46600     10.88800
     -69.41800     11.53700
     -69.36700     12.18700
     -69.31200     12.84000
     -69.25400     13.49300
     -69.19300     14.14900
     -69.12800     14.80700
     -69.06000     15.46600
     -68.98900     16.12800
     -68.91300     16.79100
     -68.83400     17.45800
     -68.75000     18.12600
     -68.66300     18.79700
     -68.57200     19.47100
     -68.47600     20.14800
     -68.37500     20.82700
     -68.27000     21.51000
     -68.16000     22.19600
     -68.04500     22.88500
     -67.92500     23.57800
     -67.79900     24.27500
     -67.66800     24.97500
     -67.53000     25.67900
     -67.38700     26.38800
     -67.23700     27.10100
     -67.08000     27.81800
     -66.91500     28.54000
     -66.74300     29.26800
     -66.56400     30.00000
     -66.37500     30.73800
     -66.17800     31.48100
     -65.97200     32.23100
     -65.75500     32.98700
     -65.52800     33.74900
     -65.28900     34.51800
     -65.03800     35.29400
     -64.77500     36.07800
     -64.49700     36.87000
     -64.20500     37.67000
     -63.89700     38.47900
     -63.57100     39.29600
     -63.22700     40.12400
     -62.86200     40.96200
     -62.47600     41.81000
     -62.06600     42.67000
     -61.62900     43.54200
     -61.16300     44.42700
     -60.66500     45.32500
     -60.13200     46.23800
     -59.56000     47.16700
     -58.94400     48.11100
     -58.27800     49.07400
     -57.55600     50.05500
     -56.77000     51.05800
     -55.91000     52.08200
     -54.96500     53.13000
     -53.92100     54.20500
     -52.75900     55.30800
     -51.45500     56.44300
     -49.98000     57.61200
     -48.29300     58.82100
     -46.33600     60.07400
     -44.02900     61.37500
     -41.24800     62.73400
     -37.79500     64.15800
     -33.31100     65.65900
     -27.02400     67.25300
     -16.37700     68.96100
</sweep>
<sweep>
      -7.95600    -68.96100
     -23.13900    -67.25300
     -30.38300    -65.65900
     -35.34300    -64.15800
     -39.09400    -62.73400
     -42.08200    -61.37500
     -44.54500    -60.07400
     -46.62400    -58.82100
     -48.41000    -57.61200
     -49.96700    -56.44300
     -51.34000    -55.30800
     -52.56200    -54.20500
     -53.65900    -53.13000
     -54.65000    -52.08200
     -55.55000    -51.05800
     -56.37300    -50.05500
     -57.12800    -49.07400
     -57.82400    -48.11100
     -58.46800    -47.16700
     -59.06500    -46.23800
     -59.62100    -45.32500
     -60.14000    -44.42700
     -60.62600    -43.54200
     -61.08100    -42.67000
     -61.50900    -41.81000
     -61.91100    -40.96200
     -62.29000    -40.12400
     -62.64900    -39.29600
     -62.98700    -38.47900
     -63.30800    -37.67000
     -63.61200    -36.87000
     -63.90100    -36.07800
     -64.17500    -35.29400
     -64.43500    -34.51800
     -64.68400    -33.74900
     -64.92000    -32.98700
     -65.14500    -32.23100
     -65.36000    -31.48100
     -65.56400    -30.73800
     -65.76000    -30.00000
     -65.94700    -29.26800
     -66.12500    -28.54000
     -66.29600    -27.81800
     -66.45900    -27.10100
     -66.61500    -26.38800
     -66.76400    -25.67900
     -66.90700    -24.97500
     -67.04300    -24.27500
     -67.17300    -23.57800
     -67.29800    -22.88500
     -67.41800    -22.19600
     -67.53200    -21.51000
     -67.64100    -20.82700
     -67.74500    -20.14800
     -67.84400    -19.47100
     -67.93900    -18.79700
     -68.03000    -18.12600
     -68.11600    -17.45800
     -68.19900    -16.79100
     -68.27700    -16.12800
     -68.35100    -15.46600
     -68.42200    -14.80700
     -68.48900    -14.14900
     -68.55200    -13.49300
     -68.61200    -12.84000
     -68.66900    -12.18700
     -68.72200    -11.53700
     -68.77200    -10.88800
     -68.81900    -10.24000
     -68.86300     -9.59410
     -68.90400     -8.94900
     -68.94100     -8.30510
     -68.97600     -7.66230
     -69.00800     -7.02040
     -69.03700     -6.37940
     -69.06300     -5.73920
     -69.08600     -5.09970
     -69.10600     -4.46080
     -69.12400     -3.82260
     -69.13900     -3.18470
     -69.15100     -2.54730
     -69.16000     -1.91020
     -69.16700     -1.27330
     -69.17100     -0.63663
     -69.17300      0.00000
     -69.17100      0.63663
     -69.16700      1.27330
     -69.16000      1.91020
     -69.15100      2.54730
     -69.13900      3.18470
     -69.12400      3.82260
     -69.10600      4.46080
     -69.08600      5.09970
     -69.06300      5.73920
     -69.03700      6.37940
     -69.00800      7.02040
     -68.97600      7.66230
     -68.94100      8.30510
     -68.90400      8.94900
     -68.86300      9.59410
     -68.81900     10.24000
     -68.77200     10.88800
     -68.72200     11.53700
     -68.66900     12.18700
     -68.61200     12.84000
     -68.55200     13.49300
     -68.48900     14.14900
     -68.42200     14.80700
     -68.35100     15.46600
     -68.27700     16.12800
     -68.19900     16.79100
     -68.11600     17.45800
     -68.03000     18.12600
     -67.93900     18.79700
     -67.84400     19.47100
     -67.74500     20.14800
     -67.64100     20.82700
     -67.53200     21.51000
     -67.41800     22.19600
     -67.29800     22.88500
     -67.17300     23.57800
     -67.04300     24.27500
     -66.90700     24.97500
     -66.76400     25.67900
     -66.61500     26.38800
     -66.45900     27.10100
     -66.29600     27.81800
     -66.12500     28.54000
     -65.94700     29.26800
     -65.76000     30.00000
     -65.56400     30.73800
     -65.36000     31.48100
     -65.14500     32.23100
     -64.92000     32.98700
     -64.68400     33.74900
     -64.43500     34.51800
     -64.17500     35.29400
     -63.90100     36.07800
     -63.61200     36.87000
     -63.30800     37.67000
     -62.98700     38.47900
     -62.64900     39.29600
     -62.29000     40.12400
     -61.91100     40.96200
     -61.50900     41.81000
     -61.08100     42.67000
     -60.62600     43.54200
     -60.14000     44.42700
     -59.62100     45.32500
     -59.06500     46.23800
     -58.46800     47.16700
     -57.82400     48.11100
     -57.12800     49.07400
     -56.37300     50.05500
     -55.55000     51.05800
     -54.65000     52.08200
     -53.65900     53.13000
     -52.56200     54.20500
     -51.34000     55.30800
     -49.96700     56.44300
     -48.41000     57.61200
     -46.62400     58.82100
     -44.54500     60.07400
     -42.08200     61.37500
     -39.09400     62.73400
     -35.34300     64.15800
     -30.38300     65.65900
     -23.13900     67.25300
      -7.95600     68.96100
</sweep>
<sweep>
     -18.50600    -67.25300
     -27.17400    -65.65900
     -32.73400    -64.15800
     -36.83500    -62.73400
     -40.06000    -61.37500
     -42.69500    -60.07400
     -44.90800    -58.82100
     -46.80100    -57.61200
     -48.44600    -56.44300
     -49.89300    -55.30800
     -51.17800    -54.20500
     -52.33000    -53.13000
     -53.36900    -52.08200
     -54.31300    -51.05800
     -55.17400    -50.05500
     -55.96300    -49.07400
     -56.69000    -48.11100
     -57.36300    -47.16700
     -57.98600    -46.23800
     -58.56600    -45.32500
     -59.10700    -44.42700
     -59.61300    -43.54200
     -60.08700    -42.67000
     -60.53200    -41.81000
     -60.95100    -40.96200
     -61.34600    -40.12400
     -61.71900    -39.29600
     -62.07100    -38.47900
     -62.40400    -37.67000
     -62.72000    -36.87000
     -63.02000    -36.07800
     -63.30500    -35.29400
     -63.57600    -34.51800
     -63.83400    -33.74900
     -64.07900    -32.98700
     -64.31300    -32.23100
     -64.53600    -31.48100
     -64.74800    -30.73800
     -64.95100    -30.00000
     -65.14500    -29.26800
     -65.33000    -28.54000
     -65.50700    -27.81800
     -65.67600    -27.10100
     -65.83800    -26.38800
     -65.99300    -25.67900
     -66.14100    -24.97500
     -66.28200    -24.27500
     -66.41800    -23.57800
     -66.54700    -22.88500
     -66.67100    -22.19600
     -66.78900    -21.51000
     -66.90200    -20.82700
     -67.01000    -20.14800
     -67.11300    -19.47100
     -67.21200    -18.79700
     -67.30600    -18.12600
     -67.39500    -17.45800
     -67.48100    -16.79100
     -67.56200    -16.12800
     -67.63900    -15.46600
     -67.71200    -14.80700
     -67.78200    -14.14900
     -67.84700    -13.49300
     -67.91000    -12.84000
     -67.96800    -12.18700
     -68.02300    -11.53700
     -68.07500    -10.88800
     -68.12400    -10.24000
     -68.16900     -9.59410
     -68.21100     -8.94900
     -68.25000     -8.30510
     -68.28600     -7.66230
     -68.31900     -7.02040
     -68.34900     -6.37940
     -68.37600     -5.73920
     -68.40000     -5.09970
     -68.42100     -4.46080
     -68.43900     -3.82260
     -68.45500     -3.18470
     -68.46700     -2.54730
     -68.47700     -1.91020
     -68.48400     -1.27330
     -68.48800     -0.63663
     -68.49000      0.00000
     -68.48800      0.63663
     -68.48400      1.27330
     -68.47700      1.91020
     -68.46700      2.54730
     -68.45500      3.18470
     -68.43900      3.82260
     -68.42100      4.46080
     -68.40000      5.09970
     -68.37600      5.73920
     -68.34900      6.37940
     -68.31900      7.02040
     -68.28600      7.66230
     -68.25000      8.30510
     -68.21100      8.94900
     -68.16900      9.59410
     -68.12400     10.24000
     -68.07500     10.88800
     -68.02300     11.53700
     -67.96800     12.18700
     -67.91000     12.84000
     -67.84700     13.49300
     -67.78200     14.14900
     -67.71200     14.80700
     -67.63900     15.46600
     -67.56200     16.12800
     -67.48100     16.79100
     -67.39500     17.45800
     -67.30600     18.12600
     -67.21200     18.79700
     -67.11300     19.47100
     -67.01000     20.14800
     -66.90200     20.82700
     -66.78900     21.51000
     -66.67100     22.19600
     -66.54700     22.88500
     -66.41800     23.57800
     -66.28200     24.27500
     -66.14100     24.97500
     -65.99300     25.67900
     -65.83800     26.38800
     -65.67600     27.10100
     -65.50700     27.81800
     -65.33000     28.54000
     -65.14500     29.26800
     -64.95100     30.00000
     -64.74800     30.73800
     -64.53600     31.48100
     -64.31300     32.23100
     -64.07900     32.98700
     -63.83400     33.74900
     -63.57600     34.51800
     -63.30500     35.29400
     -63.02000     36.07800
     -62.72000     36.87000
     -62.40400     37.67000
     -62.07100     38.47900
     -61.71900     39.29600
     -61.34600     40.12400
     -60.95100     40.96200
     -60.53200     41.81000
     -60.08700     42.67000
     -59.61300     43.54200
     -59.10700     44.42700
     -58.56600     45.32500
     -57.98600     46.23800
     -57.36300     47.16700
     -56.69000     48.11100
     -55.96300     49.07400
     -55.17400     50.05500
     -54.31300     51.05800
     -53.36900     52.08200
     -52.33000     53.13000
     -51.17800     54.20500
     -49.89300     55.30800
     -48.44600     56.44300
     -46.80100     57.61200
     -44.90800     58.82100
     -42.69500     60.07400
     -40.06000     61.37500
     -36.83500     62.73400
     -32.73400     64.15800
     -27.17400     65.65900
     -18.50600     67.25300
</sweep>
<sweep>
     -12.30500    -67.25300
     -23.56900    -65.65900
     -29.92500    -64.15800
     -34.45000    -62.73400
     -37.94800    -61.37500
     -40.77900    -60.07400
     -43.13800    -58.82100
     -45.14800    -57.61200
     -46.88800    -56.44300
     -48.41400    -55.30800
     -49.76700    -54.20500
     -50.97700    -53.13000
     -52.06700    -52.08200
     -53.05600    -51.05800
     -53.95700    -50.05500
     -54.78200    -49.07400
     -55.54200    -48.11100
     -56.24400    -47.16700
     -56.89400    -46.23800
     -57.49900    -45.32500
     -58.06200    -44.42700
     -58.58900    -43.54200
     -59.08300    -42.67000
     -59.54600    -41.81000
     -59.98200    -40.96200
     -60.39300    -40.12400
     -60.78000    -39.29600
     -61.14600    -38.47900
     -61.49300    -37.67000
     -61.82100    -36.87000
     -62.13300    -36.07800
     -62.42900    -35.29400
     -62.71000    -34.51800
     -62.97700    -33.74900
     -63.23200    -32.98700
     -63.47500    -32.23100
     -63.70600    -31.48100
     -63.92600    -30.73800
     -64.13700    -30.00000
     -64.33800    -29.26800
     -64.53000    -28.54000
     -64.71400    -27.81800
     -64.88900    -27.10100
     -65.05700    -26.38800
     -65.21700    -25.67900
     -65.37100    -24.97500
     -65.51700    -24.27500
     -65.65800    -23.57800
     -65.79200    -22.88500
     -65.92000    -22.19600
     -66.04300    -21.51000
     -66.16000    -20.82700
     -66.27200    -20.14800
     -66.37800    -19.47100
     -66.48000    -18.79700
     -66.57800    -18.12600
     -66.67000    -17.45800
     -66.75900    -16.79100
     -66.84300    -16.12800
     -66.92300    -15.46600
     -66.99900    -14.80700
     -67.07100    -14.14900
     -67.13900    -13.49300
     -67.20300    -12.84000
     -67.26400    -12.18700
     -67.32100    -11.53700
     -67.37500    -10.88800
     -67.42500    -10.24000
     -67.47200     -9.59410
     -67.51600     -8.94900
     -67.55600     -8.30510
     -67.59300     -7.66230
     -67.62700     -7.02040
     -67.65800     -6.37940
     -67.68600     -5.73920
     -67.71100     -5.09970
     -67.73300     -4.46080
     -67.75200     -3.82260
     -67.76800     -3.18470
     -67.78100     -2.54730
     -67.79100     -1.91020
     -67.79800     -1.27330
     -67.80200     -0.63663
     -67.80400      0.00000
     -67.80200      0.63663
     -67.79800      1.27330
     -67.79100      1.91020
     -67.78100      2.54730
     -67.76800      3.18470
     -67.75200      3.82260
     -67.73300      4.46080
     -67.71100      5.09970
     -67.68600      5.73920
     -67.65800      6.37940
     -67.62700      7.02040
     -67.59300      7.66230
     -67.55600      8.30510
     -67.51600      8.94900
     -67.47200      9.59410
     -67.42500     10.24000
     -67.37500     10.88800
     -67.32100     11.53700
     -67.26400     12.18700
     -67.20300     12.84000
     -67.13900     13.49300
     -67.07100     14.14900
     -66.99900     14.80700
     -66.92300     15.46600
     -66.84300     16.12800
     -66.75900     16.79100
     -66.67000     17.45800
     -66.57800     18.12600
     -66.48000     18.79700
     -66.37800     19.47100
     -66.27200     20.14800
     -66.16000     20.82700
     -66.04300     21.51000
     -65.92000     22.19600
     -65.79200     22.88500
     -65.65800     23.57800
     -65.51700     24.27500
     -65.37100     24.97500
     -65.21700     25.67900
     -65.05700     26.38800
     -64.88900     27.10100
     -64.71400     27.81800
     -64.53000     28.54000
     -64.33800     29.26800
     -64.13700     30.00000
     -63.92600     30.73800
     -63.70600     31.48100
     -63.47500     32.23100
     -63.23200     32.98700
     -62.97700     33.74900
     -62.71000     34.51800
     -62.42900     35.29400
     -62.13300     36.07800
     -61.82100     36.87000
     -61.49300     37.67000
     -61.14600     38.47900
     -60.78000     39.29600
     -60.39300     40.12400
     -59.98200     40.96200
     -59.54600     41.81000
     -59.08300     42.67000
     -58.58900     43.54200
     -58.06200     44.42700
     -57.49900     45.32500
     -56.89400     46.23800
     -56.24400     47.16700
     -55.54200     48.11100
     -54.78200     49.07400
     -53.95700     50.05500
     -53.05600     51.05800
     -52.06700     52.08200
     -50.97700     53.13000
     -49.76700     54.20500
     -48.41400     55.30800
     -46.88800     56.44300
     -45.14800     57.61200
     -43.13800     58.82100
     -40.77900     60.07400
     -37.94800     61.37500
     -34.45000     62.73400
     -29.92500     64.15800
     -23.56900     65.65900
     -12.30500     67.25300
</sweep>
<sweep>
     -19.34600    -65.65900
     -26.85300    -64.15800
     -31.91100    -62.73400
     -35.73200    -61.37500
     -38.78400    -60.07400
     -41.30800    -58.82100
     -43.44600    -57.61200
     -45.28900    -56.44300
     -46.90100    -55.30800
     -48.32600    -54.20500
     -49.59800    -53.13000
     -50.74200    -52.08200
     -51.77700    -51.05800
     -52.72100    -50.05500
     -53.58400    -49.07400
     -54.37700    -48.11100
     -55.11000    -47.16700
     -55.78800    -46.23800
     -56.41900    -45.32500
     -57.00600    -44.42700
     -57.55500    -43.54200
     -58.06800    -42.67000
     -58.55000    -41.81000
     -59.00400    -40.96200
     -59.43000    -40.12400
     -59.83300    -39.29600
     -60.21400    -38.47900
     -60.57400    -37.67000
     -60.91500    -36.87000
     -61.23800    -36.07800
     -61.54500    -35.29400
     -61.83700    -34.51800
     -62.11400    -33.74900
     -62.37900    -32.98700
     -62.63000    -32.23100
     -62.87000    -31.48100
     -63.09900    -30.73800
     -63.31700    -30.00000
     -63.52600    -29.26800
     -63.72500    -28.54000
     -63.91500    -27.81800
     -64.09700    -27.10100
     -64.27100    -26.38800
     -64.43700    -25.67900
     -64.59600    -24.97500
     -64.74800    -24.27500
     -64.89300    -23.57800
     -65.03200    -22.88500
     -65.16500    -22.19600
     -65.29200    -21.51000
     -65.41300    -20.82700
     -65.52900    -20.14800
     -65.63900    -19.47100
     -65.74500    -18.79700
     -65.84600    -18.12600
     -65.94200    -17.45800
     -66.03300    -16.79100
     -66.12000    -16.12800
     -66.20300    -15.46600
     -66.28100    -14.80700
     -66.35600    -14.14900
     -66.42600    -13.49300
     -66.49300    -12.84000
     -66.55600    -12.18700
     -66.61500    -11.53700
     -66.67100    -10.88800
     -66.72300    -10.24000
     -66.77100     -9.59410
     -66.81600     -8.94900
     -66.85800     -8.30510
     -66.89700     -7.66230
     -66.93200     -7.02040
     -66.96400     -6.37940
     -66.99300     -5.73920
     -67.01800     -5.09970
     -67.04100     -4.46080
     -67.06100     -3.82260
     -67.07700     -3.18470
     -67.09100     -2.54730
     -67.10100     -1.91020
     -67.10900     -1.27330
     -67.11300     -0.63663
     -67.11500      0.00000
     -67.11300      0.63663
     -67.10900      1.27330
     -67.10100      1.91020
     -67.09100      2.54730
     -67.07700      3.18470
     -67.06100      3.82260
     -67.04100      4.46080
     -67.01800      5.09970
     -66.99300      5.73920
     -66.96400      6.37940
     -66.93200      7.02040
     -66.89700      7.66230
     -66.85800      8.30510
     -66.81600      8.94900
     -66.77100      9.59410
     -66.72300     10.24000
     -66.67100     10.88800
     -66.61500     11.53700
     -66.55600     12.18700
     -66.49300     12.84000
     -66.42600     13.49300
     -66.35600     14.14900
     -66.28100     14.80700
     -66.20300     15.46600
     -66.12000     16.12800
     -66.03300     16.79100
     -65.94200     17.45800
     -65.84600     18.12600
     -65.74500     18.79700
     -65.63900     19.47100
     -65.52900     20.14800
     -65.41300     20.82700
     -65.29200     21.51000
     -65.16500     22.19600
     -65.03200     22.88500
     -64.89300     23.57800
     -64.74800     24.27500
     -64.59600     24.97500
     -64.43700     25.67900
     -64.27100     26.38800
     -64.09700     27.10100
     -63.91500     27.81800
     -63.72500     28.54000
     -63.52600     29.26800
     -63.31700     30.00000
     -63.09900     30.73800
     -62.87000     31.48100
     -62.63000     32.23100
     -62.37900     32.98700
     -62.11400     33.74900
     -61.83700     34.51800
     -61.54500     35.29400
     -61.23800     36.07800
     -60.91500     36.87000
     -60.57400     37.67000
     -60.21400     38.47900
     -59.83300     39.29600
     -59.43000     40.12400
     -59.00400     40.96200
     -58.55000     41.81000
     -58.06800     42.67000
     -57.55500     43.54200
     -57.00600     44.42700
     -56.41900     45.32500
     -55.78800     46.23800
     -55.11000     47.16700
     -54.37700     48.11100
     -53.58400     49.07400
     -52.72100     50.05500
     -51.77700     51.05800
     -50.74200     52.08200
     -49.59800     53.13000
     -48.32600     54.20500
     -46.90100     55.30800
     -45.28900     56.44300
     -43.44600     57.61200
     -41.30800     58.82100
     -38.78400     60.07400
     -35.73200     61.37500
     -31.91100     62.73400
     -26.85300     64.15800
     -19.34600     65.65900
</sweep>
<sweep>
     -13.95300    -65.65900
     -23.41300    -64.15800
     -29.17600    -62.73400
     -33.38900    -61.37500
     -36.69900    -60.07400
     -39.40900    -58.82100
     -41.68900    -57.61200
     -43.64500    -56.44300
     -45.34900    -55.30800
     -46.85200    -54.20500
     -48.19000    -53.13000
     -49.39100    -52.08200
     -50.47600    -51.05800
     -51.46400    -50.05500
     -52.36700    -49.07400
     -53.19600    -48.11100
     -53.96000    -47.16700
     -54.66800    -46.23800
     -55.32500    -45.32500
     -55.93600    -44.42700
     -56.50800    -43.54200
     -57.04200    -42.67000
     -57.54400    -41.81000
     -58.01500    -40.96200
     -58.45900    -40.12400
     -58.87700    -39.29600
     -59.27200    -38.47900
     -59.64600    -37.67000
     -60.00000    -36.87000
     -60.33600    -36.07800
     -60.65400    -35.29400
     -60.95700    -34.51800
     -61.24500    -33.74900
     -61.51900    -32.98700
     -61.77900    -32.23100
     -62.02800    -31.48100
     -62.26500    -30.73800
     -62.49100    -30.00000
     -62.70700    -29.26800
     -62.91400    -28.54000
     -63.11100    -27.81800
     -63.29900    -27.10100
     -63.47900    -26.38800
     -63.65100    -25.67900
     -63.81600    -24.97500
     -63.97300    -24.27500
     -64.12300    -23.57800
     -64.26700    -22.88500
     -64.40500    -22.19600
     -64.53600    -21.51000
     -64.66100    -20.82700
     -64.78100    -20.14800
     -64.89600    -19.47100
     -65.00500    -18.79700
     -65.10900    -18.12600
     -65.20900    -17.45800
     -65.30300    -16.79100
     -65.39300    -16.12800
     -65.47900    -15.46600
     -65.56000    -14.80700
     -65.63700    -14.14900
     -65.71000    -13.49300
     -65.77900    -12.84000
     -65.84400    -12.18700
     -65.90500    -11.53700
     -65.96300    -10.88800
     -66.01600    -10.24000
     -66.06700     -9.59410
     -66.11300     -8.94900
     -66.15700     -8.30510
     -66.19600     -7.66230
     -66.23300     -7.02040
     -66.26600     -6.37940
     -66.29600     -5.73920
     -66.32200     -5.09970
     -66.34600     -4.46080
     -66.36600     -3.82260
     -66.38300     -3.18470
     -66.39700     -2.54730
     -66.40800     -1.91020
     -66.41600     -1.27330
     -66.42000     -0.63663
     -66.42200      0.00000
     -66.42000      0.63663
     -66.41600      1.27330
     -66.40800      1.91020
     -66.39700      2.54730
     -66.38300      3.18470
     -66.36600      3.82260
     -66.34600      4.46080
     -66.32200      5.09970
     -66.29600      5.73920
     -66.26600      6.37940
     -66.23300      7.02040
     -66.19600      7.66230
     -66.15700      8.30510
     -66.11300      8.94900
     -66.06700      9.59410
     -66.01600     10.24000
     -65.96300     10.88800
     -65.90500     11.53700
     -65.84400     12.18700
     -65.77900     12.84000
     -65.71000     13.49300
     -65.63700     14.14900
     -65.56000     14.80700
     -65.47900     15.46600
     -65.39300     16.12800
     -65.30300     16.79100
     -65.20900     17.45800
     -65.10900     18.12600
     -65.00500     18.79700
     -64.89600     19.47100
     -64.78100     20.14800
     -64.66100     20.82700
     -64.53600     21.51000
     -64.40500     22.19600
     -64.26700     22.88500
     -64.12300     23.57800
     -63.97300     24.27500
     -63.81600     24.97500
     -63.65100     25.67900
     -63.47900     26.38800
     -63.29900     27.10100
     -63.11100     27.81800
     -62.91400     28.54000
     -62.70700     29.26800
     -62.49100     30.00000
     -62.26500     30.73800
     -62.02800     31.48100
     -61.77900     32.23100
     -61.51900     32.98700
     -61.24500     33.74900
     -60.95700     34.51800
     -60.65400     35.29400
     -60.33600     36.07800
     -60.00000     36.87000
     -59.64600     37.67000
     -59.27200     38.47900
     -58.87700     39.29600
     -58.45900     40.12400
     -58.01500     40.96200
     -57.54400     41.81000
     -57.04200     42.67000
     -56.50800     43.54200
     -55.93600     44.42700
     -55.32500     45.32500
     -54.66800     46.23800
     -53.96000     47.16700
     -53.19600     48.11100
     -52.36700     49.07400
     -51.46400     50.05500
     -50.47600     51.05800
     -49.39100     52.08200
     -48.19000     53.13000
     -46.85200     54.20500
     -45.34900     55.30800
     -43.64500     56.44300
     -41.68900     57.61200
     -39.40900     58.82100
     -36.69900     60.07400
     -33.38900     61.37500
     -29.17600     62.73400
     -23.41300     64.15800
     -13.95300     65.65900
</sweep>
<sweep>
      -4.09000    -65.65900
     -19.41200    -64.15800
     -26.18400    -62.73400
     -30.89100    -61.37500
     -34.50700    -60.07400
     -37.43000    -58.82100
     -39.86900    -57.61200
     -41.95000    -56.44300
     -43.75500    -55.30800
     -45.34100    -54.20500
     -46.75000    -53.13000
     -48.01200    -52.08200
     -49.15100    -51.05800
     -50.18500    -50.05500
     -51.12900    -49.07400
     -51.99500    -48.11100
     -52.79300    -47.16700
     -53.53100    -46.23800
     -54.21600    -45.32500
     -54.85300    -44.42700
     -55.44800    -43.54200
     -56.00400    -42.67000
     -56.52600    -41.81000
     -57.01600    -40.96200
     -57.47700    -40.12400
     -57.91100    -39.29600
     -58.32100    -38.47900
     -58.70900    -37.67000
     -59.07700    -36.87000
     -59.42500    -36.07800
     -59.75500    -35.29400
     -60.06900    -34.51800
     -60.36800    -33.74900
     -60.65200    -32.98700
     -60.92200    -32.23100
     -61.18000    -31.48100
     -61.42500    -30.73800
     -61.66000    -30.00000
     -61.88300    -29.26800
     -62.09700    -28.54000
     -62.30100    -27.81800
     -62.49600    -27.10100
     -62.68200    -26.38800
     -62.86000    -25.67900
     -63.03000    -24.97500
     -63.19300    -24.27500
     -63.34900    -23.57800
     -63.49800    -22.88500
     -63.64000    -22.19600
     -63.77600    -21.51000
     -63.90500    -20.82700
     -64.03000    -20.14800
     -64.14800    -19.47100
     -64.26100    -18.79700
     -64.36900    -18.12600
     -64.47100    -17.45800
     -64.56900    -16.79100
     -64.66200    -16.12800
     -64.75100    -15.46600
     -64.83500    -14.80700
     -64.91400    -14.14900
     -64.99000    -13.49300
     -65.06100    -12.84000
     -65.12800    -12.18700
     -65.19100    -11.53700
     -65.25100    -10.88800
     -65.30600    -10.24000
     -65.35800     -9.59410
     -65.40700     -8.94900
     -65.45100     -8.30510
     -65.49200     -7.66230
     -65.53000     -7.02040
     -65.56400     -6.37940
     -65.59500     -5.73920
     -65.62300     -5.09970
     -65.64700     -4.46080
     -65.66800     -3.82260
     -65.68500     -3.18470
     -65.70000     -2.54730
     -65.71100     -1.91020
     -65.71900     -1.27330
     -65.72400     -0.63663
     -65.72500      0.00000
     -65.72400      0.63663
     -65.71900      1.27330
     -65.71100      1.91020
     -65.70000      2.54730
     -65.68500      3.18470
     -65.66800      3.82260
     -65.64700      4.46080
     -65.62300      5.09970
     -65.59500      5.73920
     -65.56400      6.37940
     -65.53000      7.02040
     -65.49200      7.66230
     -65.45100      8.30510
     -65.40700      8.94900
     -65.35800      9.59410
     -65.30600     10.24000
     -65.25100     10.88800
     -65.19100     11.53700
     -65.12800     12.18700
     -65.06100     12.84000
     -64.99000     13.49300
     -64.91400     14.14900
     -64.83500     14.80700
     -64.75100     15.46600
     -64.66200     16.12800
     -64.56900     16.79100
     -64.47100     17.45800
     -64.36900     18.12600
     -64.26100     18.79700
     -64.14800     19.47100
     -64.03000     20.14800
     -63.90500     20.82700
     -63.77600     21.51000
     -63.64000     22.19600
     -63.49800     22.88500
     -63.34900     23.57800
     -63.19300     24.27500
     -63.03000     24.97500
     -62.86000     25.67900
     -62.68200     26.38800
     -62.49600     27.10100
     -62.30100     27.81800
     -62.09700     28.54000
     -61.88300     29.26800
     -61.66000     30.00000
     -61.42500     30.73800
     -61.18000     31.48100
     -60.92200     32.23100
     -60.65200     32.98700
     -60.36800     33.74900
     -60.06900     34.51800
     -59.75500     35.29400
     -59.42500     36.07800
     -59.07700     36.87000
     -58.70900     37.67000
     -58.32100     38.47900
     -57.91100     39.29600
     -57.47700     40.12400
     -57.01600     40.96200
     -56.52600     41.81000
     -56.00400     42.67000
     -55.44800     43.54200
     -54.85300     44.42700
     -54.21600     45.32500
     -53.53100     46.23800
     -52.79300     47.16700
     -51.99500     48.11100
     -51.12900     49.07400
     -50.18500     50.05500
     -49.15100     51.05800
     -48.01200     52.08200
     -46.75000     53.13000
     -45.34100     54.20500
     -43.75500     55.30800
     -41.95000     56.44300
     -39.86900     57.61200
     -37.43000     58.82100
     -34.50700     60.07400
     -30.89100     61.37500
     -26.18400     62.73400
     -19.41200     64.15800
      -4.09000     65.65900
</sweep>
<sweep>
     -14.38600    -64.15800
     -22.83400    -62.73400
     -28.19500    -61.37500
     -32.18600    -60.07400
     -35.35800    -58.82100
     -37.97700    -57.61200
     -40.19700    -56.44300
     -42.11300    -55.30800
     -43.79000    -54.20500
     -45.27500    -53.13000
     -46.60200    -52.08200
     -47.79800    -51.05800
     -48.88100    -50.05500
     -49.86900    -49.07400
     -50.77500    -48.11100
     -51.60800    -47.16700
     -52.37800    -46.23800
     -53.09200    -45.32500
     -53.75600    -44.42700
     -54.37500    -43.54200
     -54.95300    -42.67000
     -55.49600    -41.81000
     -56.00500    -40.96200
     -56.48400    -40.12400
     -56.93500    -39.29600
     -57.36100    -38.47900
     -57.76300    -37.67000
     -58.14500    -36.87000
     -58.50600    -36.07800
     -58.84800    -35.29400
     -59.17400    -34.51800
     -59.48300    -33.74900
     -59.77700    -32.98700
     -60.05700    -32.23100
     -60.32400    -31.48100
     -60.57800    -30.73800
     -60.82100    -30.00000
     -61.05300    -29.26800
     -61.27400    -28.54000
     -61.48500    -27.81800
     -61.68600    -27.10100
     -61.87900    -26.38800
     -62.06300    -25.67900
     -62.24000    -24.97500
     -62.40800    -24.27500
     -62.56900    -23.57800
     -62.72300    -22.88500
     -62.87000    -22.19600
     -63.01000    -21.51000
     -63.14500    -20.82700
     -63.27300    -20.14800
     -63.39500    -19.47100
     -63.51200    -18.79700
     -63.62300    -18.12600
     -63.73000    -17.45800
     -63.83100    -16.79100
     -63.92700    -16.12800
     -64.01800    -15.46600
     -64.10500    -14.80700
     -64.18700    -14.14900
     -64.26500    -13.49300
     -64.33900    -12.84000
     -64.40800    -12.18700
     -64.47300    -11.53700
     -64.53500    -10.88800
     -64.59200    -10.24000
     -64.64600     -9.59410
     -64.69600     -8.94900
     -64.74200     -8.30510
     -64.78400     -7.66230
     -64.82300     -7.02040
     -64.85900     -6.37940
     -64.89100     -5.73920
     -64.91900     -5.09970
     -64.94400     -4.46080
     -64.96600     -3.82260
     -64.98400     -3.18470
     -64.99900     -2.54730
     -65.01000     -1.91020
     -65.01800     -1.27330
     -65.02300     -0.63663
     -65.02500      0.00000
     -65.02300      0.63663
     -65.01800      1.27330
     -65.01000      1.91020
     -64.99900      2.54730
     -64.98400      3.18470
     -64.96600      3.82260
     -64.94400      4.46080
     -64.91900      5.09970
     -64.89100      5.73920
     -64.85900      6.37940
     -64.82300      7.02040
     -64.78400      7.66230
     -64.74200      8.30510
     -64.69600      8.94900
     -64.64600      9.59410
     -64.59200     10.24000
     -64.53500     10.88800
     -64.47300     11.53700
     -64.40800     12.18700
     -64.33900     12.84000
     -64.26500     13.49300
     -64.18700     14.14900
     -64.10500     14.80700
     -64.01800     15.46600
     -63.92700     16.12800
     -63.83100     16.79100
     -63.73000     17.45800
     -63.62300     18.12600
     -63.51200     18.79700
     -63.39500     19.47100
     -63.27300     20.14800
     -63.14500     20.82700
     -63.01000     21.51000
     -62.87000     22.19600
     -62.72300     22.88500
     -62.56900     23.57800
     -62.40800     24.27500
     -62.24000     24.97500
     -62.06300     25.67900
     -61.87900     26.38800
     -61.68600     27.10100
     -61.48500     27.81800
     -61.27400     28.54000
     -61.05300     29.26800
     -60.82100     30.00000
     -60.57800     30.73800
     -60.32400     31.48100
     -60.05700     32.23100
     -59.77700     32.98700
     -59.48300     33.74900
     -59.17400     34.51800
     -58.84800     35.29400
     -58.50600     36.07800
     -58.14500     36.87000
     -57.76300     37.67000
     -57.36100     38.47900
     -56.93500     39.29600
     -56.48400     40.12400
     -56.00500     40.96200
     -55.49600     41.81000
     -54.95300     42.67000
     -54.37500     43.54200
     -53.75600     44.42700
     -53.09200     45.32500
     -52.37800     46.23800
     -51.60800     47.16700
     -50.77500     48.11100
     -49.86900     49.07400
     -48.88100     50.05500
     -47.79800     51.05800
     -46.60200     52.08200
     -45.27500     53.13000
     -43.79000     54.20500
     -42.11300     55.30800
     -40.19700     56.44300
     -37.97700     57.61200
     -35.35800     58.82100
     -32.18600     60.07400
     -28.19500     61.37500
     -22.83400     62.73400
     -14.38600     64.15800
</sweep>
<sweep>
      -6.20900    -64.15800
     -18.93500    -62.73400
     -25.23900    -61.37500
     -29.70400    -60.07400
     -33.17300    -58.82100
     -36.00200    -57.61200
     -38.37800    -56.44300
     -40.41700    -55.30800
     -42.19400    -54.20500
     -43.76200    -53.13000
     -45.15900    -52.08200
     -46.41500    -51.05800
     -47.55200    -50.05500
     -48.58600    -49.07400
     -49.53300    -48.11100
     -50.40300    -47.16700
     -51.20700    -46.23800
     -51.95100    -45.32500
     -52.64200    -44.42700
     -53.28700    -43.54200
     -53.88900    -42.67000
     -54.45300    -41.81000
     -54.98200    -40.96200
     -55.47900    -40.12400
     -55.94800    -39.29600
     -56.39000    -38.47900
     -56.80800    -37.67000
     -57.20300    -36.87000
     -57.57700    -36.07800
     -57.93200    -35.29400
     -58.27000    -34.51800
     -58.59000    -33.74900
     -58.89500    -32.98700
     -59.18500    -32.23100
     -59.46100    -31.48100
     -59.72400    -30.73800
     -59.97600    -30.00000
     -60.21500    -29.26800
     -60.44400    -28.54000
     -60.66200    -27.81800
     -60.87100    -27.10100
     -61.07000    -26.38800
     -61.26100    -25.67900
     -61.44300    -24.97500
     -61.61700    -24.27500
     -61.78300    -23.57800
     -61.94200    -22.88500
     -62.09400    -22.19600
     -62.24000    -21.51000
     -62.37800    -20.82700
     -62.51100    -20.14800
     -62.63700    -19.47100
     -62.75800    -18.79700
     -62.87300    -18.12600
     -62.98300    -17.45800
     -63.08700    -16.79100
     -63.18700    -16.12800
     -63.28100    -15.46600
     -63.37100    -14.80700
     -63.45600    -14.14900
     -63.53600    -13.49300
     -63.61200    -12.84000
     -63.68400    -12.18700
     -63.75100    -11.53700
     -63.81500    -10.88800
     -63.87400    -10.24000
     -63.92900     -9.59410
     -63.98100     -8.94900
     -64.02800     -8.30510
     -64.07200     -7.66230
     -64.11200     -7.02040
     -64.14900     -6.37940
     -64.18200     -5.73920
     -64.21100     -5.09970
     -64.23700     -4.46080
     -64.25900     -3.82260
     -64.27800     -3.18470
     -64.29300     -2.54730
     -64.30500     -1.91020
     -64.31400     -1.27330
     -64.31900     -0.63663
     -64.32100      0.00000
     -64.31900      0.63663
     -64.31400      1.27330
     -64.30500      1.91020
     -64.29300      2.54730
     -64.27800      3.18470
     -64.25900      3.82260
     -64.23700      4.46080
     -64.21100      5.09970
     -64.18200      5.73920
     -64.14900      6.37940
     -64.11200      7.02040
     -64.07200      7.66230
     -64.02800      8.30510
     -63.98100      8.94900
     -63.92900      9.59410
     -63.87400     10.24000
     -63.81500     10.88800
     -63.75100     11.53700
     -63.68400     12.18700
     -63.61200     12.84000
     -63.53600     13.49300
     -63.45600     14.14900
     -63.37100     14.80700
     -63.28100     15.46600
     -63.18700     16.12800
     -63.08700     16.79100
     -62.98300     17.45800
     -62.87300     18.12600
     -62.75800     18.79700
     -62.63700     19.47100
     -62.51100     20.14800
     -62.37800     20.82700
     -62.24000     21.51000
     -62.09400     22.19600
     -61.94200     22.88500
     -61.78300     23.57800
     -61.61700     24.27500
     -61.44300     24.97500
     -61.26100     25.67900
     -61.07000     26.38800
     -60.87100     27.10100
     -60.66200     27.81800
     -60.44400     28.54000
     -60.21500     29.26800
     -59.97600     30.00000
     -59.72400     30.73800
     -59.46100     31.48100
     -59.18500     32.23100
     -58.89500     32.98700
     -58.59000     33.74900
     -58.27000     34.51800
     -57.93200     35.29400
     -57.57700     36.07800
     -57.20300     36.87000
     -56.80800     37.67000
     -56.39000     38.47900
     -55.94800     39.29600
     -55.47900     40.12400
     -54.98200     40.96200
     -54.45300     41.81000
     -53.88900     42.67000
     -53.28700     43.54200
     -52.64200     44.42700
     -51.95100     45.32500
     -51.20700     46.23800
     -50.40300     47.16700
     -49.53300     48.11100
     -48.58600     49.07400
     -47.55200     50.05500
     -46.41500     51.05800
     -45.15900     52.08200
     -43.76200     53.13000
     -42.19400     54.20500
     -40.41700     55.30800
     -38.37800     56.44300
     -36.00200     57.61200
     -33.17300     58.82100
     -29.70400     60.07400
     -25.23900     61.37500
     -18.93500     62.73400
      -6.20900     64.15800
</sweep>
<sweep>
     -14.03600    -62.73400
     -21.91700    -61.37500
     -27.01700    -60.07400
     -30.85400    -58.82100
     -33.92800    -57.61200
     -36.48300    -56.44300
     -38.66000    -55.30800
     -40.54700    -54.20500
     -42.20500    -53.13000
     -43.67900    -52.08200
     -45.00000    -51.05800
     -46.19300    -50.05500
     -47.27700    -49.07400
     -48.26800    -48.11100
     -49.17700    -47.16700
     -50.01600    -46.23800
     -50.79200    -45.32500
     -51.51200    -44.42700
     -52.18300    -43.54200
     -52.81000    -42.67000
     -53.39600    -41.81000
     -53.94600    -40.96200
     -54.46200    -40.12400
     -54.94900    -39.29600
     -55.40800    -38.47900
     -55.84100    -37.67000
     -56.25100    -36.87000
     -56.63900    -36.07800
     -57.00700    -35.29400
     -57.35700    -34.51800
     -57.68800    -33.74900
     -58.00400    -32.98700
     -58.30400    -32.23100
     -58.59000    -31.48100
     -58.86300    -30.73800
     -59.12300    -30.00000
     -59.37100    -29.26800
     -59.60700    -28.54000
     -59.83300    -27.81800
     -60.04900    -27.10100
     -60.25500    -26.38800
     -60.45200    -25.67900
     -60.64000    -24.97500
     -60.82000    -24.27500
     -60.99200    -23.57800
     -61.15700    -22.88500
     -61.31400    -22.19600
     -61.46400    -21.51000
     -61.60700    -20.82700
     -61.74400    -20.14800
     -61.87400    -19.47100
     -61.99900    -18.79700
     -62.11800    -18.12600
     -62.23100    -17.45800
     -62.33900    -16.79100
     -62.44200    -16.12800
     -62.53900    -15.46600
     -62.63200    -14.80700
     -62.71900    -14.14900
     -62.80200    -13.49300
     -62.88100    -12.84000
     -62.95500    -12.18700
     -63.02500    -11.53700
     -63.09000    -10.88800
     -63.15100    -10.24000
     -63.20800     -9.59410
     -63.26100     -8.94900
     -63.31100     -8.30510
     -63.35600     -7.66230
     -63.39700     -7.02040
     -63.43500     -6.37940
     -63.46900     -5.73920
     -63.49900     -5.09970
     -63.52600     -4.46080
     -63.54900     -3.82260
     -63.56800     -3.18470
     -63.58400     -2.54730
     -63.59600     -1.91020
     -63.60500     -1.27330
     -63.61000     -0.63663
     -63.61200      0.00000
     -63.61000      0.63663
     -63.60500      1.27330
     -63.59600      1.91020
     -63.58400      2.54730
     -63.56800      3.18470
     -63.54900      3.82260
     -63.52600      4.46080
     -63.49900      5.09970
     -63.46900      5.73920
     -63.43500      6.37940
     -63.39700      7.02040
     -63.35600      7.66230
     -63.31100      8.30510
     -63.26100      8.94900
     -63.20800      9.59410
     -63.15100     10.24000
     -63.09000     10.88800
     -63.02500     11.53700
     -62.95500     12.18700
     -62.88100     12.84000
     -62.80200     13.49300
     -62.71900     14.14900
     -62.63200     14.80700
     -62.53900     15.46600
     -62.44200     16.12800
     -62.33900     16.79100
     -62.23100     17.45800
     -62.11800     18.12600
     -61.99900     18.79700
     -61.87400     19.47100
     -61.74400     20.14800
     -61.60700     20.82700
     -61.46400     21.51000
     -61.31400     22.19600
     -61.15700     22.88500
     -60.99200     23.57800
     -60.82000     24.27500
     -60.64000     24.97500
     -60.45200     25.67900
     -60.25500     26.38800
     -60.04900     27.10100
     -59.83300     27.81800
     -59.60700     28.54000
     -59.37100     29.26800
     -59.12300     30.00000
     -58.86300     30.73800
     -58.59000     31.48100
     -58.30400     32.23100
     -58.00400     32.98700
     -57.68800     33.74900
     -57.35700     34.51800
     -57.00700     35.29400
     -56.63900     36.07800
     -56.25100     36.87000
     -55.84100     37.67000
     -55.40800     38.47900
     -54.94900     39.29600
     -54.46200     40.12400
     -53.94600     40.96200
     -53.39600     41.81000
     -52.81000     42.67000
     -52.18300     43.54200
     -51.51200     44.42700
     -50.79200     45.32500
     -50.01600     46.23800
     -49.17700     47.16700
     -48.26800     48.11100
     -47.27700     49.07400
     -46.19300     50.05500
     -45.00000     51.05800
     -43.67900     52.08200
     -42.20500     53.13000
     -40.54700     54.20500
     -38.66000     55.30800
     -36.48300     56.44300
     -33.92800     57.61200
     -30.85400     58.82100
     -27.01700     60.07400
     -21.91700     61.37500
     -14.03600     62.73400
</sweep>
<sweep>
      -6.06900    -62.73400
     -18.02500    -61.37500
     -24.05700    -60.07400
     -28.36500    -58.82100
     -31.73600    -57.61200
     -34.50000    -56.44300
     -36.83300    -55.30800
     -38.84300    -54.20500
     -40.60100    -53.13000
     -42.15800    -52.08200
     -43.54900    -51.05800
     -44.80300    -50.05500
     -45.94000    -49.07400
     -46.97700    -48.11100
     -47.92800    -47.16700
     -48.80400    -46.23800
     -49.61300    -45.32500
     -50.36400    -44.42700
     -51.06300    -43.54200
     -51.71500    -42.67000
     -52.32400    -41.81000
     -52.89600    -40.96200
     -53.43300    -40.12400
     -53.93800    -39.29600
     -54.41400    -38.47900
     -54.86300    -37.67000
     -55.28900    -36.87000
     -55.69100    -36.07800
     -56.07200    -35.29400
     -56.43400    -34.51800
     -56.77800    -33.74900
     -57.10500    -32.98700
     -57.41600    -32.23100
     -57.71200    -31.48100
     -57.99400    -30.73800
     -58.26200    -30.00000
     -58.51900    -29.26800
     -58.76300    -28.54000
     -58.99700    -27.81800
     -59.22000    -27.10100
     -59.43300    -26.38800
     -59.63700    -25.67900
     -59.83100    -24.97500
     -60.01700    -24.27500
     -60.19500    -23.57800
     -60.36500    -22.88500
     -60.52700    -22.19600
     -60.68200    -21.51000
     -60.83000    -20.82700
     -60.97100    -20.14800
     -61.10600    -19.47100
     -61.23500    -18.79700
     -61.35700    -18.12600
     -61.47400    -17.45800
     -61.58600    -16.79100
     -61.69200    -16.12800
     -61.79200    -15.46600
     -61.88800    -14.80700
     -61.97800    -14.14900
     -62.06400    -13.49300
     -62.14500    -12.84000
     -62.22100    -12.18700
     -62.29300    -11.53700
     -62.36100    -10.88800
     -62.42400    -10.24000
     -62.48300     -9.59410
     -62.53700     -8.94900
     -62.58800     -8.30510
     -62.63500     -7.66230
     -62.67800     -7.02040
     -62.71600     -6.37940
     -62.75200     -5.73920
     -62.78300     -5.09970
     -62.81000     -4.46080
     -62.83400     -3.82260
     -62.85400     -3.18470
     -62.87000     -2.54730
     -62.88300     -1.91020
     -62.89200     -1.27330
     -62.89800     -0.63663
     -62.89900      0.00000
     -62.89800      0.63663
     -62.89200      1.27330
     -62.88300      1.91020
     -62.87000      2.54730
     -62.85400      3.18470
     -62.83400      3.82260
     -62.81000      4.46080
     -62.78300      5.09970
     -62.75200      5.73920
     -62.71600      6.37940
     -62.67800      7.02040
     -62.63500      7.66230
     -62.58800      8.30510
     -62.53700      8.94900
     -62.48300      9.59410
     -62.42400     10.24000
     -62.36100     10.88800
     -62.29300     11.53700
     -62.22100     12.18700
     -62.14500     12.84000
     -62.06400     13.49300
     -61.97800     14.14900
     -61.88800     14.80700
     -61.79200     15.46600
     -61.69200     16.12800
     -61.58600     16.79100
     -61.47400     17.45800
     -61.35700     18.12600
     -61.23500     18.79700
     -61.10600     19.47100
     -60.97100     20.14800
     -60.83000     20.82700
     -60.68200     21.51000
     -60.52700     22.19600
     -60.36500     22.88500
     -60.19500     23.57800
     -60.01700     24.27500
     -59.83100     24.97500
     -59.63700     25.67900
     -59.43300     26.38800
     -59.22000     27.10100
     -58.99700     27.81800
     -58.76300     28.54000
     -58.51900     29.26800
     -58.26200     30.00000
     -57.99400     30.73800
     -57.71200     31.48100
     -57.41600     32.23100
     -57.10500     32.98700
     -56.77800     33.74900
     -56.43400     34.51800
     -56.07200     35.29400
     -55.69100     36.07800
     -55.28900     36.87000
     -54.86300     37.67000
     -54.41400     38.47900
     -53.93800     39.29600
     -53.43300     40.12400
     -52.89600     40.96200
     -52.32400     41.81000
     -51.71500     42.67000
     -51.06300     43.54200
     -50.36400     44.42700
     -49.61300     45.32500
     -48.80400     46.23800
     -47.92800     47.16700
     -46.97700     48.11100
     -45.94000     49.07400
     -44.80300     50.05500
     -43.54900     51.05800
     -42.15800     52.08200
     -40.60100     53.13000
     -38.84300     54.20500
     -36.83300     55.30800
     -34.50000     56.44300
     -31.73600     57.61200
     -28.36500     58.82100
     -24.05700     60.07400
     -18.02500     61.37500
      -6.06900     62.73400
</sweep>
<sweep>
     -13.06500    -61.37500
     -20.70500    -60.07400
     -25.65700    -58.82100
     -29.39800    -57.61200
     -32.41000    -56.44300
     -34.92400    -55.30800
     -37.07300    -54.20500
     -38.94200    -53.13000
     -40.59000    -52.08200
     -42.05800    -51.05800
     -43.37800    -50.05500
     -44.57100    -49.07400
     -45.65900    -48.11100
     -46.65400    -47.16700
     -47.56900    -46.23800
     -48.41400    -45.32500
     -49.19700    -44.42700
     -49.92500    -43.54200
     -50.60300    -42.67000
     -51.23700    -41.81000
     -51.83100    -40.96200
     -52.38900    -40.12400
     -52.91300    -39.29600
     -53.40800    -38.47900
     -53.87400    -37.67000
     -54.31500    -36.87000
     -54.73200    -36.07800
     -55.12700    -35.29400
     -55.50200    -34.51800
     -55.85800    -33.74900
     -56.19600    -32.98700
     -56.51800    -32.23100
     -56.82400    -31.48100
     -57.11600    -30.73800
     -57.39400    -30.00000
     -57.65900    -29.26800
     -57.91200    -28.54000
     -58.15400    -27.81800
     -58.38400    -27.10100
     -58.60400    -26.38800
     -58.81500    -25.67900
     -59.01600    -24.97500
     -59.20800    -24.27500
     -59.39100    -23.57800
     -59.56600    -22.88500
     -59.73400    -22.19600
     -59.89400    -21.51000
     -60.04700    -20.82700
     -60.19300    -20.14800
     -60.33200    -19.47100
     -60.46500    -18.79700
     -60.59100    -18.12600
     -60.71200    -17.45800
     -60.82700    -16.79100
     -60.93600    -16.12800
     -61.04000    -15.46600
     -61.13800    -14.80700
     -61.23200    -14.14900
     -61.32000    -13.49300
     -61.40400    -12.84000
     -61.48300    -12.18700
     -61.55700    -11.53700
     -61.62600    -10.88800
     -61.69100    -10.24000
     -61.75200     -9.59410
     -61.80900     -8.94900
     -61.86100     -8.30510
     -61.90900     -7.66230
     -61.95300     -7.02040
     -61.99300     -6.37940
     -62.02900     -5.73920
     -62.06200     -5.09970
     -62.09000     -4.46080
     -62.11400     -3.82260
     -62.13500     -3.18470
     -62.15200     -2.54730
     -62.16500     -1.91020
     -62.17400     -1.27330
     -62.18000     -0.63663
     -62.18200      0.00000
     -62.18000      0.63663
     -62.17400      1.27330
     -62.16500      1.91020
     -62.15200      2.54730
     -62.13500      3.18470
     -62.11400      3.82260
     -62.09000      4.46080
     -62.06200      5.09970
     -62.02900      5.73920
     -61.99300      6.37940
     -61.95300      7.02040
     -61.90900      7.66230
     -61.86100      8.30510
     -61.80900      8.94900
     -61.75200      9.59410
     -61.69100     10.24000
     -61.62600     10.88800
     -61.55700     11.53700
     -61.48300     12.18700
     -61.40400     12.84000
     -61.32000     13.49300
     -61.23200     14.14900
     -61.13800     14.80700
     -61.04000     15.46600
     -60.93600     16.12800
     -60.82700     16.79100
     -60.71200     17.45800
     -60.59100     18.12600
     -60.46500     18.79700
     -60.33200     19.47100
     -60.19300     20.14800
     -60.04700     20.82700
     -59.89400     21.51000
     -59.73400     22.19600
     -59.56600     22.88500
     -59.39100     23.57800
     -59.20800     24.27500
     -59.01600     24.97500
     -58.81500     25.67900
     -58.60400     26.38800
     -58.38400     27.10100
     -58.15400     27.81800
     -57.91200     28.54000
     -57.65900     29.26800
     -57.39400     30.00000
     -57.11600     30.73800
     -56.82400     31.48100
     -56.51800     32.23100
     -56.19600     32.98700
     -55.85800     33.74900
     -55.50200     34.51800
     -55.12700     35.29400
     -54.73200     36.07800
     -54.31500     36.87000
     -53.87400     37.67000
     -53.40800     38.47900
     -52.91300     39.29600
     -52.38900     40.12400
     -51.83100     40.96200
     -51.23700     41.81000
     -50.60300     42.67000
     -49.92500     43.54200
     -49.19700     44.42700
     -48.41400     45.32500
     -47.56900     46.23800
     -46.65400     47.16700
     -45.65900     48.11100
     -44.57100     49.07400
     -43.37800     50.05500
     -42.05800     51.05800
     -40.59000     52.08200
     -38.94200     53.13000
     -37.07300     54.20500
     -34.92400     55.30800
     -32.41000     56.44300
     -29.39800     57.61200
     -25.65700     58.82100
     -20.70500     60.07400
     -13.06500     61.37500
</sweep>
<sweep>
      -4.20600    -61.37500
     -16.72700    -60.07400
     -22.65100    -58.82100
     -26.87800    -57.61200
     -30.19300    -56.44300
     -32.92000    -55.30800
     -35.22800    -54.20500
     -37.22200    -53.13000
     -38.97100    -52.08200
     -40.52300    -51.05800
     -41.91400    -50.05500
     -43.16900    -49.07400
     -44.31000    -48.11100
     -45.35200    -47.16700
     -46.30900    -46.23800
     -47.19200    -45.32500
     -48.00800    -44.42700
     -48.76700    -43.54200
     -49.47300    -42.67000
     -50.13300    -41.81000
     -50.75100    -40.96200
     -51.33000    -40.12400
     -51.87500    -39.29600
     -52.38800    -38.47900
     -52.87200    -37.67000
     -53.32900    -36.87000
     -53.76100    -36.07800
     -54.17100    -35.29400
     -54.55900    -34.51800
     -54.92800    -33.74900
     -55.27800    -32.98700
     -55.61100    -32.23100
     -55.92800    -31.48100
     -56.22900    -30.73800
     -56.51700    -30.00000
     -56.79100    -29.26800
     -57.05300    -28.54000
     -57.30200    -27.81800
     -57.54000    -27.10100
     -57.76800    -26.38800
     -57.98500    -25.67900
     -58.19300    -24.97500
     -58.39100    -24.27500
     -58.58100    -23.57800
     -58.76200    -22.88500
     -58.93500    -22.19600
     -59.10000    -21.51000
     -59.25700    -20.82700
     -59.40800    -20.14800
     -59.55200    -19.47100
     -59.68900    -18.79700
     -59.81900    -18.12600
     -59.94400    -17.45800
     -60.06200    -16.79100
     -60.17500    -16.12800
     -60.28200    -15.46600
     -60.38400    -14.80700
     -60.48000    -14.14900
     -60.57100    -13.49300
     -60.65700    -12.84000
     -60.73900    -12.18700
     -60.81500    -11.53700
     -60.88700    -10.88800
     -60.95400    -10.24000
     -61.01700     -9.59410
     -61.07500     -8.94900
     -61.12900     -8.30510
     -61.17900     -7.66230
     -61.22400     -7.02040
     -61.26500     -6.37940
     -61.30300     -5.73920
     -61.33600     -5.09970
     -61.36500     -4.46080
     -61.39000     -3.82260
     -61.41100     -3.18470
     -61.42900     -2.54730
     -61.44200     -1.91020
     -61.45200     -1.27330
     -61.45800     -0.63663
     -61.46000      0.00000
     -61.45800      0.63663
     -61.45200      1.27330
     -61.44200      1.91020
     -61.42900      2.54730
     -61.41100      3.18470
     -61.39000      3.82260
     -61.36500      4.46080
     -61.33600      5.09970
     -61.30300      5.73920
     -61.26500      6.37940
     -61.22400      7.02040
     -61.17900      7.66230
     -61.12900      8.30510
     -61.07500      8.94900
     -61.01700      9.59410
     -60.95400     10.24000
     -60.88700     10.88800
     -60.81500     11.53700
     -60.73900     12.18700
     -60.65700     12.84000
     -60.57100     13.49300
     -60.48000     14.14900
     -60.38400     14.80700
     -60.28200     15.46600
     -60.17500     16.12800
     -60.06200     16.79100
     -59.94400     17.45800
     -59.81900     18.12600
     -59.68900     18.79700
     -59.55200     19.47100
     -59.40800     20.14800
     -59.25700     20.82700
     -59.10000     21.51000
     -58.93500     22.19600
     -58.76200     22.88500
     -58.58100     23.57800
     -58.39100     24.27500
     -58.19300     24.97500
     -57.98500     25.67900
     -57.76800     26.38800
     -57.54000     27.10100
     -57.30200     27.81800
     -57.05300     28.54000
     -56.79100     29.26800
     -56.51700     30.00000
     -56.22900     30.73800
     -55.92800     31.48100
     -55.61100     32.23100
     -55.27800     32.98700
     -54.92800     33.74900
     -54.55900     34.51800
     -54.17100     35.29400
     -53.76100     36.07800
     -53.32900     36.87000
     -52.87200     37.67000
     -52.38800     38.47900
     -51.87500     39.29600
     -51.33000     40.12400
     -50.75100     40.96200
     -50.13300     41.81000
     -49.47300     42.67000
     -48.76700     43.54200
     -48.00800     44.42700
     -47.19200     45.32500
     -46.30900     46.23800
     -45.35200     47.16700
     -44.31000     48.11100
     -43.16900     49.07400
     -41.91400     50.05500
     -40.52300     51.05800
     -38.97100     52.08200
     -37.22200     53.13000
     -35.22800     54.20500
     -32.92000     55.30800
     -30.19300     56.44300
     -26.87800     57.61200
     -22.65100     58.82100
     -16.72700     60.07400
      -4.20600     61.37500
</sweep>
<sweep>
     -11.49000    -60.07400
     -19.20800    -58.82100
     -24.11700    -57.61200
     -27.81800    -56.44300
     -30.80000    -55.30800
     -33.29400    -54.20500
     -35.43100    -53.13000
     -37.29400    -52.08200
     -38.93900    -51.05800
     -40.40700    -50.05500
     -41.72900    -49.07400
     -42.92800    -48.11100
     -44.02000    -47.16700
     -45.02200    -46.23800
     -45.94500    -45.32500
     -46.79700    -44.42700
     -47.58800    -43.54200
     -48.32400    -42.67000
     -49.01100    -41.81000
     -49.65300    -40.96200
     -50.25600    -40.12400
     -50.82200    -39.29600
     -51.35400    -38.47900
     -51.85600    -37.67000
     -52.33000    -36.87000
     -52.77800    -36.07800
     -53.20300    -35.29400
     -53.60500    -34.51800
     -53.98700    -33.74900
     -54.34900    -32.98700
     -54.69400    -32.23100
     -55.02200    -31.48100
     -55.33400    -30.73800
     -55.63100    -30.00000
     -55.91400    -29.26800
     -56.18500    -28.54000
     -56.44300    -27.81800
     -56.68900    -27.10100
     -56.92400    -26.38800
     -57.14800    -25.67900
     -57.36300    -24.97500
     -57.56700    -24.27500
     -57.76300    -23.57800
     -57.95000    -22.88500
     -58.12800    -22.19600
     -58.29900    -21.51000
     -58.46200    -20.82700
     -58.61700    -20.14800
     -58.76500    -19.47100
     -58.90700    -18.79700
     -59.04100    -18.12600
     -59.17000    -17.45800
     -59.29200    -16.79100
     -59.40800    -16.12800
     -59.51900    -15.46600
     -59.62300    -14.80700
     -59.72300    -14.14900
     -59.81700    -13.49300
     -59.90600    -12.84000
     -59.98900    -12.18700
     -60.06800    -11.53700
     -60.14200    -10.88800
     -60.21100    -10.24000
     -60.27600     -9.59410
     -60.33600     -8.94900
     -60.39200     -8.30510
     -60.44300     -7.66230
     -60.49000     -7.02040
     -60.53200     -6.37940
     -60.57100     -5.73920
     -60.60500     -5.09970
     -60.63500     -4.46080
     -60.66100     -3.82260
     -60.68300     -3.18470
     -60.70100     -2.54730
     -60.71500     -1.91020
     -60.72400     -1.27330
     -60.73000     -0.63663
     -60.73200      0.00000
     -60.73000      0.63663
     -60.72400      1.27330
     -60.71500      1.91020
     -60.70100      2.54730
     -60.68300      3.18470
     -60.66100      3.82260
     -60.63500      4.46080
     -60.60500      5.09970
     -60.57100      5.73920
     -60.53200      6.37940
     -60.49000      7.02040
     -60.44300      7.66230
     -60.39200      8.30510
     -60.33600      8.94900
     -60.27600      9.59410
     -60.21100     10.24000
     -60.14200     10.88800
     -60.06800     11.53700
     -59.98900     12.18700
     -59.90600     12.84000
     -59.81700     13.49300
     -59.72300     14.14900
     -59.62300     14.80700
     -59.51900     15.46600
     -59.40800     16.12800
     -59.29200     16.79100
     -59.17000     17.45800
     -59.04100     18.12600
     -58.90700     18.79700
     -58.76500     19.47100
     -58.61700     20.14800
     -58.46200     20.82700
     -58.29900     21.51000
     -58.12800     22.19600
     -57.95000     22.88500
     -57.76300     23.57800
     -57.56700     24.27500
     -57.36300     24.97500
     -57.14800     25.67900
     -56.92400     26.38800
     -56.68900     27.10100
     -56.44300     27.81800
     -56.18500     28.54000
     -55.91400     29.26800
     -55.63100     30.00000
     -55.33400     30.73800
     -55.02200     31.48100
     -54.69400     32.23100
     -54.34900     32.98700
     -53.98700     33.74900
     -53.60500     34.51800
     -53.20300     35.29400
     -52.77800     36.07800
     -52.33000     36.87000
     -51.85600     37.67000
     -51.35400     38.47900
     -50.82200     39.29600
     -50.25600     40.12400
     -49.65300     40.96200
     -49.01100     41.81000
     -48.32400     42.67000
     -47.58800     43.54200
     -46.79700     44.42700
     -45.94500     45.32500
     -45.02200     46.23800
     -44.02000     47.16700
     -42.92800     48.11100
     -41.72900     49.07400
     -40.40700     50.05500
     -38.93900     51.05800
     -37.29400     52.08200
     -35.43100     53.13000
     -33.29400     54.20500
     -30.80000     55.30800
     -27.81800     56.44300
     -24.11700     57.61200
     -19.20800     58.82100
     -11.49000     60.07400
</sweep>
<sweep>
     -15.03000    -58.82100
     -21.02000    -57.61200
     -25.23900    -56.44300
     -28.54100    -55.30800
     -31.25600    -54.20500
     -33.55700    -53.13000
     -35.54900    -52.08200
     -37.29800    -51.05800
     -38.85300    -50.05500
     -40.24800    -49.07400
     -41.50900    -48.11100
     -42.65600    -47.16700
     -43.70600    -46.23800
     -44.67100    -45.32500
     -45.56200    -44.42700
     -46.38700    -43.54200
     -47.15400    -42.67000
     -47.87000    -41.81000
     -48.53800    -40.96200
     -49.16400    -40.12400
     -49.75200    -39.29600
     -50.30500    -38.47900
     -50.82600    -37.67000
     -51.31800    -36.87000
     -51.78300    -36.07800
     -52.22200    -35.29400
     -52.63900    -34.51800
     -53.03400    -33.74900
     -53.40900    -32.98700
     -53.76600    -32.23100
     -54.10500    -31.48100
     -54.42800    -30.73800
     -54.73600    -30.00000
     -55.02900    -29.26800
     -55.30800    -28.54000
     -55.57500    -27.81800
     -55.82900    -27.10100
     -56.07200    -26.38800
     -56.30300    -25.67900
     -56.52500    -24.97500
     -56.73600    -24.27500
     -56.93800    -23.57800
     -57.13100    -22.88500
     -57.31500    -22.19600
     -57.49100    -21.51000
     -57.65900    -20.82700
     -57.81900    -20.14800
     -57.97200    -19.47100
     -58.11800    -18.79700
     -58.25700    -18.12600
     -58.38900    -17.45800
     -58.51500    -16.79100
     -58.63500    -16.12800
     -58.74900    -15.46600
     -58.85700    -14.80700
     -58.96000    -14.14900
     -59.05600    -13.49300
     -59.14800    -12.84000
     -59.23400    -12.18700
     -59.31500    -11.53700
     -59.39200    -10.88800
     -59.46300    -10.24000
     -59.53000     -9.59410
     -59.59200     -8.94900
     -59.64900     -8.30510
     -59.70200     -7.66230
     -59.75000     -7.02040
     -59.79400     -6.37940
     -59.83300     -5.73920
     -59.86800     -5.09970
     -59.89900     -4.46080
     -59.92600     -3.82260
     -59.94900     -3.18470
     -59.96700     -2.54730
     -59.98200     -1.91020
     -59.99200     -1.27330
     -59.99800     -0.63663
     -60.00000      0.00000
     -59.99800      0.63663
     -59.99200      1.27330
     -59.98200      1.91020
     -59.96700      2.54730
     -59.94900      3.18470
     -59.92600      3.82260
     -59.89900      4.46080
     -59.86800      5.09970
     -59.83300      5.73920
     -59.79400      6.37940
     -59.75000      7.02040
     -59.70200      7.66230
     -59.64900      8.30510
     -59.59200      8.94900
     -59.53000      9.59410
     -59.46300     10.24000
     -59.39200     10.88800
     -59.31500     11.53700
     -59.23400     12.18700
     -59.14800     12.84000
     -59.05600     13.49300
     -58.96000     14.14900
     -58.85700     14.80700
     -58.74900     15.46600
     -58.63500     16.12800
     -58.51500     16.79100
     -58.38900     17.45800
     -58.25700     18.12600
     -58.11800     18.79700
     -57.97200     19.47100
     -57.81900     20.14800
     -57.65900     20.82700
     -57.49100     21.51000
     -57.31500     22.19600
     -57.13100     22.88500
     -56.93800     23.57800
     -56.73600     24.27500
     -56.52500     24.97500
     -56.30300     25.67900
     -56.07200     26.38800
     -55.82900     27.10100
     -55.57500     27.81800
     -55.30800     28.54000
     -55.02900     29.26800
     -54.73600     30.00000
     -54.42800     30.73800
     -54.10500     31.48100
     -53.76600     32.23100
     -53.40900     32.98700
     -53.03400     33.74900
     -52.63900     34.51800
     -52.22200     35.29400
     -51.78300     36.07800
     -51.31800     36.87000
     -50.82600     37.67000
     -50.30500     38.47900
     -49.75200     39.29600
     -49.16400     40.12400
     -48.53800     40.96200
     -47.87000     41.81000
     -47.15400     42.67000
     -46.38700     43.54200
     -45.56200     44.42700
     -44.67100     45.32500
     -43.70600     46.23800
     -42.65600     47.16700
     -41.50900     48.11100
     -40.24800     49.07400
     -38.85300     50.05500
     -37.29800     51.05800
     -35.54900     52.08200
     -33.55700     53.13000
     -31.25600     54.20500
     -28.54100     55.30800
     -25.23900     56.44300
     -21.02000     57.61200
     -15.03000     58.82100
</sweep>
<sweep>
      -9.15900    -58.82100
     -17.40800    -57.61200
     -22.38700    -56.44300
     -26.10400    -55.30800
     -29.09000    -54.20500
     -31.58600    -53.13000
     -33.72600    -52.08200
     -35.59300    -51.05800
     -37.24400    -50.05500
     -38.71900    -49.07400
     -40.04900    -48.11100
     -41.25500    -47.16700
     -42.35700    -46.23800
     -43.36800    -45.32500
     -44.30000    -44.42700
     -45.16200    -43.54200
     -45.96200    -42.67000
     -46.70700    -41.81000
     -47.40300    -40.96200
     -48.05400    -40.12400
     -48.66600    -39.29600
     -49.24000    -38.47900
     -49.78100    -37.67000
     -50.29100    -36.87000
     -50.77300    -36.07800
     -51.22900    -35.29400
     -51.66000    -34.51800
     -52.07000    -33.74900
     -52.45800    -32.98700
     -52.82700    -32.23100
     -53.17800    -31.48100
     -53.51200    -30.73800
     -53.83000    -30.00000
     -54.13300    -29.26800
     -54.42200    -28.54000
     -54.69700    -27.81800
     -54.96000    -27.10100
     -55.21100    -26.38800
     -55.45000    -25.67900
     -55.67900    -24.97500
     -55.89700    -24.27500
     -56.10500    -23.57800
     -56.30400    -22.88500
     -56.49400    -22.19600
     -56.67600    -21.51000
     -56.84900    -20.82700
     -57.01500    -20.14800
     -57.17200    -19.47100
     -57.32300    -18.79700
     -57.46600    -18.12600
     -57.60200    -17.45800
     -57.73200    -16.79100
     -57.85600    -16.12800
     -57.97300    -15.46600
     -58.08500    -14.80700
     -58.19000    -14.14900
     -58.29000    -13.49300
     -58.38400    -12.84000
     -58.47300    -12.18700
     -58.55700    -11.53700
     -58.63600    -10.88800
     -58.70900    -10.24000
     -58.77800     -9.59410
     -58.84100     -8.94900
     -58.90000     -8.30510
     -58.95500     -7.66230
     -59.00400     -7.02040
     -59.05000     -6.37940
     -59.09000     -5.73920
     -59.12700     -5.09970
     -59.15900     -4.46080
     -59.18600     -3.82260
     -59.20900     -3.18470
     -59.22800     -2.54730
     -59.24300     -1.91020
     -59.25400     -1.27330
     -59.26000     -0.63663
     -59.26200      0.00000
     -59.26000      0.63663
     -59.25400      1.27330
     -59.24300      1.91020
     -59.22800      2.54730
     -59.20900      3.18470
     -59.18600      3.82260
     -59.15900      4.46080
     -59.12700      5.09970
     -59.09000      5.73920
     -59.05000      6.37940
     -59.00400      7.02040
     -58.95500      7.66230
     -58.90000      8.30510
     -58.84100      8.94900
     -58.77800      9.59410
     -58.70900     10.24000
     -58.63600     10.88800
     -58.55700     11.53700
     -58.47300     12.18700
     -58.38400     12.84000
     -58.29000     13.49300
     -58.19000     14.14900
     -58.08500     14.80700
     -57.97300     15.46600
     -57.85600     16.12800
     -57.73200     16.79100
     -57.60200     17.45800
     -57.46600     18.12600
     -57.32300     18.79700
     -57.17200     19.47100
     -57.01500     20.14800
     -56.84900     20.82700
     -56.67600     21.51000
     -56.49400     22.19600
     -56.30400     22.88500
     -56.10500     23.57800
     -55.89700     24.27500
     -55.67900     24.97500
     -55.45000     25.67900
     -55.21100     26.38800
     -54.96000     27.10100
     -54.69700     27.81800
     -54.42200     28.54000
     -54.13300     29.26800
     -53.83000     30.00000
     -53.51200     30.73800
     -53.17800     31.48100
     -52.82700     32.23100
     -52.45800     32.98700
     -52.07000     33.74900
     -51.66000     34.51800
     -51.22900     35.29400
     -50.77300     36.07800
     -50.29100     36.87000
     -49.78100     37.67000
     -49.24000     38.47900
     -48.66600     39.29600
     -48.05400     40.12400
     -47.40300     40.96200
     -46.70700     41.81000
     -45.96200     42.67000
     -45.16200     43.54200
     -44.30000     44.42700
     -43.36800     45.32500
     -42.35700     46.23800
     -41.25500     47.16700
     -40.04900     48.11100
     -38.71900     49.07400
     -37.24400     50.05500
     -35.59300     51.05800
     -33.72600     52.08200
     -31.58600     53.13000
     -29.09000     54.20500
     -26.10400     55.30800
     -22.38700     56.44300
     -17.40800     57.61200
      -9.15900     58.82100
</sweep>
<sweep>
     -12.85300    -57.61200
     -19.13700    -56.44300
     -23.43400    -55.30800
     -26.76600    -54.20500
     -29.49800    -53.13000
     -31.81200    -52.08200
     -33.81400    -51.05800
     -35.57300    -50.05500
     -37.13800    -49.07400
     -38.54300    -48.11100
     -39.81400    -47.16700
     -40.97200    -46.23800
     -42.03300    -45.32500
     -43.00800    -44.42700
     -43.90900    -43.54200
     -44.74500    -42.67000
     -45.52200    -41.81000
     -46.24700    -40.96200
     -46.92500    -40.12400
     -47.56100    -39.29600
     -48.15700    -38.47900
     -48.71900    -37.67000
     -49.24900    -36.87000
     -49.74900    -36.07800
     -50.22100    -35.29400
     -50.66900    -34.51800
     -51.09300    -33.74900
     -51.49500    -32.98700
     -51.87700    -32.23100
     -52.24000    -31.48100
     -52.58500    -30.73800
     -52.91400    -30.00000
     -53.22700    -29.26800
     -53.52600    -28.54000
     -53.81000    -27.81800
     -54.08200    -27.10100
     -54.34100    -26.38800
     -54.58800    -25.67900
     -54.82400    -24.97500
     -55.04900    -24.27500
     -55.26400    -23.57800
     -55.47000    -22.88500
     -55.66600    -22.19600
     -55.85300    -21.51000
     -56.03200    -20.82700
     -56.20200    -20.14800
     -56.36500    -19.47100
     -56.52000    -18.79700
     -56.66800    -18.12600
     -56.80900    -17.45800
     -56.94300    -16.79100
     -57.07000    -16.12800
     -57.19100    -15.46600
     -57.30600    -14.80700
     -57.41400    -14.14900
     -57.51700    -13.49300
     -57.61400    -12.84000
     -57.70600    -12.18700
     -57.79200    -11.53700
     -57.87300    -10.88800
     -57.94900    -10.24000
     -58.02000     -9.59410
     -58.08500     -8.94900
     -58.14600     -8.30510
     -58.20200     -7.66230
     -58.25300     -7.02040
     -58.30000     -6.37940
     -58.34200     -5.73920
     -58.37900     -5.09970
     -58.41200     -4.46080
     -58.44000     -3.82260
     -58.46400     -3.18470
     -58.48400     -2.54730
     -58.49900     -1.91020
     -58.51000     -1.27330
     -58.51600     -0.63663
     -58.51900      0.00000
     -58.51600      0.63663
     -58.51000      1.27330
     -58.49900      1.91020
     -58.48400      2.54730
     -58.46400      3.18470
     -58.44000      3.82260
     -58.41200      4.46080
     -58.37900      5.09970
     -58.34200      5.73920
     -58.30000      6.37940
     -58.25300      7.02040
     -58.20200      7.66230
     -58.14600      8.30510
     -58.08500      8.94900
     -58.02000      9.59410
     -57.94900     10.24000
     -57.87300     10.88800
     -57.79200     11.53700
     -57.70600     12.18700
     -57.61400     12.84000
     -57.51700     13.49300
     -57.41400     14.14900
     -57.30600     14.80700
     -57.19100     15.46600
     -57.07000     16.12800
     -56.94300     16.79100
     -56.80900     17.45800
     -56.66800     18.12600
     -56.52000     18.79700
     -56.36500     19.47100
     -56.20200     20.14800
     -56.03200     20.82700
     -55.85300     21.51000
     -55.66600     22.19600
     -55.47000     22.88500
     -55.26400     23.57800
     -55.04900     24.27500
     -54.82400     24.97500
     -54.58800     25.67900
     -54.34100     26.38800
     -54.08200     27.10100
     -53.81000     27.81800
     -53.52600     28.54000
     -53.22700     29.26800
     -52.91400     30.00000
     -52.58500     30.73800
     -52.24000     31.48100
     -51.87700     32.23100
     -51.49500     32.98700
     -51.09300     33.74900
     -50.66900     34.51800
     -50.22100     35.29400
     -49.74900     36.07800
     -49.24900     36.87000
     -48.71900     37.67000
     -48.15700     38.47900
     -47.56100     39.29600
     -46.92500     40.12400
     -46.24700     40.96200
     -45.52200     41.81000
     -44.74500     42.67000
     -43.90900     43.54200
     -43.00800     44.42700
     -42.03300     45.32500
     -40.97200     46.23800
     -39.81400     47.16700
     -38.54300     48.11100
     -37.13800     49.07400
     -35.57300     50.05500
     -33.81400     51.05800
     -31.81200     52.08200
     -29.49800     53.13000
     -26.76600     54.20500
     -23.43400     55.30800
     -19.13700     56.44300
     -12.85300     57.61200
</sweep>
<sweep>
      -5.32300    -57.61200
     -15.23900    -56.44300
     -20.43900    -55.30800
     -24.23800    -54.20500
     -27.26600    -53.13000
     -29.78900    -52.08200
     -31.94800    -51.05800
     -33.83100    -50.05500
     -35.49700    -49.07400
     -36.98600    -48.11100
     -38.32900    -47.16700
     -39.54800    -46.23800
     -40.66200    -45.32500
     -41.68500    -44.42700
     -42.62800    -43.54200
     -43.50100    -42.67000
     -44.31200    -41.81000
     -45.06800    -40.96200
     -45.77400    -40.12400
     -46.43600    -39.29600
     -47.05600    -38.47900
     -47.64000    -37.67000
     -48.19000    -36.87000
     -48.70800    -36.07800
     -49.19900    -35.29400
     -49.66200    -34.51800
     -50.10200    -33.74900
     -50.51800    -32.98700
     -50.91400    -32.23100
     -51.29000    -31.48100
     -51.64700    -30.73800
     -51.98700    -30.00000
     -52.31100    -29.26800
     -52.61900    -28.54000
     -52.91300    -27.81800
     -53.19400    -27.10100
     -53.46100    -26.38800
     -53.71600    -25.67900
     -53.96000    -24.97500
     -54.19300    -24.27500
     -54.41500    -23.57800
     -54.62700    -22.88500
     -54.82900    -22.19600
     -55.02200    -21.51000
     -55.20600    -20.82700
     -55.38200    -20.14800
     -55.55000    -19.47100
     -55.71000    -18.79700
     -55.86200    -18.12600
     -56.00700    -17.45800
     -56.14500    -16.79100
     -56.27700    -16.12800
     -56.40100    -15.46600
     -56.52000    -14.80700
     -56.63200    -14.14900
     -56.73800    -13.49300
     -56.83800    -12.84000
     -56.93200    -12.18700
     -57.02100    -11.53700
     -57.10400    -10.88800
     -57.18200    -10.24000
     -57.25500     -9.59410
     -57.32300     -8.94900
     -57.38500     -8.30510
     -57.44300     -7.66230
     -57.49600     -7.02040
     -57.54400     -6.37940
     -57.58700     -5.73920
     -57.62500     -5.09970
     -57.65900     -4.46080
     -57.68800     -3.82260
     -57.71300     -3.18470
     -57.73300     -2.54730
     -57.74900     -1.91020
     -57.76000     -1.27330
     -57.76700     -0.63663
     -57.76900      0.00000
     -57.76700      0.63663
     -57.76000      1.27330
     -57.74900      1.91020
     -57.73300      2.54730
     -57.71300      3.18470
     -57.68800      3.82260
     -57.65900      4.46080
     -57.62500      5.09970
     -57.58700      5.73920
     -57.54400      6.37940
     -57.49600      7.02040
     -57.44300      7.66230
     -57.38500      8.30510
     -57.32300      8.94900
     -57.25500      9.59410
     -57.18200     10.24000
     -57.10400     10.88800
     -57.02100     11.53700
     -56.93200     12.18700
     -56.83800     12.84000
     -56.73800     13.49300
     -56.63200     14.14900
     -56.52000     14.80700
     -56.40100     15.46600
     -56.27700     16.12800
     -56.14500     16.79100
     -56.00700     17.45800
     -55.86200     18.12600
     -55.71000     18.79700
     -55.55000     19.47100
     -55.38200     20.14800
     -55.20600     20.82700
     -55.02200     21.51000
     -54.82900     22.19600
     -54.62700     22.88500
     -54.41500     23.57800
     -54.19300     24.27500
     -53.96000     24.97500
     -53.71600     25.67900
     -53.46100     26.38800
     -53.19400     27.10100
     -52.91300     27.81800
     -52.61900     28.54000
     -52.31100     29.26800
     -51.98700     30.00000
     -51.64700     30.73800
     -51.29000     31.48100
     -50.91400     32.23100
     -50.51800     32.98700
     -50.10200     33.74900
     -49.66200     34.51800
     -49.19900     35.29400
     -48.70800     36.07800
     -48.19000     36.87000
     -47.64000     37.67000
     -47.05600     38.47900
     -46.43600     39.29600
     -45.77400     40.12400
     -45.06800     40.96200
     -44.31200     41.81000
     -43.50100     42.67000
     -42.62800     43.54200
     -41.68500     44.42700
     -40.66200     45.32500
     -39.54800     46.23800
     -38.32900     47.16700
     -36.98600     48.11100
     -35.49700     49.07400
     -33.83100     50.05500
     -31.94800     51.05800
     -29.78900     52.08200
     -27.26600     53.13000
     -24.23800     54.20500
     -20.43900     55.30800
     -15.23900     56.44300
      -5.32300     57.61200
</sweep>
<sweep>
      -9.95700    -56.44300
     -16.94900    -55.30800
     -21.43300    -54.20500
     -24.85100    -53.13000
     -27.63200    -52.08200
     -29.97900    -51.05800
     -32.00700    -50.05500
     -33.78800    -49.07400
     -35.37100    -48.11100
     -36.79300    -47.16700
     -38.08000    -46.23800
     -39.25200    -45.32500
     -40.32600    -44.42700
     -41.31500    -43.54200
     -42.22800    -42.67000
     -43.07600    -41.81000
     -43.86500    -40.96200
     -44.60100    -40.12400
     -45.28900    -39.29600
     -45.93500    -38.47900
     -46.54200    -37.67000
     -47.11300    -36.87000
     -47.65100    -36.07800
     -48.16000    -35.29400
     -48.64100    -34.51800
     -49.09600    -33.74900
     -49.52800    -32.98700
     -49.93700    -32.23100
     -50.32600    -31.48100
     -50.69600    -30.73800
     -51.04800    -30.00000
     -51.38300    -29.26800
     -51.70200    -28.54000
     -52.00600    -27.81800
     -52.29500    -27.10100
     -52.57200    -26.38800
     -52.83500    -25.67900
     -53.08700    -24.97500
     -53.32700    -24.27500
     -53.55600    -23.57800
     -53.77500    -22.88500
     -53.98300    -22.19600
     -54.18300    -21.51000
     -54.37300    -20.82700
     -54.55400    -20.14800
     -54.72700    -19.47100
     -54.89200    -18.79700
     -55.04900    -18.12600
     -55.19900    -17.45800
     -55.34100    -16.79100
     -55.47600    -16.12800
     -55.60500    -15.46600
     -55.72600    -14.80700
     -55.84200    -14.14900
     -55.95100    -13.49300
     -56.05400    -12.84000
     -56.15200    -12.18700
     -56.24300    -11.53700
     -56.32900    -10.88800
     -56.40900    -10.24000
     -56.48400     -9.59410
     -56.55400     -8.94900
     -56.61800     -8.30510
     -56.67800     -7.66230
     -56.73200     -7.02040
     -56.78100     -6.37940
     -56.82600     -5.73920
     -56.86500     -5.09970
     -56.90000     -4.46080
     -56.93000     -3.82260
     -56.95600     -3.18470
     -56.97700     -2.54730
     -56.99300     -1.91020
     -57.00400     -1.27330
     -57.01100     -0.63663
     -57.01300      0.00000
     -57.01100      0.63663
     -57.00400      1.27330
     -56.99300      1.91020
     -56.97700      2.54730
     -56.95600      3.18470
     -56.93000      3.82260
     -56.90000      4.46080
     -56.86500      5.09970
     -56.82600      5.73920
     -56.78100      6.37940
     -56.73200      7.02040
     -56.67800      7.66230
     -56.61800      8.30510
     -56.55400      8.94900
     -56.48400      9.59410
     -56.40900     10.24000
     -56.32900     10.88800
     -56.24300     11.53700
     -56.15200     12.18700
     -56.05400     12.84000
     -55.95100     13.49300
     -55.84200     14.14900
     -55.72600     14.80700
     -55.60500     15.46600
     -55.47600     16.12800
     -55.34100     16.79100
     -55.19900     17.45800
     -55.04900     18.12600
     -54.89200     18.79700
     -54.72700     19.47100
     -54.55400     20.14800
     -54.37300     20.82700
     -54.18300     21.51000
     -53.98300     22.19600
     -53.77500     22.88500
     -53.55600     23.57800
     -53.32700     24.27500
     -53.08700     24.97500
     -52.83500     25.67900
     -52.57200     26.38800
     -52.29500     27.10100
     -52.00600     27.81800
     -51.70200     28.54000
     -51.38300     29.26800
     -51.04800     30.00000
     -50.69600     30.73800
     -50.32600     31.48100
     -49.93700     32.23100
     -49.52800     32.98700
     -49.09600     33.74900
     -48.64100     34.51800
     -48.16000     35.29400
     -47.65100     36.07800
     -47.11300     36.87000
     -46.54200     37.67000
     -45.93500     38.47900
     -45.28900     39.29600
     -44.60100     40.12400
     -43.86500     40.96200
     -43.07600     41.81000
     -42.22800     42.67000
     -41.31500     43.54200
     -40.32600     44.42700
     -39.25200     45.32500
     -38.08000     46.23800
     -36.79300     47.16700
     -35.37100     48.11100
     -33.78800     49.07400
     -32.00700     50.05500
     -29.97900     51.05800
     -27.63200     52.08200
     -24.85100     53.13000
     -21.43300     54.20500
     -16.94900     55.30800
      -9.95700     56.44300
</sweep>
<sweep>
     -12.55500    -55.30800
     -18.22400    -54.20500
     -22.19200    -53.13000
     -25.30800    -52.08200
     -27.88600    -51.05800
     -30.08400    -50.05500
     -31.99800    -49.07400
     -33.68900    -48.11100
     -35.19900    -47.16700
     -36.56100    -46.23800
     -37.79800    -45.32500
     -38.92800    -44.42700
     -39.96600    -43.54200
     -40.92400    -42.67000
     -41.81000    -41.81000
     -42.63400    -40.96200
     -43.40200    -40.12400
     -44.12000    -39.29600
     -44.79200    -38.47900
     -45.42300    -37.67000
     -46.01700    -36.87000
     -46.57600    -36.07800
     -47.10400    -35.29400
     -47.60300    -34.51800
     -48.07500    -33.74900
     -48.52300    -32.98700
     -48.94700    -32.23100
     -49.35000    -31.48100
     -49.73200    -30.73800
     -50.09600    -30.00000
     -50.44300    -29.26800
     -50.77200    -28.54000
     -51.08600    -27.81800
     -51.38600    -27.10100
     -51.67100    -26.38800
     -51.94300    -25.67900
     -52.20300    -24.97500
     -52.45100    -24.27500
     -52.68800    -23.57800
     -52.91300    -22.88500
     -53.12900    -22.19600
     -53.33400    -21.51000
     -53.53000    -20.82700
     -53.71700    -20.14800
     -53.89600    -19.47100
     -54.06600    -18.79700
     -54.22800    -18.12600
     -54.38200    -17.45800
     -54.52800    -16.79100
     -54.66800    -16.12800
     -54.80000    -15.46600
     -54.92600    -14.80700
     -55.04500    -14.14900
     -55.15700    -13.49300
     -55.26400    -12.84000
     -55.36400    -12.18700
     -55.45800    -11.53700
     -55.54600    -10.88800
     -55.62900    -10.24000
     -55.70600     -9.59410
     -55.77800     -8.94900
     -55.84400     -8.30510
     -55.90500     -7.66230
     -55.96100     -7.02040
     -56.01200     -6.37940
     -56.05800     -5.73920
     -56.09900     -5.09970
     -56.13500     -4.46080
     -56.16600     -3.82260
     -56.19200     -3.18470
     -56.21300     -2.54730
     -56.23000     -1.91020
     -56.24200     -1.27330
     -56.24900     -0.63663
     -56.25100      0.00000
     -56.24900      0.63663
     -56.24200      1.27330
     -56.23000      1.91020
     -56.21300      2.54730
     -56.19200      3.18470
     -56.16600      3.82260
     -56.13500      4.46080
     -56.09900      5.09970
     -56.05800      5.73920
     -56.01200      6.37940
     -55.96100      7.02040
     -55.90500      7.66230
     -55.84400      8.30510
     -55.77800      8.94900
     -55.70600      9.59410
     -55.62900     10.24000
     -55.54600     10.88800
     -55.45800     11.53700
     -55.36400     12.18700
     -55.26400     12.84000
     -55.15700     13.49300
     -55.04500     14.14900
     -54.92600     14.80700
     -54.80000     15.46600
     -54.66800     16.12800
     -54.52800     16.79100
     -54.38200     17.45800
     -54.22800     18.12600
     -54.06600     18.79700
     -53.89600     19.47100
     -53.71700     20.14800
     -53.53000     20.82700
     -53.33400     21.51000
     -53.12900     22.19600
     -52.91300     22.88500
     -52.68800     23.57800
     -52.45100     24.27500
     -52.20300     24.97500
     -51.94300     25.67900
     -51.67100     26.38800
     -51.38600     27.10100
     -51.08600     27.81800
     -50.77200     28.54000
     -50.44300     29.26800
     -50.09600     30.00000
     -49.73200     30.73800
     -49.35000     31.48100
     -48.94700     32.23100
     -48.52300     32.98700
     -48.07500     33.74900
     -47.60300     34.51800
     -47.10400     35.29400
     -46.57600     36.07800
     -46.01700     36.87000
     -45.42300     37.67000
     -44.79200     38.47900
     -44.12000     39.29600
     -43.40200     40.12400
     -42.63400     40.96200
     -41.81000     41.81000
     -40.92400     42.67000
     -39.96600     43.54200
     -38.92800     44.42700
     -37.79800     45.32500
     -36.56100     46.23800
     -35.19900     47.16700
     -33.68900     48.11100
     -31.99800     49.07400
     -30.08400     50.05500
     -27.88600     51.05800
     -25.30800     52.08200
     -22.19200     53.13000
     -18.22400     54.20500
     -12.55500     55.30800
</sweep>
<sweep>
      -5.37200    -55.30800
     -14.34100    -54.20500
     -19.18800    -53.13000
     -22.76400    -52.08200
     -25.63600    -51.05800
     -28.04300    -50.05500
     -30.11400    -49.07400
     -31.92900    -48.11100
     -33.54100    -47.16700
     -34.98700    -46.23800
     -36.29500    -45.32500
     -37.48700    -44.42700
     -38.57900    -43.54200
     -39.58400    -42.67000
     -40.51300    -41.81000
     -41.37400    -40.96200
     -42.17700    -40.12400
     -42.92500    -39.29600
     -43.62600    -38.47900
     -44.28300    -37.67000
     -44.90100    -36.87000
     -45.48200    -36.07800
     -46.03000    -35.29400
     -46.54800    -34.51800
     -47.03800    -33.74900
     -47.50200    -32.98700
     -47.94100    -32.23100
     -48.35800    -31.48100
     -48.75400    -30.73800
     -49.13100    -30.00000
     -49.48900    -29.26800
     -49.83000    -28.54000
     -50.15500    -27.81800
     -50.46500    -27.10100
     -50.75900    -26.38800
     -51.04100    -25.67900
     -51.30900    -24.97500
     -51.56500    -24.27500
     -51.80900    -23.57800
     -52.04200    -22.88500
     -52.26400    -22.19600
     -52.47600    -21.51000
     -52.67900    -20.82700
     -52.87200    -20.14800
     -53.05600    -19.47100
     -53.23100    -18.79700
     -53.39800    -18.12600
     -53.55700    -17.45800
     -53.70800    -16.79100
     -53.85100    -16.12800
     -53.98800    -15.46600
     -54.11700    -14.80700
     -54.24000    -14.14900
     -54.35600    -13.49300
     -54.46500    -12.84000
     -54.56800    -12.18700
     -54.66500    -11.53700
     -54.75600    -10.88800
     -54.84200    -10.24000
     -54.92100     -9.59410
     -54.99500     -8.94900
     -55.06300     -8.30510
     -55.12600     -7.66230
     -55.18400     -7.02040
     -55.23600     -6.37940
     -55.28300     -5.73920
     -55.32500     -5.09970
     -55.36200     -4.46080
     -55.39400     -3.82260
     -55.42100     -3.18470
     -55.44300     -2.54730
     -55.46000     -1.91020
     -55.47200     -1.27330
     -55.47900     -0.63663
     -55.48200      0.00000
     -55.47900      0.63663
     -55.47200      1.27330
     -55.46000      1.91020
     -55.44300      2.54730
     -55.42100      3.18470
     -55.39400      3.82260
     -55.36200      4.46080
     -55.32500      5.09970
     -55.28300      5.73920
     -55.23600      6.37940
     -55.18400      7.02040
     -55.12600      7.66230
     -55.06300      8.30510
     -54.99500      8.94900
     -54.92100      9.59410
     -54.84200     10.24000
     -54.75600     10.88800
     -54.66500     11.53700
     -54.56800     12.18700
     -54.46500     12.84000
     -54.35600     13.49300
     -54.24000     14.14900
     -54.11700     14.80700
     -53.98800     15.46600
     -53.85100     16.12800
     -53.70800     16.79100
     -53.55700     17.45800
     -53.39800     18.12600
     -53.23100     18.79700
     -53.05600     19.47100
     -52.87200     20.14800
     -52.67900     20.82700
     -52.47600     21.51000
     -52.26400     22.19600
     -52.04200     22.88500
     -51.80900     23.57800
     -51.56500     24.27500
     -51.30900     24.97500
     -51.04100     25.67900
     -50.75900     26.38800
     -50.46500     27.10100
     -50.15500     27.81800
     -49.83000     28.54000
     -49.48900     29.26800
     -49.13100     30.00000
     -48.75400     30.73800
     -48.35800     31.48100
     -47.94100     32.23100
     -47.50200     32.98700
     -47.03800     33.74900
     -46.54800     34.51800
     -46.03000     35.29400
     -45.48200     36.07800
     -44.90100     36.87000
     -44.28300     37.67000
     -43.62600     38.47900
     -42.92500     39.29600
     -42.17700     40.12400
     -41.37400     40.96200
     -40.51300     41.81000
     -39.58400     42.67000
     -38.57900     43.54200
     -37.48700     44.42700
     -36.29500     45.32500
     -34.98700     46.23800
     -33.54100     47.16700
     -31.92900     48.11100
     -30.11400     49.07400
     -28.04300     50.05500
     -25.63600     51.05800
     -22.76400     52.08200
     -19.18800     53.13000
     -14.34100     54.20500
      -5.37200     55.30800
</sweep>
<sweep>
      -8.94600    -54.20500
     -15.64200    -53.13000
     -19.91700    -52.08200
     -23.18500    -51.05800
     -25.85500    -50.05500
     -28.11700    -49.07400
     -30.07800    -48.11100
     -31.80600    -47.16700
     -33.34800    -46.23800
     -34.73600    -45.32500
     -35.99700    -44.42700
     -37.14800    -43.54200
     -38.20500    -42.67000
     -39.18000    -41.81000
     -40.08200    -40.96200
     -40.92100    -40.12400
     -41.70300    -39.29600
     -42.43400    -38.47900
     -43.11900    -37.67000
     -43.76200    -36.87000
     -44.36600    -36.07800
     -44.93600    -35.29400
     -45.47400    -34.51800
     -45.98200    -33.74900
     -46.46300    -32.98700
     -46.91900    -32.23100
     -47.35100    -31.48100
     -47.76200    -30.73800
     -48.15200    -30.00000
     -48.52200    -29.26800
     -48.87500    -28.54000
     -49.21100    -27.81800
     -49.53100    -27.10100
     -49.83600    -26.38800
     -50.12600    -25.67900
     -50.40300    -24.97500
     -50.66800    -24.27500
     -50.92000    -23.57800
     -51.16000    -22.88500
     -51.39000    -22.19600
     -51.60900    -21.51000
     -51.81700    -20.82700
     -52.01600    -20.14800
     -52.20600    -19.47100
     -52.38700    -18.79700
     -52.55900    -18.12600
     -52.72300    -17.45800
     -52.87800    -16.79100
     -53.02600    -16.12800
     -53.16700    -15.46600
     -53.30000    -14.80700
     -53.42600    -14.14900
     -53.54600    -13.49300
     -53.65900    -12.84000
     -53.76500    -12.18700
     -53.86500    -11.53700
     -53.95900    -10.88800
     -54.04600    -10.24000
     -54.12800     -9.59410
     -54.20400     -8.94900
     -54.27500     -8.30510
     -54.33900     -7.66230
     -54.39900     -7.02040
     -54.45300     -6.37940
     -54.50100     -5.73920
     -54.54400     -5.09970
     -54.58200     -4.46080
     -54.61500     -3.82260
     -54.64300     -3.18470
     -54.66500     -2.54730
     -54.68300     -1.91020
     -54.69600     -1.27330
     -54.70300     -0.63663
     -54.70600      0.00000
     -54.70300      0.63663
     -54.69600      1.27330
     -54.68300      1.91020
     -54.66500      2.54730
     -54.64300      3.18470
     -54.61500      3.82260
     -54.58200      4.46080
     -54.54400      5.09970
     -54.50100      5.73920
     -54.45300      6.37940
     -54.39900      7.02040
     -54.33900      7.66230
     -54.27500      8.30510
     -54.20400      8.94900
     -54.12800      9.59410
     -54.04600     10.24000
     -53.95900     10.88800
     -53.86500     11.53700
     -53.76500     12.18700
     -53.65900     12.84000
     -53.54600     13.49300
     -53.42600     14.14900
     -53.30000     14.80700
     -53.16700     15.46600
     -53.02600     16.12800
     -52.87800     16.79100
     -52.72300     17.45800
     -52.55900     18.12600
     -52.38700     18.79700
     -52.20600     19.47100
     -52.01600     20.14800
     -51.81700     20.82700
     -51.60900     21.51000
     -51.39000     22.19600
     -51.16000     22.88500
     -50.92000     23.57800
     -50.66800     24.27500
     -50.40300     24.97500
     -50.12600     25.67900
     -49.83600     26.38800
     -49.53100     27.10100
     -49.21100     27.81800
     -48.87500     28.54000
     -48.52200     29.26800
     -48.15200     30.00000
     -47.76200     30.73800
     -47.35100     31.48100
     -46.91900     32.23100
     -46.46300     32.98700
     -45.98200     33.74900
     -45.47400     34.51800
     -44.93600     35.29400
     -44.36600     36.07800
     -43.76200     36.87000
     -43.11900     37.67000
     -42.43400     38.47900
     -41.70300     39.29600
     -40.92100     40.12400
     -40.08200     40.96200
     -39.18000     41.81000
     -38.20500     42.67000
     -37.14800     43.54200
     -35.99700     44.42700
     -34.73600     45.32500
     -33.34800     46.23800
     -31.80600     47.16700
     -30.07800     48.11100
     -28.11700     49.07400
     -25.85500     50.05500
     -23.18500     51.05800
     -19.91700     52.08200
     -15.64200     53.13000
      -8.94600     54.20500
</sweep>
<sweep>
     -11.04400    -53.13000
     -16.61100    -52.08200
     -20.46000    -51.05800
     -23.47900    -50.05500
     -25.97900    -49.07400
     -28.11700    -48.11100
     -29.98200    -47.16700
     -31.63400    -46.23800
     -33.11400    -45.32500
     -34.45100    -44.42700
     -35.66800    -43.54200
     -36.78200    -42.67000
     -37.80700    -41.81000
     -38.75500    -40.96200
     -39.63300    -40.12400
     -40.45100    -39.29600
     -41.21500    -38.47900
     -41.92900    -37.67000
     -42.59900    -36.87000
     -43.22800    -36.07800
     -43.82100    -35.29400
     -44.38000    -34.51800
     -44.90800    -33.74900
     -45.40700    -32.98700
     -45.88000    -32.23100
     -46.32800    -31.48100
     -46.75300    -30.73800
     -47.15700    -30.00000
     -47.54100    -29.26800
     -47.90600    -28.54000
     -48.25300    -27.81800
     -48.58400    -27.10100
     -48.89900    -26.38800
     -49.20000    -25.67900
     -49.48600    -24.97500
     -49.75900    -24.27500
     -50.01900    -23.57800
     -50.26800    -22.88500
     -50.50400    -22.19600
     -50.73000    -21.51000
     -50.94500    -20.82700
     -51.15100    -20.14800
     -51.34600    -19.47100
     -51.53300    -18.79700
     -51.71000    -18.12600
     -51.87900    -17.45800
     -52.04000    -16.79100
     -52.19200    -16.12800
     -52.33700    -15.46600
     -52.47400    -14.80700
     -52.60500    -14.14900
     -52.72800    -13.49300
     -52.84400    -12.84000
     -52.95300    -12.18700
     -53.05600    -11.53700
     -53.15300    -10.88800
     -53.24300    -10.24000
     -53.32700     -9.59410
     -53.40600     -8.94900
     -53.47800     -8.30510
     -53.54500     -7.66230
     -53.60600     -7.02040
     -53.66100     -6.37940
     -53.71100     -5.73920
     -53.75600     -5.09970
     -53.79500     -4.46080
     -53.82900     -3.82260
     -53.85700     -3.18470
     -53.88000     -2.54730
     -53.89900     -1.91020
     -53.91100     -1.27330
     -53.91900     -0.63663
     -53.92200      0.00000
     -53.91900      0.63663
     -53.91100      1.27330
     -53.89900      1.91020
     -53.88000      2.54730
     -53.85700      3.18470
     -53.82900      3.82260
     -53.79500      4.46080
     -53.75600      5.09970
     -53.71100      5.73920
     -53.66100      6.37940
     -53.60600      7.02040
     -53.54500      7.66230
     -53.47800      8.30510
     -53.40600      8.94900
     -53.32700      9.59410
     -53.24300     10.24000
     -53.15300     10.88800
     -53.05600     11.53700
     -52.95300     12.18700
     -52.84400     12.84000
     -52.72800     13.49300
     -52.60500     14.14900
     -52.47400     14.80700
     -52.33700     15.46600
     -52.19200     16.12800
     -52.04000     16.79100
     -51.87900     17.45800
     -51.71000     18.12600
     -51.53300     18.79700
     -51.34600     19.47100
     -51.15100     20.14800
     -50.94500     20.82700
     -50.73000     21.51000
     -50.50400     22.19600
     -50.26800     22.88500
     -50.01900     23.57800
     -49.75900     24.27500
     -49.48600     24.97500
     -49.20000     25.67900
     -48.89900     26.38800
     -48.58400     27.10100
     -48.25300     27.81800
     -47.90600     28.54000
     -47.54100     29.26800
     -47.15700     30.00000
     -46.75300     30.73800
     -46.32800     31.48100
     -45.88000     32.23100
     -45.40700     32.98700
     -44.90800     33.74900
     -44.38000     34.51800
     -43.82100     35.29400
     -43.22800     36.07800
     -42.59900     36.87000
     -41.92900     37.67000
     -41.21500     38.47900
     -40.45100     39.29600
     -39.63300     40.12400
     -38.75500     40.96200
     -37.80700     41.81000
     -36.78200     42.67000
     -35.66800     43.54200
     -34.45100     44.42700
     -33.11400     45.32500
     -31.63400     46.23800
     -29.98200     47.16700
     -28.11700     48.11100
     -25.97900     49.07400
     -23.47900     50.05500
     -20.46000     51.05800
     -16.61100     52.08200
     -11.04400     53.13000
</sweep>
<sweep>
     -12.48700    -52.08200
     -17.33200    -51.05800
     -20.85000    -50.05500
     -23.66400    -49.07400
     -26.02200    -48.11100
     -28.05200    -47.16700
     -29.83300    -46.23800
     -31.41800    -45.32500
     -32.84200    -44.42700
     -34.13300    -43.54200
     -35.31100    -42.67000
     -36.39100    -41.81000
     -37.38700    -40.96200
     -38.31000    -40.12400
     -39.16600    -39.29600
     -39.96500    -38.47900
     -40.71100    -37.67000
     -41.41000    -36.87000
     -42.06600    -36.07800
     -42.68300    -35.29400
     -43.26400    -34.51800
     -43.81300    -33.74900
     -44.33100    -32.98700
     -44.82200    -32.23100
     -45.28700    -31.48100
     -45.72800    -30.73800
     -46.14600    -30.00000
     -46.54400    -29.26800
     -46.92200    -28.54000
     -47.28100    -27.81800
     -47.62300    -27.10100
     -47.94900    -26.38800
     -48.26000    -25.67900
     -48.55600    -24.97500
     -48.83800    -24.27500
     -49.10700    -23.57800
     -49.36300    -22.88500
     -49.60700    -22.19600
     -49.84100    -21.51000
     -50.06300    -20.82700
     -50.27500    -20.14800
     -50.47600    -19.47100
     -50.66900    -18.79700
     -50.85200    -18.12600
     -51.02600    -17.45800
     -51.19100    -16.79100
     -51.34900    -16.12800
     -51.49800    -15.46600
     -51.63900    -14.80700
     -51.77400    -14.14900
     -51.90000    -13.49300
     -52.02000    -12.84000
     -52.13300    -12.18700
     -52.23900    -11.53700
     -52.33800    -10.88800
     -52.43100    -10.24000
     -52.51800     -9.59410
     -52.59900     -8.94900
     -52.67300     -8.30510
     -52.74200     -7.66230
     -52.80500     -7.02040
     -52.86200     -6.37940
     -52.91300     -5.73920
     -52.95900     -5.09970
     -52.99900     -4.46080
     -53.03400     -3.82260
     -53.06400     -3.18470
     -53.08800     -2.54730
     -53.10600     -1.91020
     -53.11900     -1.27330
     -53.12700     -0.63663
     -53.13000      0.00000
     -53.12700      0.63663
     -53.11900      1.27330
     -53.10600      1.91020
     -53.08800      2.54730
     -53.06400      3.18470
     -53.03400      3.82260
     -52.99900      4.46080
     -52.95900      5.09970
     -52.91300      5.73920
     -52.86200      6.37940
     -52.80500      7.02040
     -52.74200      7.66230
     -52.67300      8.30510
     -52.59900      8.94900
     -52.51800      9.59410
     -52.43100     10.24000
     -52.33800     10.88800
     -52.23900     11.53700
     -52.13300     12.18700
     -52.02000     12.84000
     -51.90000     13.49300
     -51.77400     14.14900
     -51.63900     14.80700
     -51.49800     15.46600
     -51.34900     16.12800
     -51.19100     16.79100
     -51.02600     17.45800
     -50.85200     18.12600
     -50.66900     18.79700
     -50.47600     19.47100
     -50.27500     20.14800
     -50.06300     20.82700
     -49.84100     21.51000
     -49.60700     22.19600
     -49.36300     22.88500
     -49.10700     23.57800
     -48.83800     24.27500
     -48.55600     24.97500
     -48.26000     25.67900
     -47.94900     26.38800
     -47.62300     27.10100
     -47.28100     27.81800
     -46.92200     28.54000
     -46.54400     29.26800
     -46.14600     30.00000
     -45.72800     30.73800
     -45.28700     31.48100
     -44.82200     32.23100
     -44.33100     32.98700
     -43.81300     33.74900
     -43.26400     34.51800
     -42.68300     35.29400
     -42.06600     36.07800
     -41.41000     36.87000
     -40.71100     37.67000
     -39.96500     38.47900
     -39.16600     39.29600
     -38.31000     40.12400
     -37.38700     40.96200
     -36.39100     41.81000
     -35.31100     42.67000
     -34.13300     43.54200
     -32.84200     44.42700
     -31.41800     45.32500
     -29.83300     46.23800
     -28.05200     47.16700
     -26.02200     48.11100
     -23.66400     49.07400
     -20.85000     50.05500
     -17.33200     51.05800
     -12.48700     52.08200
</sweep>
<sweep>
      -6.05200    -52.08200
     -13.52400    -51.05800
     -17.85800    -50.05500
     -21.11300    -49.07400
     -23.75600    -48.11100
     -25.99100    -47.16700
     -27.92700    -46.23800
     -29.63500    -45.32500
     -31.16000    -44.42700
     -32.53500    -43.54200
     -33.78400    -42.67000
     -34.92600    -41.81000
     -35.97600    -40.96200
     -36.94600    -40.12400
     -37.84500    -39.29600
     -38.68100    -38.47900
     -39.46200    -37.67000
     -40.19200    -36.87000
     -40.87600    -36.07800
     -41.51900    -35.29400
     -42.12500    -34.51800
     -42.69500    -33.74900
     -43.23400    -32.98700
     -43.74400    -32.23100
     -44.22700    -31.48100
     -44.68400    -30.73800
     -45.11800    -30.00000
     -45.53000    -29.26800
     -45.92100    -28.54000
     -46.29400    -27.81800
     -46.64800    -27.10100
     -46.98500    -26.38800
     -47.30600    -25.67900
     -47.61200    -24.97500
     -47.90300    -24.27500
     -48.18100    -23.57800
     -48.44600    -22.88500
     -48.69900    -22.19600
     -48.93900    -21.51000
     -49.16900    -20.82700
     -49.38700    -20.14800
     -49.59500    -19.47100
     -49.79400    -18.79700
     -49.98200    -18.12600
     -50.16200    -17.45800
     -50.33300    -16.79100
     -50.49500    -16.12800
     -50.64900    -15.46600
     -50.79500    -14.80700
     -50.93300    -14.14900
     -51.06400    -13.49300
     -51.18700    -12.84000
     -51.30300    -12.18700
     -51.41200    -11.53700
     -51.51500    -10.88800
     -51.61100    -10.24000
     -51.70000     -9.59410
     -51.78300     -8.94900
     -51.86000     -8.30510
     -51.93100     -7.66230
     -51.99500     -7.02040
     -52.05400     -6.37940
     -52.10700     -5.73920
     -52.15400     -5.09970
     -52.19600     -4.46080
     -52.23100     -3.82260
     -52.26200     -3.18470
     -52.28600     -2.54730
     -52.30600     -1.91020
     -52.31900     -1.27330
     -52.32700     -0.63663
     -52.33000      0.00000
     -52.32700      0.63663
     -52.31900      1.27330
     -52.30600      1.91020
     -52.28600      2.54730
     -52.26200      3.18470
     -52.23100      3.82260
     -52.19600      4.46080
     -52.15400      5.09970
     -52.10700      5.73920
     -52.05400      6.37940
     -51.99500      7.02040
     -51.93100      7.66230
     -51.86000      8.30510
     -51.78300      8.94900
     -51.70000      9.59410
     -51.61100     10.24000
     -51.51500     10.88800
     -51.41200     11.53700
     -51.30300     12.18700
     -51.18700     12.84000
     -51.06400     13.49300
     -50.93300     14.14900
     -50.79500     14.80700
     -50.64900     15.46600
     -50.49500     16.12800
     -50.33300     16.79100
     -50.16200     17.45800
     -49.98200     18.12600
     -49.79400     18.79700
     -49.59500     19.47100
     -49.38700     20.14800
     -49.16900     20.82700
     -48.93900     21.51000
     -48.69900     22.19600
     -48.44600     22.88500
     -48.18100     23.57800
     -47.90300     24.27500
     -47.61200     24.97500
     -47.30600     25.67900
     -46.98500     26.38800
     -46.64800     27.10100
     -46.29400     27.81800
     -45.92100     28.54000
     -45.53000     29.26800
     -45.11800     30.00000
     -44.68400     30.73800
     -44.22700     31.48100
     -43.74400     32.23100
     -43.23400     32.98700
     -42.69500     33.74900
     -42.12500     34.51800
     -41.51900     35.29400
     -40.87600     36.07800
     -40.19200     36.87000
     -39.46200     37.67000
     -38.68100     38.47900
     -37.84500     39.29600
     -36.94600     40.12400
     -35.97600     40.96200
     -34.92600     41.81000
     -33.78400     42.67000
     -32.53500     43.54200
     -31.16000     44.42700
     -29.63500     45.32500
     -27.92700     46.23800
     -25.99100     47.16700
     -23.75600     48.11100
     -21.11300     49.07400
     -17.85800     50.05500
     -13.52400     51.05800
      -6.05200     52.08200
</sweep>
<sweep>
      -8.13000    -51.05800
     -14.27500    -50.05500
     -18.22500    -49.07400
     -21.26500    -48.11100
     -23.76500    -47.16700
     -25.89400    -46.23800
     -27.74900    -45.32500
     -29.39200    -44.42700
     -30.86300    -43.54200
     -32.19300    -42.67000
     -33.40500    -41.81000
     -34.51500    -40.96200
     -35.53800    -40.12400
     -36.48300    -39.29600
     -37.36100    -38.47900
     -38.17900    -37.67000
     -38.94200    -36.87000
     -39.65800    -36.07800
     -40.32900    -35.29400
     -40.96000    -34.51800
     -41.55400    -33.74900
     -42.11500    -32.98700
     -42.64500    -32.23100
     -43.14600    -31.48100
     -43.62100    -30.73800
     -44.07100    -30.00000
     -44.49800    -29.26800
     -44.90400    -28.54000
     -45.28900    -27.81800
     -45.65600    -27.10100
     -46.00500    -26.38800
     -46.33700    -25.67900
     -46.65400    -24.97500
     -46.95500    -24.27500
     -47.24200    -23.57800
     -47.51600    -22.88500
     -47.77700    -22.19600
     -48.02500    -21.51000
     -48.26200    -20.82700
     -48.48800    -20.14800
     -48.70300    -19.47100
     -48.90700    -18.79700
     -49.10200    -18.12600
     -49.28700    -17.45800
     -49.46300    -16.79100
     -49.63100    -16.12800
     -49.78900    -15.46600
     -49.94000    -14.80700
     -50.08200    -14.14900
     -50.21700    -13.49300
     -50.34400    -12.84000
     -50.46400    -12.18700
     -50.57600    -11.53700
     -50.68200    -10.88800
     -50.78000    -10.24000
     -50.87200     -9.59410
     -50.95800     -8.94900
     -51.03700     -8.30510
     -51.11000     -7.66230
     -51.17700     -7.02040
     -51.23700     -6.37940
     -51.29200     -5.73920
     -51.34000     -5.09970
     -51.38300     -4.46080
     -51.42000     -3.82260
     -51.45100     -3.18470
     -51.47600     -2.54730
     -51.49600     -1.91020
     -51.51000     -1.27330
     -51.51900     -0.63663
     -51.52100      0.00000
     -51.51900      0.63663
     -51.51000      1.27330
     -51.49600      1.91020
     -51.47600      2.54730
     -51.45100      3.18470
     -51.42000      3.82260
     -51.38300      4.46080
     -51.34000      5.09970
     -51.29200      5.73920
     -51.23700      6.37940
     -51.17700      7.02040
     -51.11000      7.66230
     -51.03700      8.30510
     -50.95800      8.94900
     -50.87200      9.59410
     -50.78000     10.24000
     -50.68200     10.88800
     -50.57600     11.53700
     -50.46400     12.18700
     -50.34400     12.84000
     -50.21700     13.49300
     -50.08200     14.14900
     -49.94000     14.80700
     -49.78900     15.46600
     -49.63100     16.12800
     -49.46300     16.79100
     -49.28700     17.45800
     -49.10200     18.12600
     -48.90700     18.79700
     -48.70300     19.47100
     -48.48800     20.14800
     -48.26200     20.82700
     -48.02500     21.51000
     -47.77700     22.19600
     -47.51600     22.88500
     -47.24200     23.57800
     -46.95500     24.27500
     -46.65400     24.97500
     -46.33700     25.67900
     -46.00500     26.38800
     -45.65600     27.10100
     -45.28900     27.81800
     -44.90400     28.54000
     -44.49800     29.26800
     -44.07100     30.00000
     -43.62100     30.73800
     -43.14600     31.48100
     -42.64500     32.23100
     -42.11500     32.98700
     -41.55400     33.74900
     -40.96000     34.51800
     -40.32900     35.29400
     -39.65800     36.07800
     -38.94200     36.87000
     -38.17900     37.67000
     -37.36100     38.47900
     -36.48300     39.29600
     -35.53800     40.12400
     -34.51500     40.96200
     -33.40500     41.81000
     -32.19300     42.67000
     -30.86300     43.54200
     -29.39200     44.42700
     -27.74900     45.32500
     -25.89400     46.23800
     -23.76500     47.16700
     -21.26500     48.11100
     -18.22500     49.07400
     -14.27500     50.05500
      -8.13000     51.05800
</sweep>
<sweep>
      -9.44900    -50.05500
     -14.80600    -49.07400
     -18.45900    -48.11100
     -21.32200    -47.16700
     -23.69900    -46.23800
     -25.73700    -45.32500
     -27.52100    -44.42700
     -29.10600    -43.54200
     -30.53000    -42.67000
     -31.82000    -41.81000
     -32.99800    -40.96200
     -34.07900    -40.12400
     -35.07600    -39.29600
     -36.00000    -38.47900
     -36.85800    -37.67000
     -37.65800    -36.87000
     -38.40700    -36.07800
     -39.10800    -35.29400
     -39.76600    -34.51800
     -40.38600    -33.74900
     -40.97000    -32.98700
     -41.52200    -32.23100
     -42.04300    -31.48100
     -42.53600    -30.73800
     -43.00400    -30.00000
     -43.44700    -29.26800
     -43.86800    -28.54000
     -44.26700    -27.81800
     -44.64700    -27.10100
     -45.00900    -26.38800
     -45.35300    -25.67900
     -45.68000    -24.97500
     -45.99200    -24.27500
     -46.28900    -23.57800
     -46.57200    -22.88500
     -46.84100    -22.19600
     -47.09800    -21.51000
     -47.34300    -20.82700
     -47.57600    -20.14800
     -47.79800    -19.47100
     -48.00900    -18.79700
     -48.21000    -18.12600
     -48.40100    -17.45800
     -48.58300    -16.79100
     -48.75500    -16.12800
     -48.91900    -15.46600
     -49.07400    -14.80700
     -49.22100    -14.14900
     -49.35900    -13.49300
     -49.49000    -12.84000
     -49.61400    -12.18700
     -49.73000    -11.53700
     -49.83900    -10.88800
     -49.94000    -10.24000
     -50.03500     -9.59410
     -50.12300     -8.94900
     -50.20500     -8.30510
     -50.28000     -7.66230
     -50.34800     -7.02040
     -50.41100     -6.37940
     -50.46700     -5.73920
     -50.51700     -5.09970
     -50.56100     -4.46080
     -50.59900     -3.82260
     -50.63100     -3.18470
     -50.65700     -2.54730
     -50.67700     -1.91020
     -50.69200     -1.27330
     -50.70100     -0.63663
     -50.70400      0.00000
     -50.70100      0.63663
     -50.69200      1.27330
     -50.67700      1.91020
     -50.65700      2.54730
     -50.63100      3.18470
     -50.59900      3.82260
     -50.56100      4.46080
     -50.51700      5.09970
     -50.46700      5.73920
     -50.41100      6.37940
     -50.34800      7.02040
     -50.28000      7.66230
     -50.20500      8.30510
     -50.12300      8.94900
     -50.03500      9.59410
     -49.94000     10.24000
     -49.83900     10.88800
     -49.73000     11.53700
     -49.61400     12.18700
     -49.49000     12.84000
     -49.35900     13.49300
     -49.22100     14.14900
     -49.07400     14.80700
     -48.91900     15.46600
     -48.75500     16.12800
     -48.58300     16.79100
     -48.40100     17.45800
     -48.21000     18.12600
     -48.00900     18.79700
     -47.79800     19.47100
     -47.57600     20.14800
     -47.34300     20.82700
     -47.09800     21.51000
     -46.84100     22.19600
     -46.57200     22.88500
     -46.28900     23.57800
     -45.99200     24.27500
     -45.68000     24.97500
     -45.35300     25.67900
     -45.00900     26.38800
     -44.64700     27.10100
     -44.26700     27.81800
     -43.86800     28.54000
     -43.44700     29.26800
     -43.00400     30.00000
     -42.53600     30.73800
     -42.04300     31.48100
     -41.52200     32.23100
     -40.97000     32.98700
     -40.38600     33.74900
     -39.76600     34.51800
     -39.10800     35.29400
     -38.40700     36.07800
     -37.65800     36.87000
     -36.85800     37.67000
     -36.00000     38.47900
     -35.07600     39.29600
     -34.07900     40.12400
     -32.99800     40.96200
     -31.82000     41.81000
     -30.53000     42.67000
     -29.10600     43.54200
     -27.52100     44.42700
     -25.73700     45.32500
     -23.69900     46.23800
     -21.32200     47.16700
     -18.45900     48.11100
     -14.80600     49.07400
      -9.44900     50.05500
</sweep>
<sweep>
     -10.34100    -49.07400
     -15.16100    -48.11100
     -18.57700    -47.16700
     -21.29300    -46.23800
     -23.56600    -45.32500
     -25.52400    -44.42700
     -27.24600    -43.54200
     -28.78000    -42.67000
     -30.16100    -41.81000
     -31.41600    -40.96200
     -32.56400    -40.12400
     -33.61800    -39.29600
     -34.59200    -38.47900
     -35.49600    -37.67000
     -36.33600    -36.87000
     -37.12000    -36.07800
     -37.85400    -35.29400
     -38.54300    -34.51800
     -39.19000    -33.74900
     -39.79900    -32.98700
     -40.37300    -32.23100
     -40.91600    -31.48100
     -41.42900    -30.73800
     -41.91500    -30.00000
     -42.37500    -29.26800
     -42.81200    -28.54000
     -43.22600    -27.81800
     -43.62000    -27.10100
     -43.99500    -26.38800
     -44.35100    -25.67900
     -44.69000    -24.97500
     -45.01300    -24.27500
     -45.32000    -23.57800
     -45.61300    -22.88500
     -45.89100    -22.19600
     -46.15700    -21.51000
     -46.40900    -20.82700
     -46.65000    -20.14800
     -46.87900    -19.47100
     -47.09700    -18.79700
     -47.30500    -18.12600
     -47.50200    -17.45800
     -47.69000    -16.79100
     -47.86800    -16.12800
     -48.03600    -15.46600
     -48.19600    -14.80700
     -48.34800    -14.14900
     -48.49100    -13.49300
     -48.62600    -12.84000
     -48.75300    -12.18700
     -48.87300    -11.53700
     -48.98500    -10.88800
     -49.09000    -10.24000
     -49.18700     -9.59410
     -49.27800     -8.94900
     -49.36200     -8.30510
     -49.44000     -7.66230
     -49.51000     -7.02040
     -49.57400     -6.37940
     -49.63200     -5.73920
     -49.68400     -5.09970
     -49.72900     -4.46080
     -49.76800     -3.82260
     -49.80100     -3.18470
     -49.82800     -2.54730
     -49.84900     -1.91020
     -49.86400     -1.27330
     -49.87300     -0.63663
     -49.87600      0.00000
     -49.87300      0.63663
     -49.86400      1.27330
     -49.84900      1.91020
     -49.82800      2.54730
     -49.80100      3.18470
     -49.76800      3.82260
     -49.72900      4.46080
     -49.68400      5.09970
     -49.63200      5.73920
     -49.57400      6.37940
     -49.51000      7.02040
     -49.44000      7.66230
     -49.36200      8.30510
     -49.27800      8.94900
     -49.18700      9.59410
     -49.09000     10.24000
     -48.98500     10.88800
     -48.87300     11.53700
     -48.75300     12.18700
     -48.62600     12.84000
     -48.49100     13.49300
     -48.34800     14.14900
     -48.19600     14.80700
     -48.03600     15.46600
     -47.86800     16.12800
     -47.69000     16.79100
     -47.50200     17.45800
     -47.30500     18.12600
     -47.09700     18.79700
     -46.87900     19.47100
     -46.65000     20.14800
     -46.40900     20.82700
     -46.15700     21.51000
     -45.89100     22.19600
     -45.61300     22.88500
     -45.32000     23.57800
     -45.01300     24.27500
     -44.69000     24.97500
     -44.35100     25.67900
     -43.99500     26.38800
     -43.62000     27.10100
     -43.22600     27.81800
     -42.81200     28.54000
     -42.37500     29.26800
     -41.91500     30.00000
     -41.42900     30.73800
     -40.91600     31.48100
     -40.37300     32.23100
     -39.79900     32.98700
     -39.19000     33.74900
     -38.54300     34.51800
     -37.85400     35.29400
     -37.12000     36.07800
     -36.33600     36.87000
     -35.49600     37.67000
     -34.59200     38.47900
     -33.61800     39.29600
     -32.56400     40.12400
     -31.41600     40.96200
     -30.16100     41.81000
     -28.78000     42.67000
     -27.24600     43.54200
     -25.52400     44.42700
     -23.56600     45.32500
     -21.29300     46.23800
     -18.57700     47.16700
     -15.16100     48.11100
     -10.34100     49.07400
</sweep>
<sweep>
     -10.93800    -48.11100
     -15.36900    -47.16700
     -18.59500    -46.23800
     -21.18700    -45.32500
     -23.37000    -44.42700
     -25.26000    -43.54200
     -26.92600    -42.67000
     -28.41500    -41.81000
     -29.75900    -40.96200
     -30.98200    -40.12400
     -32.10200    -39.29600
     -33.13300    -38.47900
     -34.08600    -37.67000
     -34.97100    -36.87000
     -35.79500    -36.07800
     -36.56500    -35.29400
     -37.28500    -34.51800
     -37.96200    -33.74900
     -38.59800    -32.98700
     -39.19700    -32.23100
     -39.76300    -31.48100
     -40.29700    -30.73800
     -40.80200    -30.00000
     -41.28100    -29.26800
     -41.73400    -28.54000
     -42.16500    -27.81800
     -42.57400    -27.10100
     -42.96200    -26.38800
     -43.33100    -25.67900
     -43.68200    -24.97500
     -44.01700    -24.27500
     -44.33500    -23.57800
     -44.63700    -22.88500
     -44.92600    -22.19600
     -45.20000    -21.51000
     -45.46200    -20.82700
     -45.71000    -20.14800
     -45.94700    -19.47100
     -46.17200    -18.79700
     -46.38700    -18.12600
     -46.59000    -17.45800
     -46.78400    -16.79100
     -46.96800    -16.12800
     -47.14200    -15.46600
     -47.30700    -14.80700
     -47.46300    -14.14900
     -47.61100    -13.49300
     -47.75000    -12.84000
     -47.88100    -12.18700
     -48.00400    -11.53700
     -48.12000    -10.88800
     -48.22800    -10.24000
     -48.32900     -9.59410
     -48.42200     -8.94900
     -48.50900     -8.30510
     -48.58900     -7.66230
     -48.66100     -7.02040
     -48.72800     -6.37940
     -48.78700     -5.73920
     -48.84000     -5.09970
     -48.88700     -4.46080
     -48.92700     -3.82260
     -48.96100     -3.18470
     -48.98900     -2.54730
     -49.01100     -1.91020
     -49.02600     -1.27330
     -49.03500     -0.63663
     -49.03800      0.00000
     -49.03500      0.63663
     -49.02600      1.27330
     -49.01100      1.91020
     -48.98900      2.54730
     -48.96100      3.18470
     -48.92700      3.82260
     -48.88700      4.46080
     -48.84000      5.09970
     -48.78700      5.73920
     -48.72800      6.37940
     -48.66100      7.02040
     -48.58900      7.66230
     -48.50900      8.30510
     -48.42200      8.94900
     -48.32900      9.59410
     -48.22800     10.24000
     -48.12000     10.88800
     -48.00400     11.53700
     -47.88100     12.18700
     -47.75000     12.84000
     -47.61100     13.49300
     -47.46300     14.14900
     -47.30700     14.80700
     -47.14200     15.46600
     -46.96800     16.12800
     -46.78400     16.79100
     -46.59000     17.45800
     -46.38700     18.12600
     -46.17200     18.79700
     -45.94700     19.47100
     -45.71000     20.14800
     -45.46200     20.82700
     -45.20000     21.51000
     -44.92600     22.19600
     -44.63700     22.88500
     -44.33500     23.57800
     -44.01700     24.27500
     -43.68200     24.97500
     -43.33100     25.67900
     -42.96200     26.38800
     -42.57400     27.10100
     -42.16500     27.81800
     -41.73400     28.54000
     -41.28100     29.26800
     -40.80200     30.00000
     -40.29700     30.73800
     -39.76300     31.48100
     -39.19700     32.23100
     -38.59800     32.98700
     -37.96200     33.74900
     -37.28500     34.51800
     -36.56500     35.29400
     -35.79500     36.07800
     -34.97100     36.87000
     -34.08600     37.67000
     -33.13300     38.47900
     -32.10200     39.29600
     -30.98200     40.12400
     -29.75900     40.96200
     -28.41500     41.81000
     -26.92600     42.67000
     -25.26000     43.54200
     -23.37000     44.42700
     -21.18700     45.32500
     -18.59500     46.23800
     -15.36900     47.16700
     -10.93800     48.11100
</sweep>
<sweep>
      -3.16400    -48.11100
     -11.31000    -47.16700
     -15.45000    -46.23800
     -18.52100    -45.32500
     -21.01000    -44.42700
     -23.11600    -43.54200
     -24.94700    -42.67000
     -26.56500    -41.81000
     -28.01400    -40.96200
     -29.32500    -40.12400
     -30.51900    -39.29600
     -31.61400    -38.47900
     -32.62300    -37.67000
     -33.55700    -36.87000
     -34.42500    -36.07800
     -35.23400    -35.29400
     -35.99100    -34.51800
     -36.69900    -33.74900
     -37.36500    -32.98700
     -37.99100    -32.23100
     -38.58100    -31.48100
     -39.13800    -30.73800
     -39.66400    -30.00000
     -40.16200    -29.26800
     -40.63400    -28.54000
     -41.08100    -27.81800
     -41.50600    -27.10100
     -41.90900    -26.38800
     -42.29200    -25.67900
     -42.65600    -24.97500
     -43.00200    -24.27500
     -43.33200    -23.57800
     -43.64500    -22.88500
     -43.94400    -22.19600
     -44.22800    -21.51000
     -44.49800    -20.82700
     -44.75500    -20.14800
     -45.00000    -19.47100
     -45.23300    -18.79700
     -45.45400    -18.12600
     -45.66500    -17.45800
     -45.86500    -16.79100
     -46.05400    -16.12800
     -46.23400    -15.46600
     -46.40400    -14.80700
     -46.56600    -14.14900
     -46.71800    -13.49300
     -46.86200    -12.84000
     -46.99700    -12.18700
     -47.12400    -11.53700
     -47.24300    -10.88800
     -47.35500    -10.24000
     -47.45900     -9.59410
     -47.55500     -8.94900
     -47.64400     -8.30510
     -47.72600     -7.66230
     -47.80100     -7.02040
     -47.87000     -6.37940
     -47.93100     -5.73920
     -47.98600     -5.09970
     -48.03400     -4.46080
     -48.07500     -3.82260
     -48.11000     -3.18470
     -48.13900     -2.54730
     -48.16100     -1.91020
     -48.17700     -1.27330
     -48.18700     -0.63663
     -48.19000      0.00000
     -48.18700      0.63663
     -48.17700      1.27330
     -48.16100      1.91020
     -48.13900      2.54730
     -48.11000      3.18470
     -48.07500      3.82260
     -48.03400      4.46080
     -47.98600      5.09970
     -47.93100      5.73920
     -47.87000      6.37940
     -47.80100      7.02040
     -47.72600      7.66230
     -47.64400      8.30510
     -47.55500      8.94900
     -47.45900      9.59410
     -47.35500     10.24000
     -47.24300     10.88800
     -47.12400     11.53700
     -46.99700     12.18700
     -46.86200     12.84000
     -46.71800     13.49300
     -46.56600     14.14900
     -46.40400     14.80700
     -46.23400     15.46600
     -46.05400     16.12800
     -45.86500     16.79100
     -45.66500     17.45800
     -45.45400     18.12600
     -45.23300     18.79700
     -45.00000     19.47100
     -44.75500     20.14800
     -44.49800     20.82700
     -44.22800     21.51000
     -43.94400     22.19600
     -43.64500     22.88500
     -43.33200     23.57800
     -43.00200     24.27500
     -42.65600     24.97500
     -42.29200     25.67900
     -41.90900     26.38800
     -41.50600     27.10100
     -41.08100     27.81800
     -40.63400     28.54000
     -40.16200     29.26800
     -39.66400     30.00000
     -39.13800     30.73800
     -38.58100     31.48100
     -37.99100     32.23100
     -37.36500     32.98700
     -36.69900     33.74900
     -35.99100     34.51800
     -35.23400     35.29400
     -34.42500     36.07800
     -33.55700     36.87000
     -32.62300     37.67000
     -31.61400     38.47900
     -30.51900     39.29600
     -29.32500     40.12400
     -28.01400     40.96200
     -26.56500     41.81000
     -24.94700     42.67000
     -23.11600     43.54200
     -21.01000     44.42700
     -18.52100     45.32500
     -15.45000     46.23800
     -11.31000     47.16700
      -3.16400     48.11100
</sweep>
<sweep>
      -4.49500    -47.16700
     -11.49900    -46.23800
     -15.41800    -45.32500
     -18.36300    -44.42700
     -20.76600    -43.54200
     -22.80800    -42.67000
     -24.58600    -41.81000
     -26.16300    -40.96200
     -27.57700    -40.12400
     -28.85800    -39.29600
     -30.02700    -38.47900
     -31.09900    -37.67000
     -32.08900    -36.87000
     -33.00600    -36.07800
     -33.85900    -35.29400
     -34.65400    -34.51800
     -35.39800    -33.74900
     -36.09600    -32.98700
     -36.75100    -32.23100
     -37.36800    -31.48100
     -37.94900    -30.73800
     -38.49800    -30.00000
     -39.01700    -29.26800
     -39.50800    -28.54000
     -39.97400    -27.81800
     -40.41500    -27.10100
     -40.83400    -26.38800
     -41.23100    -25.67900
     -41.60900    -24.97500
     -41.96800    -24.27500
     -42.31000    -23.57800
     -42.63500    -22.88500
     -42.94400    -22.19600
     -43.23800    -21.51000
     -43.51800    -20.82700
     -43.78400    -20.14800
     -44.03700    -19.47100
     -44.27800    -18.79700
     -44.50700    -18.12600
     -44.72400    -17.45800
     -44.93100    -16.79100
     -45.12600    -16.12800
     -45.31200    -15.46600
     -45.48800    -14.80700
     -45.65500    -14.14900
     -45.81200    -13.49300
     -45.96000    -12.84000
     -46.10000    -12.18700
     -46.23100    -11.53700
     -46.35400    -10.88800
     -46.46900    -10.24000
     -46.57600     -9.59410
     -46.67500     -8.94900
     -46.76700     -8.30510
     -46.85200     -7.66230
     -46.93000     -7.02040
     -47.00000     -6.37940
     -47.06300     -5.73920
     -47.12000     -5.09970
     -47.16900     -4.46080
     -47.21200     -3.82260
     -47.24800     -3.18470
     -47.27800     -2.54730
     -47.30000     -1.91020
     -47.31700     -1.27330
     -47.32700     -0.63663
     -47.33000      0.00000
     -47.32700      0.63663
     -47.31700      1.27330
     -47.30000      1.91020
     -47.27800      2.54730
     -47.24800      3.18470
     -47.21200      3.82260
     -47.16900      4.46080
     -47.12000      5.09970
     -47.06300      5.73920
     -47.00000      6.37940
     -46.93000      7.02040
     -46.85200      7.66230
     -46.76700      8.30510
     -46.67500      8.94900
     -46.57600      9.59410
     -46.46900     10.24000
     -46.35400     10.88800
     -46.23100     11.53700
     -46.10000     12.18700
     -45.96000     12.84000
     -45.81200     13.49300
     -45.65500     14.14900
     -45.48800     14.80700
     -45.31200     15.46600
     -45.12600     16.12800
     -44.93100     16.79100
     -44.72400     17.45800
     -44.50700     18.12600
     -44.27800     18.79700
     -44.03700     19.47100
     -43.78400     20.14800
     -43.51800     20.82700
     -43.23800     21.51000
     -42.94400     22.19600
     -42.63500     22.88500
     -42.31000     23.57800
     -41.96800     24.27500
     -41.60900     24.97500
     -41.23100     25.67900
     -40.83400     26.38800
     -40.41500     27.10100
     -39.97400     27.81800
     -39.50800     28.54000
     -39.01700     29.26800
     -38.49800     30.00000
     -37.94900     30.73800
     -37.36800     31.48100
     -36.75100     32.23100
     -36.09600     32.98700
     -35.39800     33.74900
     -34.65400     34.51800
     -33.85900     35.29400
     -33.00600     36.07800
     -32.08900     36.87000
     -31.09900     37.67000
     -30.02700     38.47900
     -28.85800     39.29600
     -27.57700     40.12400
     -26.16300     40.96200
     -24.58600     41.81000
     -22.80800     42.67000
     -20.76600     43.54200
     -18.36300     44.42700
     -15.41800     45.32500
     -11.49900     46.23800
      -4.49500     47.16700
</sweep>
<sweep>
      -5.13200    -46.23800
     -11.53100    -45.32500
     -15.28300    -44.42700
     -18.12800    -43.54200
     -20.45900    -42.67000
     -22.44600    -41.81000
     -24.18100    -40.96200
     -25.72100    -40.12400
     -27.10500    -39.29600
     -28.35900    -38.47900
     -29.50500    -37.67000
     -30.55800    -36.87000
     -31.53100    -36.07800
     -32.43200    -35.29400
     -33.27100    -34.51800
     -34.05400    -33.74900
     -34.78700    -32.98700
     -35.47400    -32.23100
     -36.12000    -31.48100
     -36.72800    -30.73800
     -37.30100    -30.00000
     -37.84300    -29.26800
     -38.35500    -28.54000
     -38.84000    -27.81800
     -39.29900    -27.10100
     -39.73400    -26.38800
     -40.14800    -25.67900
     -40.54000    -24.97500
     -40.91300    -24.27500
     -41.26700    -23.57800
     -41.60400    -22.88500
     -41.92500    -22.19600
     -42.22900    -21.51000
     -42.51900    -20.82700
     -42.79500    -20.14800
     -43.05700    -19.47100
     -43.30600    -18.79700
     -43.54300    -18.12600
     -43.76800    -17.45800
     -43.98100    -16.79100
     -44.18400    -16.12800
     -44.37600    -15.46600
     -44.55700    -14.80700
     -44.72900    -14.14900
     -44.89200    -13.49300
     -45.04500    -12.84000
     -45.18900    -12.18700
     -45.32400    -11.53700
     -45.45100    -10.88800
     -45.57000    -10.24000
     -45.68000     -9.59410
     -45.78300     -8.94900
     -45.87800     -8.30510
     -45.96500     -7.66230
     -46.04500     -7.02040
     -46.11800     -6.37940
     -46.18300     -5.73920
     -46.24100     -5.09970
     -46.29200     -4.46080
     -46.33600     -3.82260
     -46.37300     -3.18470
     -46.40400     -2.54730
     -46.42700     -1.91020
     -46.44400     -1.27330
     -46.45400     -0.63663
     -46.45800      0.00000
     -46.45400      0.63663
     -46.44400      1.27330
     -46.42700      1.91020
     -46.40400      2.54730
     -46.37300      3.18470
     -46.33600      3.82260
     -46.29200      4.46080
     -46.24100      5.09970
     -46.18300      5.73920
     -46.11800      6.37940
     -46.04500      7.02040
     -45.96500      7.66230
     -45.87800      8.30510
     -45.78300      8.94900
     -45.68000      9.59410
     -45.57000     10.24000
     -45.45100     10.88800
     -45.32400     11.53700
     -45.18900     12.18700
     -45.04500     12.84000
     -44.89200     13.49300
     -44.72900     14.14900
     -44.55700     14.80700
     -44.37600     15.46600
     -44.18400     16.12800
     -43.98100     16.79100
     -43.76800     17.45800
     -43.54300     18.12600
     -43.30600     18.79700
     -43.05700     19.47100
     -42.79500     20.14800
     -42.51900     20.82700
     -42.22900     21.51000
     -41.92500     22.19600
     -41.60400     22.88500
     -41.26700     23.57800
     -40.91300     24.27500
     -40.54000     24.97500
     -40.14800     25.67900
     -39.73400     26.38800
     -39.29900     27.10100
     -38.84000     27.81800
     -38.35500     28.54000
     -37.84300     29.26800
     -37.30100     30.00000
     -36.72800     30.73800
     -36.12000     31.48100
     -35.47400     32.23100
     -34.78700     32.98700
     -34.05400     33.74900
     -33.27100     34.51800
     -32.43200     35.29400
     -31.53100     36.07800
     -30.55800     36.87000
     -29.50500     37.67000
     -28.35900     38.47900
     -27.10500     39.29600
     -25.72100     40.12400
     -24.18100     40.96200
     -22.44600     41.81000
     -20.45900     42.67000
     -18.12800     43.54200
     -15.28300     44.42700
     -11.53100     45.32500
      -5.13200     46.23800
</sweep>
<sweep>
      -5.36500    -45.32500
     -11.42200    -44.42700
     -15.05100    -43.54200
     -17.81800    -42.67000
     -20.09100    -41.81000
     -22.03200    -40.96200
     -23.73000    -40.12400
     -25.23900    -39.29600
     -26.59700    -38.47900
     -27.82900    -37.67000
     -28.95500    -36.87000
     -29.99100    -36.07800
     -30.94700    -35.29400
     -31.83500    -34.51800
     -32.66200    -33.74900
     -33.43300    -32.98700
     -34.15600    -32.23100
     -34.83300    -31.48100
     -35.47100    -30.73800
     -36.07100    -30.00000
     -36.63700    -29.26800
     -37.17200    -28.54000
     -37.67700    -27.81800
     -38.15600    -27.10100
     -38.60900    -26.38800
     -39.03900    -25.67900
     -39.44700    -24.97500
     -39.83500    -24.27500
     -40.20300    -23.57800
     -40.55300    -22.88500
     -40.88500    -22.19600
     -41.20100    -21.51000
     -41.50100    -20.82700
     -41.78700    -20.14800
     -42.05800    -19.47100
     -42.31600    -18.79700
     -42.56100    -18.12600
     -42.79400    -17.45800
     -43.01500    -16.79100
     -43.22400    -16.12800
     -43.42300    -15.46600
     -43.61100    -14.80700
     -43.78800    -14.14900
     -43.95600    -13.49300
     -44.11400    -12.84000
     -44.26300    -12.18700
     -44.40300    -11.53700
     -44.53400    -10.88800
     -44.65700    -10.24000
     -44.77100     -9.59410
     -44.87700     -8.94900
     -44.97500     -8.30510
     -45.06500     -7.66230
     -45.14700     -7.02040
     -45.22200     -6.37940
     -45.28900     -5.73920
     -45.34900     -5.09970
     -45.40200     -4.46080
     -45.44800     -3.82260
     -45.48600     -3.18470
     -45.51700     -2.54730
     -45.54200     -1.91020
     -45.55900     -1.27330
     -45.57000     -0.63663
     -45.57300      0.00000
     -45.57000      0.63663
     -45.55900      1.27330
     -45.54200      1.91020
     -45.51700      2.54730
     -45.48600      3.18470
     -45.44800      3.82260
     -45.40200      4.46080
     -45.34900      5.09970
     -45.28900      5.73920
     -45.22200      6.37940
     -45.14700      7.02040
     -45.06500      7.66230
     -44.97500      8.30510
     -44.87700      8.94900
     -44.77100      9.59410
     -44.65700     10.24000
     -44.53400     10.88800
     -44.40300     11.53700
     -44.26300     12.18700
     -44.11400     12.84000
     -43.95600     13.49300
     -43.78800     14.14900
     -43.61100     14.80700
     -43.42300     15.46600
     -43.22400     16.12800
     -43.01500     16.79100
     -42.79400     17.45800
     -42.56100     18.12600
     -42.31600     18.79700
     -42.05800     19.47100
     -41.78700     20.14800
     -41.50100     20.82700
     -41.20100     21.51000
     -40.88500     22.19600
     -40.55300     22.88500
     -40.20300     23.57800
     -39.83500     24.27500
     -39.44700     24.97500
     -39.03900     25.67900
     -38.60900     26.38800
     -38.15600     27.10100
     -37.67700     27.81800
     -37.17200     28.54000
     -36.63700     29.26800
     -36.07100     30.00000
     -35.47100     30.73800
     -34.83300     31.48100
     -34.15600     32.23100
     -33.43300     32.98700
     -32.66200     33.74900
     -31.83500     34.51800
     -30.94700     35.29400
     -29.99100     36.07800
     -28.95500     36.87000
     -27.82900     37.67000
     -26.59700     38.47900
     -25.23900     39.29600
     -23.73000     40.12400
     -22.03200     40.96200
     -20.09100     41.81000
     -17.81800     42.67000
     -15.05100     43.54200
     -11.42200     44.42700
      -5.36500     45.32500
</sweep>
<sweep>
      -5.28100    -44.42700
     -11.18000    -43.54200
     -14.72700    -42.67000
     -17.43500    -41.81000
     -19.66300    -40.96200
     -21.56800    -40.12400
     -23.23500    -39.29600
     -24.71900    -38.47900
     -26.05400    -37.67000
     -27.26600    -36.87000
     -28.37500    -36.07800
     -29.39500    -35.29400
     -30.33900    -34.51800
     -31.21400    -33.74900
     -32.03000    -32.98700
     -32.79100    -32.23100
     -33.50400    -31.48100
     -34.17400    -30.73800
     -34.80300    -30.00000
     -35.39600    -29.26800
     -35.95500    -28.54000
     -36.48300    -27.81800
     -36.98300    -27.10100
     -37.45600    -26.38800
     -37.90400    -25.67900
     -38.32900    -24.97500
     -38.73200    -24.27500
     -39.11500    -23.57800
     -39.47800    -22.88500
     -39.82300    -22.19600
     -40.15100    -21.51000
     -40.46300    -20.82700
     -40.75900    -20.14800
     -41.04000    -19.47100
     -41.30800    -18.79700
     -41.56200    -18.12600
     -41.80200    -17.45800
     -42.03100    -16.79100
     -42.24800    -16.12800
     -42.45300    -15.46600
     -42.64800    -14.80700
     -42.83100    -14.14900
     -43.00500    -13.49300
     -43.16800    -12.84000
     -43.32200    -12.18700
     -43.46700    -11.53700
     -43.60200    -10.88800
     -43.72900    -10.24000
     -43.84600     -9.59410
     -43.95600     -8.94900
     -44.05700     -8.30510
     -44.15000     -7.66230
     -44.23500     -7.02040
     -44.31200     -6.37940
     -44.38200     -5.73920
     -44.44400     -5.09970
     -44.49800     -4.46080
     -44.54500     -3.82260
     -44.58500     -3.18470
     -44.61700     -2.54730
     -44.64200     -1.91020
     -44.66000     -1.27330
     -44.67100     -0.63663
     -44.67500      0.00000
     -44.67100      0.63663
     -44.66000      1.27330
     -44.64200      1.91020
     -44.61700      2.54730
     -44.58500      3.18470
     -44.54500      3.82260
     -44.49800      4.46080
     -44.44400      5.09970
     -44.38200      5.73920
     -44.31200      6.37940
     -44.23500      7.02040
     -44.15000      7.66230
     -44.05700      8.30510
     -43.95600      8.94900
     -43.84600      9.59410
     -43.72900     10.24000
     -43.60200     10.88800
     -43.46700     11.53700
     -43.32200     12.18700
     -43.16800     12.84000
     -43.00500     13.49300
     -42.83100     14.14900
     -42.64800     14.80700
     -42.45300     15.46600
     -42.24800     16.12800
     -42.03100     16.79100
     -41.80200     17.45800
     -41.56200     18.12600
     -41.30800     18.79700
     -41.04000     19.47100
     -40.75900     20.14800
     -40.46300     20.82700
     -40.15100     21.51000
     -39.82300     22.19600
     -39.47800     22.88500
     -39.11500     23.57800
     -38.73200     24.27500
     -38.32900     24.97500
     -37.90400     25.67900
     -37.45600     26.38800
     -36.98300     27.10100
     -36.48300     27.81800
     -35.95500     28.54000
     -35.39600     29.26800
     -34.80300     30.00000
     -34.17400     30.73800
     -33.50400     31.48100
     -32.79100     32.23100
     -32.03000     32.98700
     -31.21400     33.74900
     -30.33900     34.51800
     -29.39500     35.29400
     -28.37500     36.07800
     -27.26600     36.87000
     -26.05400     37.67000
     -24.71900     38.47900
     -23.23500     39.29600
     -21.56800     40.12400
     -19.66300     40.96200
     -17.43500     41.81000
     -14.72700     42.67000
     -11.18000     43.54200
      -5.28100     44.42700
</sweep>
<sweep>
      -4.89600    -43.54200
     -10.80900    -42.67000
     -14.31200    -41.81000
     -16.98100    -40.96200
     -19.17600    -40.12400
     -21.05300    -39.29600
     -22.69600    -38.47900
     -24.15800    -37.67000
     -25.47400    -36.87000
     -26.67000    -36.07800
     -27.76500    -35.29400
     -28.77200    -34.51800
     -29.70400    -33.74900
     -30.56900    -32.98700
     -31.37400    -32.23100
     -32.12700    -31.48100
     -32.83200    -30.73800
     -33.49300    -30.00000
     -34.11600    -29.26800
     -34.70200    -28.54000
     -35.25500    -27.81800
     -35.77700    -27.10100
     -36.27100    -26.38800
     -36.73900    -25.67900
     -37.18200    -24.97500
     -37.60200    -24.27500
     -38.00000    -23.57800
     -38.37800    -22.88500
     -38.73700    -22.19600
     -39.07800    -21.51000
     -39.40200    -20.82700
     -39.70900    -20.14800
     -40.00100    -19.47100
     -40.27800    -18.79700
     -40.54200    -18.12600
     -40.79100    -17.45800
     -41.02800    -16.79100
     -41.25300    -16.12800
     -41.46500    -15.46600
     -41.66600    -14.80700
     -41.85700    -14.14900
     -42.03600    -13.49300
     -42.20500    -12.84000
     -42.36400    -12.18700
     -42.51400    -11.53700
     -42.65400    -10.88800
     -42.78500    -10.24000
     -42.90600     -9.59410
     -43.01900     -8.94900
     -43.12400     -8.30510
     -43.22000     -7.66230
     -43.30800     -7.02040
     -43.38800     -6.37940
     -43.46000     -5.73920
     -43.52300     -5.09970
     -43.58000     -4.46080
     -43.62800     -3.82260
     -43.66900     -3.18470
     -43.70300     -2.54730
     -43.72800     -1.91020
     -43.74700     -1.27330
     -43.75800     -0.63663
     -43.76200      0.00000
     -43.75800      0.63663
     -43.74700      1.27330
     -43.72800      1.91020
     -43.70300      2.54730
     -43.66900      3.18470
     -43.62800      3.82260
     -43.58000      4.46080
     -43.52300      5.09970
     -43.46000      5.73920
     -43.38800      6.37940
     -43.30800      7.02040
     -43.22000      7.66230
     -43.12400      8.30510
     -43.01900      8.94900
     -42.90600      9.59410
     -42.78500     10.24000
     -42.65400     10.88800
     -42.51400     11.53700
     -42.36400     12.18700
     -42.20500     12.84000
     -42.03600     13.49300
     -41.85700     14.14900
     -41.66600     14.80700
     -41.46500     15.46600
     -41.25300     16.12800
     -41.02800     16.79100
     -40.79100     17.45800
     -40.54200     18.12600
     -40.27800     18.79700
     -40.00100     19.47100
     -39.70900     20.14800
     -39.40200     20.82700
     -39.07800     21.51000
     -38.73700     22.19600
     -38.37800     22.88500
     -38.00000     23.57800
     -37.60200     24.27500
     -37.18200     24.97500
     -36.73900     25.67900
     -36.27100     26.38800
     -35.77700     27.10100
     -35.25500     27.81800
     -34.70200     28.54000
     -34.11600     29.26800
     -33.49300     30.00000
     -32.83200     30.73800
     -32.12700     31.48100
     -31.37400     32.23100
     -30.56900     32.98700
     -29.70400     33.74900
     -28.77200     34.51800
     -27.76500     35.29400
     -26.67000     36.07800
     -25.47400     36.87000
     -24.15800     37.67000
     -22.69600     38.47900
     -21.05300     39.29600
     -19.17600     40.12400
     -16.98100     40.96200
     -14.31200     41.81000
     -10.80900     42.67000
      -4.89600     43.54200
</sweep>
<sweep>
      -4.15600    -42.67000
     -10.30500    -41.81000
     -13.80500    -40.96200
     -16.45500    -40.12400
     -18.62900    -39.29600
     -20.48600    -38.47900
     -22.11100    -37.67000
     -23.55600    -36.87000
     -24.85800    -36.07800
     -26.04100    -35.29400
     -27.12400    -34.51800
     -28.12000    -33.74900
     -29.04200    -32.98700
     -29.89700    -32.23100
     -30.69400    -31.48100
     -31.43900    -30.73800
     -32.13700    -30.00000
     -32.79200    -29.26800
     -33.40800    -28.54000
     -33.98800    -27.81800
     -34.53500    -27.10100
     -35.05200    -26.38800
     -35.54100    -25.67900
     -36.00400    -24.97500
     -36.44200    -24.27500
     -36.85700    -23.57800
     -37.25100    -22.88500
     -37.62500    -22.19600
     -37.97900    -21.51000
     -38.31600    -20.82700
     -38.63600    -20.14800
     -38.93900    -19.47100
     -39.22700    -18.79700
     -39.50000    -18.12600
     -39.75900    -17.45800
     -40.00500    -16.79100
     -40.23700    -16.12800
     -40.45800    -15.46600
     -40.66600    -14.80700
     -40.86300    -14.14900
     -41.04900    -13.49300
     -41.22400    -12.84000
     -41.38900    -12.18700
     -41.54300    -11.53700
     -41.68800    -10.88800
     -41.82300    -10.24000
     -41.94900     -9.59410
     -42.06600     -8.94900
     -42.17400     -8.30510
     -42.27400     -7.66230
     -42.36500     -7.02040
     -42.44700     -6.37940
     -42.52100     -5.73920
     -42.58700     -5.09970
     -42.64500     -4.46080
     -42.69500     -3.82260
     -42.73800     -3.18470
     -42.77200     -2.54730
     -42.79900     -1.91020
     -42.81800     -1.27330
     -42.83000     -0.63663
     -42.83300      0.00000
     -42.83000      0.63663
     -42.81800      1.27330
     -42.79900      1.91020
     -42.77200      2.54730
     -42.73800      3.18470
     -42.69500      3.82260
     -42.64500      4.46080
     -42.58700      5.09970
     -42.52100      5.73920
     -42.44700      6.37940
     -42.36500      7.02040
     -42.27400      7.66230
     -42.17400      8.30510
     -42.06600      8.94900
     -41.94900      9.59410
     -41.82300     10.24000
     -41.68800     10.88800
     -41.54300     11.53700
     -41.38900     12.18700
     -41.22400     12.84000
     -41.04900     13.49300
     -40.86300     14.14900
     -40.66600     14.80700
     -40.45800     15.46600
     -40.23700     16.12800
     -40.00500     16.79100
     -39.75900     17.45800
     -39.50000     18.12600
     -39.22700     18.79700
     -38.93900     19.47100
     -38.63600     20.14800
     -38.31600     20.82700
     -37.97900     21.51000
     -37.62500     22.19600
     -37.25100     22.88500
     -36.85700     23.57800
     -36.44200     24.27500
     -36.00400     24.97500
     -35.54100     25.67900
     -35.05200     26.38800
     -34.53500     27.10100
     -33.98800     27.81800
     -33.40800     28.54000
     -32.79200     29.26800
     -32.13700     30.00000
     -31.43900     30.73800
     -30.69400     31.48100
     -29.89700     32.23100
     -29.04200     32.98700
     -28.12000     33.74900
     -27.12400     34.51800
     -26.04100     35.29400
     -24.85800     36.07800
     -23.55600     36.87000
     -22.11100     37.67000
     -20.48600     38.47900
     -18.62900     39.29600
     -16.45500     40.12400
     -13.80500     40.96200
     -10.30500     41.81000
      -4.15600     42.67000
</sweep>
<sweep>
      -2.83400    -41.81000
      -9.65800    -40.96200
     -13.20100    -40.12400
     -15.85300    -39.29600
     -18.01900    -38.47900
     -19.86500    -37.67000
     -21.47800    -36.87000
     -22.91300    -36.07800
     -24.20400    -35.29400
     -25.37700    -34.51800
     -26.45000    -33.74900
     -27.43700    -32.98700
     -28.35100    -32.23100
     -29.19900    -31.48100
     -29.98900    -30.73800
     -30.72700    -30.00000
     -31.41900    -29.26800
     -32.06800    -28.54000
     -32.67800    -27.81800
     -33.25300    -27.10100
     -33.79500    -26.38800
     -34.30700    -25.67900
     -34.79100    -24.97500
     -35.24900    -24.27500
     -35.68300    -23.57800
     -36.09400    -22.88500
     -36.48400    -22.19600
     -36.85300    -21.51000
     -37.20400    -20.82700
     -37.53600    -20.14800
     -37.85200    -19.47100
     -38.15100    -18.79700
     -38.43500    -18.12600
     -38.70400    -17.45800
     -38.95900    -16.79100
     -39.20000    -16.12800
     -39.42900    -15.46600
     -39.64500    -14.80700
     -39.84900    -14.14900
     -40.04200    -13.49300
     -40.22300    -12.84000
     -40.39400    -12.18700
     -40.55400    -11.53700
     -40.70400    -10.88800
     -40.84400    -10.24000
     -40.97400     -9.59410
     -41.09500     -8.94900
     -41.20700     -8.30510
     -41.31000     -7.66230
     -41.40400     -7.02040
     -41.48900     -6.37940
     -41.56600     -5.73920
     -41.63400     -5.09970
     -41.69400     -4.46080
     -41.74600     -3.82260
     -41.79000     -3.18470
     -41.82500     -2.54730
     -41.85300     -1.91020
     -41.87300     -1.27330
     -41.88500     -0.63663
     -41.88900      0.00000
     -41.88500      0.63663
     -41.87300      1.27330
     -41.85300      1.91020
     -41.82500      2.54730
     -41.79000      3.18470
     -41.74600      3.82260
     -41.69400      4.46080
     -41.63400      5.09970
     -41.56600      5.73920
     -41.48900      6.37940
     -41.40400      7.02040
     -41.31000      7.66230
     -41.20700      8.30510
     -41.09500      8.94900
     -40.97400      9.59410
     -40.84400     10.24000
     -40.70400     10.88800
     -40.55400     11.53700
     -40.39400     12.18700
     -40.22300     12.84000
     -40.04200     13.49300
     -39.84900     14.14900
     -39.64500     14.80700
     -39.42900     15.46600
     -39.20000     16.12800
     -38.95900     16.79100
     -38.70400     17.45800
     -38.43500     18.12600
     -38.15100     18.79700
     -37.85200     19.47100
     -37.53600     20.14800
     -37.20400     20.82700
     -36.85300     21.51000
     -36.48400     22.19600
     -36.09400     22.88500
     -35.68300     23.57800
     -35.24900     24.27500
     -34.79100     24.97500
     -34.30700     25.67900
     -33.79500     26.38800
     -33.25300     27.10100
     -32.67800     27.81800
     -32.06800     28.54000
     -31.41900     29.26800
     -30.72700     30.00000
     -29.98900     30.73800
     -29.19900     31.48100
     -28.35100     32.23100
     -27.43700     32.98700
     -26.45000     33.74900
     -25.37700     34.51800
     -24.20400     35.29400
     -22.91300     36.07800
     -21.47800     36.87000
     -19.86500     37.67000
     -18.01900     38.47900
     -15.85300     39.29600
     -13.20100     40.12400
      -9.65800     40.96200
      -2.83400     41.81000
</sweep>
<sweep>
      -8.84600    -40.12400
     -12.49300    -39.29600
     -15.17200    -38.47900
     -17.34400    -37.67000
     -19.18800    -36.87000
     -20.79700    -36.07800
     -22.22500    -35.29400
     -23.50900    -34.51800
     -24.67500    -33.74900
     -25.74200    -32.98700
     -26.72300    -32.23100
     -27.63000    -31.48100
     -28.47200    -30.73800
     -29.25700    -30.00000
     -29.98900    -29.26800
     -30.67500    -28.54000
     -31.31900    -27.81800
     -31.92500    -27.10100
     -32.49500    -26.38800
     -33.03300    -25.67900
     -33.54100    -24.97500
     -34.02100    -24.27500
     -34.47400    -23.57800
     -34.90400    -22.88500
     -35.31100    -22.19600
     -35.69700    -21.51000
     -36.06200    -20.82700
     -36.40900    -20.14800
     -36.73700    -19.47100
     -37.04900    -18.79700
     -37.34400    -18.12600
     -37.62400    -17.45800
     -37.88900    -16.79100
     -38.14000    -16.12800
     -38.37700    -15.46600
     -38.60100    -14.80700
     -38.81300    -14.14900
     -39.01300    -13.49300
     -39.20100    -12.84000
     -39.37800    -12.18700
     -39.54400    -11.53700
     -39.69900    -10.88800
     -39.84500    -10.24000
     -39.98000     -9.59410
     -40.10500     -8.94900
     -40.22100     -8.30510
     -40.32700     -7.66230
     -40.42400     -7.02040
     -40.51300     -6.37940
     -40.59200     -5.73920
     -40.66300     -5.09970
     -40.72500     -4.46080
     -40.77900     -3.82260
     -40.82400     -3.18470
     -40.86100     -2.54730
     -40.88900     -1.91020
     -40.91000     -1.27330
     -40.92200     -0.63663
     -40.92600      0.00000
     -40.92200      0.63663
     -40.91000      1.27330
     -40.88900      1.91020
     -40.86100      2.54730
     -40.82400      3.18470
     -40.77900      3.82260
     -40.72500      4.46080
     -40.66300      5.09970
     -40.59200      5.73920
     -40.51300      6.37940
     -40.42400      7.02040
     -40.32700      7.66230
     -40.22100      8.30510
     -40.10500      8.94900
     -39.98000      9.59410
     -39.84500     10.24000
     -39.69900     10.88800
     -39.54400     11.53700
     -39.37800     12.18700
     -39.20100     12.84000
     -39.01300     13.49300
     -38.81300     14.14900
     -38.60100     14.80700
     -38.37700     15.46600
     -38.14000     16.12800
     -37.88900     16.79100
     -37.62400     17.45800
     -37.34400     18.12600
     -37.04900     18.79700
     -36.73700     19.47100
     -36.40900     20.14800
     -36.06200     20.82700
     -35.69700     21.51000
     -35.31100     22.19600
     -34.90400     22.88500
     -34.47400     23.57800
     -34.02100     24.27500
     -33.54100     24.97500
     -33.03300     25.67900
     -32.49500     26.38800
     -31.92500     27.10100
     -31.31900     27.81800
     -30.67500     28.54000
     -29.98900     29.26800
     -29.25700     30.00000
     -28.47200     30.73800
     -27.63000     31.48100
     -26.72300     32.23100
     -25.74200     32.98700
     -24.67500     33.74900
     -23.50900     34.51800
     -22.22500     35.29400
     -20.79700     36.07800
     -19.18800     36.87000
     -17.34400     37.67000
     -15.17200     38.47900
     -12.49300     39.29600
      -8.84600     40.12400
</sweep>
<sweep>
      -7.82900    -39.29600
     -11.66700    -38.47900
     -14.40300    -37.67000
     -16.59800    -36.87000
     -18.45100    -36.07800
     -20.06200    -35.29400
     -21.49000    -34.51800
     -22.77200    -33.74900
     -23.93500    -32.98700
     -24.99700    -32.23100
     -25.97400    -31.48100
     -26.87700    -30.73800
     -27.71500    -30.00000
     -28.49500    -29.26800
     -29.22400    -28.54000
     -29.90600    -27.81800
     -30.54600    -27.10100
     -31.14700    -26.38800
     -31.71400    -25.67900
     -32.24800    -24.97500
     -32.75100    -24.27500
     -33.22700    -23.57800
     -33.67800    -22.88500
     -34.10300    -22.19600
     -34.50700    -21.51000
     -34.88800    -20.82700
     -35.25000    -20.14800
     -35.59300    -19.47100
     -35.91800    -18.79700
     -36.22500    -18.12600
     -36.51700    -17.45800
     -36.79200    -16.79100
     -37.05300    -16.12800
     -37.30000    -15.46600
     -37.53300    -14.80700
     -37.75300    -14.14900
     -37.96100    -13.49300
     -38.15600    -12.84000
     -38.34000    -12.18700
     -38.51200    -11.53700
     -38.67300    -10.88800
     -38.82400    -10.24000
     -38.96400     -9.59410
     -39.09400     -8.94900
     -39.21400     -8.30510
     -39.32400     -7.66230
     -39.42500     -7.02040
     -39.51600     -6.37940
     -39.59900     -5.73920
     -39.67200     -5.09970
     -39.73600     -4.46080
     -39.79200     -3.82260
     -39.83900     -3.18470
     -39.87700     -2.54730
     -39.90600     -1.91020
     -39.92800     -1.27330
     -39.94000     -0.63663
     -39.94500      0.00000
     -39.94000      0.63663
     -39.92800      1.27330
     -39.90600      1.91020
     -39.87700      2.54730
     -39.83900      3.18470
     -39.79200      3.82260
     -39.73600      4.46080
     -39.67200      5.09970
     -39.59900      5.73920
     -39.51600      6.37940
     -39.42500      7.02040
     -39.32400      7.66230
     -39.21400      8.30510
     -39.09400      8.94900
     -38.96400      9.59410
     -38.82400     10.24000
     -38.67300     10.88800
     -38.51200     11.53700
     -38.34000     12.18700
     -38.15600     12.84000
     -37.96100     13.49300
     -37.75300     14.14900
     -37.53300     14.80700
     -37.30000     15.46600
     -37.05300     16.12800
     -36.79200     16.79100
     -36.51700     17.45800
     -36.22500     18.12600
     -35.91800     18.79700
     -35.59300     19.47100
     -35.25000     20.14800
     -34.88800     20.82700
     -34.50700     21.51000
     -34.10300     22.19600
     -33.67800     22.88500
     -33.22700     23.57800
     -32.75100     24.27500
     -32.24800     24.97500
     -31.71400     25.67900
     -31.14700     26.38800
     -30.54600     27.10100
     -29.90600     27.81800
     -29.22400     28.54000
     -28.49500     29.26800
     -27.71500     30.00000
     -26.87700     30.73800
     -25.97400     31.48100
     -24.99700     32.23100
     -23.93500     32.98700
     -22.77200     33.74900
     -21.49000     34.51800
     -20.06200     35.29400
     -18.45100     36.07800
     -16.59800     36.87000
     -14.40300     37.67000
     -11.66700     38.47900
      -7.82900     39.29600
</sweep>
<sweep>
      -6.52000    -38.47900
     -10.70200    -37.67000
     -13.53600    -36.87000
     -15.77400    -36.07800
     -17.64900    -35.29400
     -19.27100    -34.51800
     -20.70500    -33.74900
     -21.98900    -32.98700
     -23.15200    -32.23100
     -24.21400    -31.48100
     -25.19000    -30.73800
     -26.09100    -30.00000
     -26.92600    -29.26800
     -27.70300    -28.54000
     -28.42900    -27.81800
     -29.10800    -27.10100
     -29.74500    -26.38800
     -30.34300    -25.67900
     -30.90600    -24.97500
     -31.43700    -24.27500
     -31.93800    -23.57800
     -32.41000    -22.88500
     -32.85700    -22.19600
     -33.28000    -21.51000
     -33.67900    -20.82700
     -34.05800    -20.14800
     -34.41600    -19.47100
     -34.75500    -18.79700
     -35.07600    -18.12600
     -35.38000    -17.45800
     -35.66700    -16.79100
     -35.93900    -16.12800
     -36.19600    -15.46600
     -36.43900    -14.80700
     -36.66800    -14.14900
     -36.88400    -13.49300
     -37.08700    -12.84000
     -37.27700    -12.18700
     -37.45600    -11.53700
     -37.62400    -10.88800
     -37.78000    -10.24000
     -37.92500     -9.59410
     -38.06000     -8.94900
     -38.18500     -8.30510
     -38.29900     -7.66230
     -38.40400     -7.02040
     -38.49900     -6.37940
     -38.58400     -5.73920
     -38.66000     -5.09970
     -38.72700     -4.46080
     -38.78400     -3.82260
     -38.83300     -3.18470
     -38.87200     -2.54730
     -38.90300     -1.91020
     -38.92500     -1.27330
     -38.93800     -0.63663
     -38.94200      0.00000
     -38.93800      0.63663
     -38.92500      1.27330
     -38.90300      1.91020
     -38.87200      2.54730
     -38.83300      3.18470
     -38.78400      3.82260
     -38.72700      4.46080
     -38.66000      5.09970
     -38.58400      5.73920
     -38.49900      6.37940
     -38.40400      7.02040
     -38.29900      7.66230
     -38.18500      8.30510
     -38.06000      8.94900
     -37.92500      9.59410
     -37.78000     10.24000
     -37.62400     10.88800
     -37.45600     11.53700
     -37.27700     12.18700
     -37.08700     12.84000
     -36.88400     13.49300
     -36.66800     14.14900
     -36.43900     14.80700
     -36.19600     15.46600
     -35.93900     16.12800
     -35.66700     16.79100
     -35.38000     17.45800
     -35.07600     18.12600
     -34.75500     18.79700
     -34.41600     19.47100
     -34.05800     20.14800
     -33.67900     20.82700
     -33.28000     21.51000
     -32.85700     22.19600
     -32.41000     22.88500
     -31.93800     23.57800
     -31.43700     24.27500
     -30.90600     24.97500
     -30.34300     25.67900
     -29.74500     26.38800
     -29.10800     27.10100
     -28.42900     27.81800
     -27.70300     28.54000
     -26.92600     29.26800
     -26.09100     30.00000
     -25.19000     30.73800
     -24.21400     31.48100
     -23.15200     32.23100
     -21.98900     32.98700
     -20.70500     33.74900
     -19.27100     34.51800
     -17.64900     35.29400
     -15.77400     36.07800
     -13.53600     36.87000
     -10.70200     37.67000
      -6.52000     38.47900
</sweep>
<sweep>
      -4.69500    -37.67000
      -9.56000    -36.87000
     -12.55500    -36.07800
     -14.86200    -35.29400
     -16.77400    -34.51800
     -18.41800    -33.74900
     -19.86400    -32.98700
     -21.15700    -32.23100
     -22.32500    -31.48100
     -23.38900    -30.73800
     -24.36600    -30.00000
     -25.26700    -29.26800
     -26.10200    -28.54000
     -26.87800    -27.81800
     -27.60200    -27.10100
     -28.28000    -26.38800
     -28.91400    -25.67900
     -29.51100    -24.97500
     -30.07100    -24.27500
     -30.59900    -23.57800
     -31.09700    -22.88500
     -31.56700    -22.19600
     -32.01100    -21.51000
     -32.43000    -20.82700
     -32.82700    -20.14800
     -33.20200    -19.47100
     -33.55700    -18.79700
     -33.89300    -18.12600
     -34.21000    -17.45800
     -34.51000    -16.79100
     -34.79400    -16.12800
     -35.06200    -15.46600
     -35.31500    -14.80700
     -35.55400    -14.14900
     -35.77900    -13.49300
     -35.99000    -12.84000
     -36.18900    -12.18700
     -36.37500    -11.53700
     -36.54900    -10.88800
     -36.71100    -10.24000
     -36.86200     -9.59410
     -37.00200     -8.94900
     -37.13200     -8.30510
     -37.25100     -7.66230
     -37.35900     -7.02040
     -37.45800     -6.37940
     -37.54600     -5.73920
     -37.62500     -5.09970
     -37.69400     -4.46080
     -37.75400     -3.82260
     -37.80400     -3.18470
     -37.84500     -2.54730
     -37.87700     -1.91020
     -37.90000     -1.27330
     -37.91400     -0.63663
     -37.91800      0.00000
     -37.91400      0.63663
     -37.90000      1.27330
     -37.87700      1.91020
     -37.84500      2.54730
     -37.80400      3.18470
     -37.75400      3.82260
     -37.69400      4.46080
     -37.62500      5.09970
     -37.54600      5.73920
     -37.45800      6.37940
     -37.35900      7.02040
     -37.25100      7.66230
     -37.13200      8.30510
     -37.00200      8.94900
     -36.86200      9.59410
     -36.71100     10.24000
     -36.54900     10.88800
     -36.37500     11.53700
     -36.18900     12.18700
     -35.99000     12.84000
     -35.77900     13.49300
     -35.55400     14.14900
     -35.31500     14.80700
     -35.06200     15.46600
     -34.79400     16.12800
     -34.51000     16.79100
     -34.21000     17.45800
     -33.89300     18.12600
     -33.55700     18.79700
     -33.20200     19.47100
     -32.82700     20.14800
     -32.43000     20.82700
     -32.01100     21.51000
     -31.56700     22.19600
     -31.09700     22.88500
     -30.59900     23.57800
     -30.07100     24.27500
     -29.51100     24.97500
     -28.91400     25.67900
     -28.28000     26.38800
     -27.60200     27.10100
     -26.87800     27.81800
     -26.10200     28.54000
     -25.26700     29.26800
     -24.36600     30.00000
     -23.38900     30.73800
     -22.32500     31.48100
     -21.15700     32.23100
     -19.86400     32.98700
     -18.41800     33.74900
     -16.77400     34.51800
     -14.86200     35.29400
     -12.55500     36.07800
      -9.56000     36.87000
      -4.69500     37.67000
</sweep>
<sweep>
      -8.17600    -36.07800
     -11.43200    -35.29400
     -13.84800    -34.51800
     -15.81600    -33.74900
     -17.49400    -32.98700
     -18.96200    -32.23100
     -20.26900    -31.48100
     -21.44700    -30.73800
     -22.51800    -30.00000
     -23.49900    -29.26800
     -24.40300    -28.54000
     -25.23900    -27.81800
     -26.01700    -27.10100
     -26.74100    -26.38800
     -27.41800    -25.67900
     -28.05200    -24.97500
     -28.64700    -24.27500
     -29.20600    -23.57800
     -29.73200    -22.88500
     -30.22800    -22.19600
     -30.69600    -21.51000
     -31.13700    -20.82700
     -31.55400    -20.14800
     -31.94800    -19.47100
     -32.32000    -18.79700
     -32.67200    -18.12600
     -33.00400    -17.45800
     -33.31900    -16.79100
     -33.61500    -16.12800
     -33.89500    -15.46600
     -34.16000    -14.80700
     -34.40900    -14.14900
     -34.64300    -13.49300
     -34.86400    -12.84000
     -35.07000    -12.18700
     -35.26400    -11.53700
     -35.44600    -10.88800
     -35.61500    -10.24000
     -35.77200     -9.59410
     -35.91800     -8.94900
     -36.05200     -8.30510
     -36.17600     -7.66230
     -36.28900     -7.02040
     -36.39100     -6.37940
     -36.48300     -5.73920
     -36.56500     -5.09970
     -36.63700     -4.46080
     -36.69900     -3.82260
     -36.75200     -3.18470
     -36.79400     -2.54730
     -36.82700     -1.91020
     -36.85100     -1.27330
     -36.86500     -0.63663
     -36.87000      0.00000
     -36.86500      0.63663
     -36.85100      1.27330
     -36.82700      1.91020
     -36.79400      2.54730
     -36.75200      3.18470
     -36.69900      3.82260
     -36.63700      4.46080
     -36.56500      5.09970
     -36.48300      5.73920
     -36.39100      6.37940
     -36.28900      7.02040
     -36.17600      7.66230
     -36.05200      8.30510
     -35.91800      8.94900
     -35.77200      9.59410
     -35.61500     10.24000
     -35.44600     10.88800
     -35.26400     11.53700
     -35.07000     12.18700
     -34.86400     12.84000
     -34.64300     13.49300
     -34.40900     14.14900
     -34.16000     14.80700
     -33.89500     15.46600
     -33.61500     16.12800
     -33.31900     16.79100
     -33.00400     17.45800
     -32.67200     18.12600
     -32.32000     18.79700
     -31.94800     19.47100
     -31.55400     20.14800
     -31.13700     20.82700
     -30.69600     21.51000
     -30.22800     22.19600
     -29.73200     22.88500
     -29.20600     23.57800
     -28.64700     24.27500
     -28.05200     24.97500
     -27.41800     25.67900
     -26.74100     26.38800
     -26.01700     27.10100
     -25.23900     27.81800
     -24.40300     28.54000
     -23.49900     29.26800
     -22.51800     30.00000
     -21.44700     30.73800
     -20.26900     31.48100
     -18.96200     32.23100
     -17.49400     32.98700
     -15.81600     33.74900
     -13.84800     34.51800
     -11.43200     35.29400
      -8.17600     36.07800
</sweep>
<sweep>
      -6.39800    -35.29400
     -10.12700    -34.51800
     -12.70800    -33.74900
     -14.76200    -32.98700
     -16.49000    -32.23100
     -17.99100    -31.48100
     -19.32000    -30.73800
     -20.51300    -30.00000
     -21.59600    -29.26800
     -22.58500    -28.54000
     -23.49500    -27.81800
     -24.33500    -27.10100
     -25.11600    -26.38800
     -25.84200    -25.67900
     -26.52000    -24.97500
     -27.15400    -24.27500
     -27.74900    -23.57800
     -28.30800    -22.88500
     -28.83300    -22.19600
     -29.32800    -21.51000
     -29.79400    -20.82700
     -30.23300    -20.14800
     -30.64800    -19.47100
     -31.04000    -18.79700
     -31.40900    -18.12600
     -31.75800    -17.45800
     -32.08800    -16.79100
     -32.39900    -16.12800
     -32.69200    -15.46600
     -32.96900    -14.80700
     -33.22900    -14.14900
     -33.47400    -13.49300
     -33.70400    -12.84000
     -33.92000    -12.18700
     -34.12300    -11.53700
     -34.31200    -10.88800
     -34.48800    -10.24000
     -34.65200     -9.59410
     -34.80400     -8.94900
     -34.94400     -8.30510
     -35.07300     -7.66230
     -35.19100     -7.02040
     -35.29700     -6.37940
     -35.39300     -5.73920
     -35.47800     -5.09970
     -35.55300     -4.46080
     -35.61800     -3.82260
     -35.67200     -3.18470
     -35.71700     -2.54730
     -35.75100     -1.91020
     -35.77600     -1.27330
     -35.79000     -0.63663
     -35.79500      0.00000
     -35.79000      0.63663
     -35.77600      1.27330
     -35.75100      1.91020
     -35.71700      2.54730
     -35.67200      3.18470
     -35.61800      3.82260
     -35.55300      4.46080
     -35.47800      5.09970
     -35.39300      5.73920
     -35.29700      6.37940
     -35.19100      7.02040
     -35.07300      7.66230
     -34.94400      8.30510
     -34.80400      8.94900
     -34.65200      9.59410
     -34.48800     10.24000
     -34.31200     10.88800
     -34.12300     11.53700
     -33.92000     12.18700
     -33.70400     12.84000
     -33.47400     13.49300
     -33.22900     14.14900
     -32.96900     14.80700
     -32.69200     15.46600
     -32.39900     16.12800
     -32.08800     16.79100
     -31.75800     17.45800
     -31.40900     18.12600
     -31.04000     18.79700
     -30.64800     19.47100
     -30.23300     20.14800
     -29.79400     20.82700
     -29.32800     21.51000
     -28.83300     22.19600
     -28.30800     22.88500
     -27.74900     23.57800
     -27.15400     24.27500
     -26.52000     24.97500
     -25.84200     25.67900
     -25.11600     26.38800
     -24.33500     27.10100
     -23.49500     27.81800
     -22.58500     28.54000
     -21.59600     29.26800
     -20.51300     30.00000
     -19.32000     30.73800
     -17.99100     31.48100
     -16.49000     32.23100
     -14.76200     32.98700
     -12.70800     33.74900
     -10.12700     34.51800
      -6.39800     35.29400
</sweep>
<sweep>
      -3.70800    -34.51800
      -8.55800    -33.74900
     -11.40900    -32.98700
     -13.59000    -32.23100
     -15.39200    -31.48100
     -16.94000    -30.73800
     -18.30100    -30.00000
     -19.51700    -29.26800
     -20.61600    -28.54000
     -21.61800    -27.81800
     -22.53700    -27.10100
     -23.38500    -26.38800
     -24.17100    -25.67900
     -24.90100    -24.97500
     -25.58200    -24.27500
     -26.21800    -23.57800
     -26.81400    -22.88500
     -27.37300    -22.19600
     -27.89900    -21.51000
     -28.39300    -20.82700
     -28.85800    -20.14800
     -29.29700    -19.47100
     -29.71000    -18.79700
     -30.09900    -18.12600
     -30.46700    -17.45800
     -30.81300    -16.79100
     -31.14000    -16.12800
     -31.44800    -15.46600
     -31.73800    -14.80700
     -32.01100    -14.14900
     -32.26800    -13.49300
     -32.50900    -12.84000
     -32.73500    -12.18700
     -32.94700    -11.53700
     -33.14400    -10.88800
     -33.32900    -10.24000
     -33.50000     -9.59410
     -33.65900     -8.94900
     -33.80500     -8.30510
     -33.93900     -7.66230
     -34.06200     -7.02040
     -34.17300     -6.37940
     -34.27300     -5.73920
     -34.36200     -5.09970
     -34.44000     -4.46080
     -34.50700     -3.82260
     -34.56400     -3.18470
     -34.61000     -2.54730
     -34.64600     -1.91020
     -34.67200     -1.27330
     -34.68700     -0.63663
     -34.69200      0.00000
     -34.68700      0.63663
     -34.67200      1.27330
     -34.64600      1.91020
     -34.61000      2.54730
     -34.56400      3.18470
     -34.50700      3.82260
     -34.44000      4.46080
     -34.36200      5.09970
     -34.27300      5.73920
     -34.17300      6.37940
     -34.06200      7.02040
     -33.93900      7.66230
     -33.80500      8.30510
     -33.65900      8.94900
     -33.50000      9.59410
     -33.32900     10.24000
     -33.14400     10.88800
     -32.94700     11.53700
     -32.73500     12.18700
     -32.50900     12.84000
     -32.26800     13.49300
     -32.01100     14.14900
     -31.73800     14.80700
     -31.44800     15.46600
     -31.14000     16.12800
     -30.81300     16.79100
     -30.46700     17.45800
     -30.09900     18.12600
     -29.71000     18.79700
     -29.29700     19.47100
     -28.85800     20.14800
     -28.39300     20.82700
     -27.89900     21.51000
     -27.37300     22.19600
     -26.81400     22.88500
     -26.21800     23.57800
     -25.58200     24.27500
     -24.90100     24.97500
     -24.17100     25.67900
     -23.38500     26.38800
     -22.53700     27.10100
     -21.61800     27.81800
     -20.61600     28.54000
     -19.51700     29.26800
     -18.30100     30.00000
     -16.94000     30.73800
     -15.39200     31.48100
     -13.59000     32.23100
     -11.40900     32.98700
      -8.55800     33.74900
      -3.70800     34.51800
</sweep>
<sweep>
      -6.54300    -32.98700
      -9.89000    -32.23100
     -12.26900    -31.48100
     -14.17800    -30.73800
     -15.79300    -30.00000
     -17.20000    -29.26800
     -18.44900    -28.54000
     -19.57200    -27.81800
     -20.59200    -27.10100
     -21.52500    -26.38800
     -22.38300    -25.67900
     -23.17700    -24.97500
     -23.91400    -24.27500
     -24.59900    -23.57800
     -25.23900    -22.88500
     -25.83800    -22.19600
     -26.39900    -21.51000
     -26.92600    -20.82700
     -27.42000    -20.14800
     -27.88600    -19.47100
     -28.32300    -18.79700
     -28.73600    -18.12600
     -29.12400    -17.45800
     -29.48900    -16.79100
     -29.83400    -16.12800
     -30.15800    -15.46600
     -30.46300    -14.80700
     -30.75000    -14.14900
     -31.02000    -13.49300
     -31.27300    -12.84000
     -31.51000    -12.18700
     -31.73200    -11.53700
     -31.93900    -10.88800
     -32.13200    -10.24000
     -32.31200     -9.59410
     -32.47700     -8.94900
     -32.63100     -8.30510
     -32.77100     -7.66230
     -32.89900     -7.02040
     -33.01500     -6.37940
     -33.12000     -5.73920
     -33.21200     -5.09970
     -33.29400     -4.46080
     -33.36400     -3.82260
     -33.42300     -3.18470
     -33.47200     -2.54730
     -33.50900     -1.91020
     -33.53600     -1.27330
     -33.55200     -0.63663
     -33.55700      0.00000
     -33.55200      0.63663
     -33.53600      1.27330
     -33.50900      1.91020
     -33.47200      2.54730
     -33.42300      3.18470
     -33.36400      3.82260
     -33.29400      4.46080
     -33.21200      5.09970
     -33.12000      5.73920
     -33.01500      6.37940
     -32.89900      7.02040
     -32.77100      7.66230
     -32.63100      8.30510
     -32.47700      8.94900
     -32.31200      9.59410
     -32.13200     10.24000
     -31.93900     10.88800
     -31.73200     11.53700
     -31.51000     12.18700
     -31.27300     12.84000
     -31.02000     13.49300
     -30.75000     14.14900
     -30.46300     14.80700
     -30.15800     15.46600
     -29.83400     16.12800
     -29.48900     16.79100
     -29.12400     17.45800
     -28.73600     18.12600
     -28.32300     18.79700
     -27.88600     19.47100
     -27.42000     20.14800
     -26.92600     20.82700
     -26.39900     21.51000
     -25.83800     22.19600
     -25.23900     22.88500
     -24.59900     23.57800
     -23.91400     24.27500
     -23.17700     24.97500
     -22.38300     25.67900
     -21.52500     26.38800
     -20.59200     27.10100
     -19.57200     27.81800
     -18.44900     28.54000
     -17.20000     29.26800
     -15.79300     30.00000
     -14.17800     30.73800
     -12.26900     31.48100
      -9.89000     32.23100
      -6.54300     32.98700
</sweep>
<sweep>
      -3.36800    -32.23100
      -8.03200    -31.48100
     -10.74500    -30.73800
     -12.81800    -30.00000
     -14.53000    -29.26800
     -16.00100    -28.54000
     -17.29500    -27.81800
     -18.45100    -27.10100
     -19.49600    -26.38800
     -20.44800    -25.67900
     -21.32200    -24.97500
     -22.12800    -24.27500
     -22.87400    -23.57800
     -23.56700    -22.88500
     -24.21300    -22.19600
     -24.81600    -21.51000
     -25.38000    -20.82700
     -25.90900    -20.14800
     -26.40600    -19.47100
     -26.87200    -18.79700
     -27.31000    -18.12600
     -27.72200    -17.45800
     -28.10900    -16.79100
     -28.47300    -16.12800
     -28.81600    -15.46600
     -29.13800    -14.80700
     -29.44100    -14.14900
     -29.72500    -13.49300
     -29.99100    -12.84000
     -30.24100    -12.18700
     -30.47400    -11.53700
     -30.69200    -10.88800
     -30.89500    -10.24000
     -31.08300     -9.59410
     -31.25700     -8.94900
     -31.41700     -8.30510
     -31.56400     -7.66230
     -31.69900     -7.02040
     -31.82000     -6.37940
     -31.93000     -5.73920
     -32.02700     -5.09970
     -32.11200     -4.46080
     -32.18600     -3.82260
     -32.24800     -3.18470
     -32.29800     -2.54730
     -32.33700     -1.91020
     -32.36500     -1.27330
     -32.38200     -0.63663
     -32.38800      0.00000
     -32.38200      0.63663
     -32.36500      1.27330
     -32.33700      1.91020
     -32.29800      2.54730
     -32.24800      3.18470
     -32.18600      3.82260
     -32.11200      4.46080
     -32.02700      5.09970
     -31.93000      5.73920
     -31.82000      6.37940
     -31.69900      7.02040
     -31.56400      7.66230
     -31.41700      8.30510
     -31.25700      8.94900
     -31.08300      9.59410
     -30.89500     10.24000
     -30.69200     10.88800
     -30.47400     11.53700
     -30.24100     12.18700
     -29.99100     12.84000
     -29.72500     13.49300
     -29.44100     14.14900
     -29.13800     14.80700
     -28.81600     15.46600
     -28.47300     16.12800
     -28.10900     16.79100
     -27.72200     17.45800
     -27.31000     18.12600
     -26.87200     18.79700
     -26.40600     19.47100
     -25.90900     20.14800
     -25.38000     20.82700
     -24.81600     21.51000
     -24.21300     22.19600
     -23.56700     22.88500
     -22.87400     23.57800
     -22.12800     24.27500
     -21.32200     24.97500
     -20.44800     25.67900
     -19.49600     26.38800
     -18.45100     27.10100
     -17.29500     27.81800
     -16.00100     28.54000
     -14.53000     29.26800
     -12.81800     30.00000
     -10.74500     30.73800
      -8.03200     31.48100
      -3.36800     32.23100
</sweep>
<sweep>
      -5.50100    -30.73800
      -8.91800    -30.00000
     -11.26000    -29.26800
     -13.11800    -28.54000
     -14.68200    -27.81800
     -16.03900    -27.10100
     -17.24100    -26.38800
     -18.32000    -25.67900
     -19.29900    -24.97500
     -20.19300    -24.27500
     -21.01500    -23.57800
     -21.77400    -22.88500
     -22.47800    -22.19600
     -23.13200    -21.51000
     -23.74200    -20.82700
     -24.31100    -20.14800
     -24.84400    -19.47100
     -25.34300    -18.79700
     -25.81200    -18.12600
     -26.25100    -17.45800
     -26.66300    -16.79100
     -27.05100    -16.12800
     -27.41400    -15.46600
     -27.75600    -14.80700
     -28.07600    -14.14900
     -28.37700    -13.49300
     -28.65800    -12.84000
     -28.92200    -12.18700
     -29.16800    -11.53700
     -29.39700    -10.88800
     -29.61000    -10.24000
     -29.80900     -9.59410
     -29.99200     -8.94900
     -30.16000     -8.30510
     -30.31500     -7.66230
     -30.45600     -7.02040
     -30.58400     -6.37940
     -30.69800     -5.73920
     -30.80000     -5.09970
     -30.89000     -4.46080
     -30.96700     -3.82260
     -31.03200     -3.18470
     -31.08500     -2.54730
     -31.12600     -1.91020
     -31.15500     -1.27330
     -31.17300     -0.63663
     -31.17900      0.00000
     -31.17300      0.63663
     -31.15500      1.27330
     -31.12600      1.91020
     -31.08500      2.54730
     -31.03200      3.18470
     -30.96700      3.82260
     -30.89000      4.46080
     -30.80000      5.09970
     -30.69800      5.73920
     -30.58400      6.37940
     -30.45600      7.02040
     -30.31500      7.66230
     -30.16000      8.30510
     -29.99200      8.94900
     -29.80900      9.59410
     -29.61000     10.24000
     -29.39700     10.88800
     -29.16800     11.53700
     -28.92200     12.18700
     -28.65800     12.84000
     -28.37700     13.49300
     -28.07600     14.14900
     -27.75600     14.80700
     -27.41400     15.46600
     -27.05100     16.12800
     -26.66300     16.79100
     -26.25100     17.45800
     -25.81200     18.12600
     -25.34300     18.79700
     -24.84400     19.47100
     -24.31100     20.14800
     -23.74200     20.82700
     -23.13200     21.51000
     -22.47800     22.19600
     -21.77400     22.88500
     -21.01500     23.57800
     -20.19300     24.27500
     -19.29900     24.97500
     -18.32000     25.67900
     -17.24100     26.38800
     -16.03900     27.10100
     -14.68200     27.81800
     -13.11800     28.54000
     -11.26000     29.26800
      -8.91800     30.00000
      -5.50100     30.73800
</sweep>
<sweep>
      -6.54200    -29.26800
      -9.40700    -28.54000
     -11.50400    -27.81800
     -13.20600    -27.10100
     -14.65400    -26.38800
     -15.92000    -25.67900
     -17.04700    -24.97500
     -18.06100    -24.27500
     -18.98400    -23.57800
     -19.82800    -22.88500
     -20.60500    -22.19600
     -21.32300    -21.51000
     -21.98900    -20.82700
     -22.60800    -20.14800
     -23.18500    -19.47100
     -23.72400    -18.79700
     -24.22800    -18.12600
     -24.69900    -17.45800
     -25.14100    -16.79100
     -25.55500    -16.12800
     -25.94300    -15.46600
     -26.30700    -14.80700
     -26.64800    -14.14900
     -26.96700    -13.49300
     -27.26600    -12.84000
     -27.54500    -12.18700
     -27.80500    -11.53700
     -28.04800    -10.88800
     -28.27400    -10.24000
     -28.48300     -9.59410
     -28.67600     -8.94900
     -28.85400     -8.30510
     -29.01700     -7.66230
     -29.16600     -7.02040
     -29.30000     -6.37940
     -29.42100     -5.73920
     -29.52800     -5.09970
     -29.62300     -4.46080
     -29.70400     -3.82260
     -29.77200     -3.18470
     -29.82800     -2.54730
     -29.87100     -1.91020
     -29.90200     -1.27330
     -29.92000     -0.63663
     -29.92600      0.00000
     -29.92000      0.63663
     -29.90200      1.27330
     -29.87100      1.91020
     -29.82800      2.54730
     -29.77200      3.18470
     -29.70400      3.82260
     -29.62300      4.46080
     -29.52800      5.09970
     -29.42100      5.73920
     -29.30000      6.37940
     -29.16600      7.02040
     -29.01700      7.66230
     -28.85400      8.30510
     -28.67600      8.94900
     -28.48300      9.59410
     -28.27400     10.24000
     -28.04800     10.88800
     -27.80500     11.53700
     -27.54500     12.18700
     -27.26600     12.84000
     -26.96700     13.49300
     -26.64800     14.14900
     -26.30700     14.80700
     -25.94300     15.46600
     -25.55500     16.12800
     -25.14100     16.79100
     -24.69900     17.45800
     -24.22800     18.12600
     -23.72400     18.79700
     -23.18500     19.47100
     -22.60800     20.14800
     -21.98900     20.82700
     -21.32300     21.51000
     -20.60500     22.19600
     -19.82800     22.88500
     -18.98400     23.57800
     -18.06100     24.27500
     -17.04700     24.97500
     -15.92000     25.67900
     -14.65400     26.38800
     -13.20600     27.10100
     -11.50400     27.81800
      -9.40700     28.54000
      -6.54200     29.26800
</sweep>
<sweep>
      -2.29200    -28.54000
      -7.03300    -27.81800
      -9.58600    -27.10100
     -11.51400    -26.38800
     -13.10100    -25.67900
     -14.46000    -24.97500
     -15.65300    -24.27500
     -16.71800    -23.57800
     -17.67800    -22.88500
     -18.55300    -22.19600
     -19.35400    -21.51000
     -20.09100    -20.82700
     -20.77300    -20.14800
     -21.40500    -19.47100
     -21.99300    -18.79700
     -22.54000    -18.12600
     -23.05000    -17.45800
     -23.52700    -16.79100
     -23.97300    -16.12800
     -24.39000    -15.46600
     -24.78000    -14.80700
     -25.14400    -14.14900
     -25.48500    -13.49300
     -25.80400    -12.84000
     -26.10100    -12.18700
     -26.37900    -11.53700
     -26.63700    -10.88800
     -26.87600    -10.24000
     -27.09800     -9.59410
     -27.30300     -8.94900
     -27.49100     -8.30510
     -27.66400     -7.66230
     -27.82100     -7.02040
     -27.96300     -6.37940
     -28.09100     -5.73920
     -28.20500     -5.09970
     -28.30400     -4.46080
     -28.39000     -3.82260
     -28.46200     -3.18470
     -28.52100     -2.54730
     -28.56600     -1.91020
     -28.59900     -1.27330
     -28.61800     -0.63663
     -28.62500      0.00000
     -28.61800      0.63663
     -28.59900      1.27330
     -28.56600      1.91020
     -28.52100      2.54730
     -28.46200      3.18470
     -28.39000      3.82260
     -28.30400      4.46080
     -28.20500      5.09970
     -28.09100      5.73920
     -27.96300      6.37940
     -27.82100      7.02040
     -27.66400      7.66230
     -27.49100      8.30510
     -27.30300      8.94900
     -27.09800      9.59410
     -26.87600     10.24000
     -26.63700     10.88800
     -26.37900     11.53700
     -26.10100     12.18700
     -25.80400     12.84000
     -25.48500     13.49300
     -25.14400     14.14900
     -24.78000     14.80700
     -24.39000     15.46600
     -23.97300     16.12800
     -23.52700     16.79100
     -23.05000     17.45800
     -22.54000     18.12600
     -21.99300     18.79700
     -21.40500     19.47100
     -20.77300     20.14800
     -20.09100     20.82700
     -19.35400     21.51000
     -18.55300     22.19600
     -17.67800     22.88500
     -16.71800     23.57800
     -15.65300     24.27500
     -14.46000     24.97500
     -13.10100     25.67900
     -11.51400     26.38800
      -9.58600     27.10100
      -7.03300     27.81800
      -2.29200     28.54000
</sweep>
<sweep>
      -3.11900    -27.10100
      -7.12500    -26.38800
      -9.49400    -25.67900
     -11.31000    -24.97500
     -12.81200    -24.27500
     -14.10300    -23.57800
     -15.23900    -22.88500
     -16.25400    -22.19600
     -17.17000    -21.51000
     -18.00400    -20.82700
     -18.76800    -20.14800
     -19.47100    -19.47100
     -20.12100    -18.79700
     -20.72300    -18.12600
     -21.28100    -17.45800
     -21.80100    -16.79100
     -22.28600    -16.12800
     -22.73700    -15.46600
     -23.15900    -14.80700
     -23.55200    -14.14900
     -23.91900    -13.49300
     -24.26100    -12.84000
     -24.58000    -12.18700
     -24.87600    -11.53700
     -25.15200    -10.88800
     -25.40800    -10.24000
     -25.64400     -9.59410
     -25.86300     -8.94900
     -26.06300     -8.30510
     -26.24700     -7.66230
     -26.41400     -7.02040
     -26.56500     -6.37940
     -26.70100     -5.73920
     -26.82100     -5.09970
     -26.92600     -4.46080
     -27.01700     -3.82260
     -27.09400     -3.18470
     -27.15600     -2.54730
     -27.20400     -1.91020
     -27.23900     -1.27330
     -27.25900     -0.63663
     -27.26600      0.00000
     -27.25900      0.63663
     -27.23900      1.27330
     -27.20400      1.91020
     -27.15600      2.54730
     -27.09400      3.18470
     -27.01700      3.82260
     -26.92600      4.46080
     -26.82100      5.09970
     -26.70100      5.73920
     -26.56500      6.37940
     -26.41400      7.02040
     -26.24700      7.66230
     -26.06300      8.30510
     -25.86300      8.94900
     -25.64400      9.59410
     -25.40800     10.24000
     -25.15200     10.88800
     -24.87600     11.53700
     -24.58000     12.18700
     -24.26100     12.84000
     -23.91900     13.49300
     -23.55200     14.14900
     -23.15900     14.80700
     -22.73700     15.46600
     -22.28600     16.12800
     -21.80100     16.79100
     -21.28100     17.45800
     -20.72300     18.12600
     -20.12100     18.79700
     -19.47100     19.47100
     -18.76800     20.14800
     -18.00400     20.82700
     -17.17000     21.51000
     -16.25400     22.19600
     -15.23900     22.88500
     -14.10300     23.57800
     -12.81200     24.27500
     -11.31000     24.97500
      -9.49400     25.67900
      -7.12500     26.38800
      -3.11900     27.10100
</sweep>
<sweep>
      -2.99800    -25.67900
      -6.86100    -24.97500
      -9.14400    -24.27500
     -10.89300    -23.57800
     -12.34000    -22.88500
     -13.58300    -22.19600
     -14.67600    -21.51000
     -15.65100    -20.82700
     -16.53100    -20.14800
     -17.33200    -19.47100
     -18.06500    -18.79700
     -18.73800    -18.12600
     -19.36000    -17.45800
     -19.93500    -16.79100
     -20.46800    -16.12800
     -20.96300    -15.46600
     -21.42300    -14.80700
     -21.85100    -14.14900
     -22.24900    -13.49300
     -22.61900    -12.84000
     -22.96400    -12.18700
     -23.28400    -11.53700
     -23.58100    -10.88800
     -23.85500    -10.24000
     -24.10900     -9.59410
     -24.34400     -8.94900
     -24.55800     -8.30510
     -24.75500     -7.66230
     -24.93300     -7.02040
     -25.09500     -6.37940
     -25.23900     -5.73920
     -25.36800     -5.09970
     -25.48000     -4.46080
     -25.57700     -3.82260
     -25.65800     -3.18470
     -25.72500     -2.54730
     -25.77600     -1.91020
     -25.81300     -1.27330
     -25.83500     -0.63663
     -25.84200      0.00000
     -25.83500      0.63663
     -25.81300      1.27330
     -25.77600      1.91020
     -25.72500      2.54730
     -25.65800      3.18470
     -25.57700      3.82260
     -25.48000      4.46080
     -25.36800      5.09970
     -25.23900      5.73920
     -25.09500      6.37940
     -24.93300      7.02040
     -24.75500      7.66230
     -24.55800      8.30510
     -24.34400      8.94900
     -24.10900      9.59410
     -23.85500     10.24000
     -23.58100     10.88800
     -23.28400     11.53700
     -22.96400     12.18700
     -22.61900     12.84000
     -22.24900     13.49300
     -21.85100     14.14900
     -21.42300     14.80700
     -20.96300     15.46600
     -20.46800     16.12800
     -19.93500     16.79100
     -19.36000     17.45800
     -18.73800     18.12600
     -18.06500     18.79700
     -17.33200     19.47100
     -16.53100     20.14800
     -15.65100     20.82700
     -14.67600     21.51000
     -13.58300     22.19600
     -12.34000     22.88500
     -10.89300     23.57800
      -9.14400     24.27500
      -6.86100     24.97500
      -2.99800     25.67900
</sweep>
<sweep>
      -1.84800    -24.27500
      -6.22500    -23.57800
      -8.52300    -22.88500
     -10.25300    -22.19600
     -11.67300    -21.51000
     -12.88700    -20.82700
     -13.95200    -20.14800
     -14.89900    -19.47100
     -15.75200    -18.79700
     -16.52700    -18.12600
     -17.23400    -17.45800
     -17.88200    -16.79100
     -18.48000    -16.12800
     -19.03100    -15.46600
     -19.54100    -14.80700
     -20.01300    -14.14900
     -20.45000    -13.49300
     -20.85600    -12.84000
     -21.23200    -12.18700
     -21.58100    -11.53700
     -21.90400    -10.88800
     -22.20200    -10.24000
     -22.47700     -9.59410
     -22.73000     -8.94900
     -22.96100     -8.30510
     -23.17300     -7.66230
     -23.36600     -7.02040
     -23.53900     -6.37940
     -23.69500     -5.73920
     -23.83200     -5.09970
     -23.95300     -4.46080
     -24.05700     -3.82260
     -24.14400     -3.18470
     -24.21500     -2.54730
     -24.27000     -1.91020
     -24.30900     -1.27330
     -24.33300     -0.63663
     -24.34100      0.00000
     -24.33300      0.63663
     -24.30900      1.27330
     -24.27000      1.91020
     -24.21500      2.54730
     -24.14400      3.18470
     -24.05700      3.82260
     -23.95300      4.46080
     -23.83200      5.09970
     -23.69500      5.73920
     -23.53900      6.37940
     -23.36600      7.02040
     -23.17300      7.66230
     -22.96100      8.30510
     -22.73000      8.94900
     -22.47700      9.59410
     -22.20200     10.24000
     -21.90400     10.88800
     -21.58100     11.53700
     -21.23200     12.18700
     -20.85600     12.84000
     -20.45000     13.49300
     -20.01300     14.14900
     -19.54100     14.80700
     -19.03100     15.46600
     -18.48000     16.12800
     -17.88200     16.79100
     -17.23400     17.45800
     -16.52700     18.12600
     -15.75200     18.79700
     -14.89900     19.47100
     -13.95200     20.14800
     -12.88700     20.82700
     -11.67300     21.51000
     -10.25300     22.19600
      -8.52300     22.88500
      -6.22500     23.57800
      -1.84800     24.27500
</sweep>
<sweep>
      -5.10600    -22.19600
      -7.58000    -21.51000
      -9.35600    -20.82700
     -10.78600    -20.14800
     -11.99500    -19.47100
     -13.04800    -18.79700
     -13.98000    -18.12600
     -14.81600    -17.45800
     -15.57200    -16.79100
     -16.26000    -16.12800
     -16.88900    -15.46600
     -17.46600    -14.80700
     -17.99700    -14.14900
     -18.48600    -13.49300
     -18.93800    -12.84000
     -19.35400    -12.18700
     -19.73900    -11.53700
     -20.09400    -10.88800
     -20.42200    -10.24000
     -20.72300     -9.59410
     -20.99900     -8.94900
     -21.25200     -8.30510
     -21.48200     -7.66230
     -21.69100     -7.02040
     -21.88000     -6.37940
     -22.04800     -5.73920
     -22.19700     -5.09970
     -22.32800     -4.46080
     -22.44000     -3.82260
     -22.53500     -3.18470
     -22.61100     -2.54730
     -22.67100     -1.91020
     -22.71300     -1.27330
     -22.73800     -0.63663
     -22.74700      0.00000
     -22.73800      0.63663
     -22.71300      1.27330
     -22.67100      1.91020
     -22.61100      2.54730
     -22.53500      3.18470
     -22.44000      3.82260
     -22.32800      4.46080
     -22.19700      5.09970
     -22.04800      5.73920
     -21.88000      6.37940
     -21.69100      7.02040
     -21.48200      7.66230
     -21.25200      8.30510
     -20.99900      8.94900
     -20.72300      9.59410
     -20.42200     10.24000
     -20.09400     10.88800
     -19.73900     11.53700
     -19.35400     12.18700
     -18.93800     12.84000
     -18.48600     13.49300
     -17.99700     14.14900
     -17.46600     14.80700
     -16.88900     15.46600
     -16.26000     16.12800
     -15.57200     16.79100
     -14.81600     17.45800
     -13.98000     18.12600
     -13.04800     18.79700
     -11.99500     19.47100
     -10.78600     20.14800
      -9.35600     20.82700
      -7.58000     21.51000
      -5.10600     22.19600
</sweep>
<sweep>
      -3.04800    -20.82700
      -6.19000    -20.14800
      -8.13000    -19.47100
      -9.62700    -18.79700
     -10.86600    -18.12600
     -11.93000    -17.45800
     -12.86400    -16.79100
     -13.69500    -16.12800
     -14.44200    -15.46600
     -15.11800    -14.80700
     -15.73300    -14.14900
     -16.29500    -13.49300
     -16.81000    -12.84000
     -17.28200    -12.18700
     -17.71500    -11.53700
     -18.11300    -10.88800
     -18.47900    -10.24000
     -18.81400     -9.59410
     -19.12000     -8.94900
     -19.40000     -8.30510
     -19.65400     -7.66230
     -19.88400     -7.02040
     -20.09100     -6.37940
     -20.27600     -5.73920
     -20.43900     -5.09970
     -20.58200     -4.46080
     -20.70500     -3.82260
     -20.80800     -3.18470
     -20.89200     -2.54730
     -20.95600     -1.91020
     -21.00300     -1.27330
     -21.03000     -0.63663
     -21.03900      0.00000
     -21.03000      0.63663
     -21.00300      1.27330
     -20.95600      1.91020
     -20.89200      2.54730
     -20.80800      3.18470
     -20.70500      3.82260
     -20.58200      4.46080
     -20.43900      5.09970
     -20.27600      5.73920
     -20.09100      6.37940
     -19.88400      7.02040
     -19.65400      7.66230
     -19.40000      8.30510
     -19.12000      8.94900
     -18.81400      9.59410
     -18.47900     10.24000
     -18.11300     10.88800
     -17.71500     11.53700
     -17.28200     12.18700
     -16.81000     12.84000
     -16.29500     13.49300
     -15.73300     14.14900
     -15.11800     14.80700
     -14.44200     15.46600
     -13.69500     16.12800
     -12.86400     16.79100
     -11.93000     17.45800
     -10.86600     18.12600
      -9.62700     18.79700
      -8.13000     19.47100
      -6.19000     20.14800
      -3.04800     20.82700
</sweep>
<sweep>
      -3.92400    -18.79700
      -6.40300    -18.12600
      -8.09100    -17.45800
      -9.42300    -16.79100
     -10.53800    -16.12800
     -11.49900    -15.46600
     -12.34400    -14.80700
     -13.09600    -14.14900
     -13.77100    -13.49300
     -14.38100    -12.84000
     -14.93500    -12.18700
     -15.43800    -11.53700
     -15.89700    -10.88800
     -16.31500    -10.24000
     -16.69600     -9.59410
     -17.04300     -8.94900
     -17.35900     -8.30510
     -17.64500     -7.66230
     -17.90300     -7.02040
     -18.13400     -6.37940
     -18.34100     -5.73920
     -18.52300     -5.09970
     -18.68100     -4.46080
     -18.81800     -3.82260
     -18.93200     -3.18470
     -19.02500     -2.54730
     -19.09600     -1.91020
     -19.14700     -1.27330
     -19.17800     -0.63663
     -19.18800      0.00000
     -19.17800      0.63663
     -19.14700      1.27330
     -19.09600      1.91020
     -19.02500      2.54730
     -18.93200      3.18470
     -18.81800      3.82260
     -18.68100      4.46080
     -18.52300      5.09970
     -18.34100      5.73920
     -18.13400      6.37940
     -17.90300      7.02040
     -17.64500      7.66230
     -17.35900      8.30510
     -17.04300      8.94900
     -16.69600      9.59410
     -16.31500     10.24000
     -15.89700     10.88800
     -15.43800     11.53700
     -14.93500     12.18700
     -14.38100     12.84000
     -13.77100     13.49300
     -13.09600     14.14900
     -12.34400     14.80700
     -11.49900     15.46600
     -10.53800     16.12800
      -9.42300     16.79100
      -8.09100     17.45800
      -6.40300     18.12600
      -3.92400     18.79700
</sweep>
<sweep>
      -3.52100    -16.79100
      -5.90100    -16.12800
      -7.49400    -15.46600
      -8.74500    -14.80700
      -9.78600    -14.14900
     -10.67900    -13.49300
     -11.46100    -12.84000
     -12.15300    -12.18700
     -12.77100    -11.53700
     -13.32700    -10.88800
     -13.82700    -10.24000
     -14.27800     -9.59410
     -14.68600     -8.94900
     -15.05400     -8.30510
     -15.38500     -7.66230
     -15.68300     -7.02040
     -15.94800     -6.37940
     -16.18400     -5.73920
     -16.39200     -5.09970
     -16.57300     -4.46080
     -16.72700     -3.82260
     -16.85700     -3.18470
     -16.96200     -2.54730
     -17.04300     -1.91020
     -17.10000     -1.27330
     -17.13500     -0.63663
     -17.14600      0.00000
     -17.13500      0.63663
     -17.10000      1.27330
     -17.04300      1.91020
     -16.96200      2.54730
     -16.85700      3.18470
     -16.72700      3.82260
     -16.57300      4.46080
     -16.39200      5.09970
     -16.18400      5.73920
     -15.94800      6.37940
     -15.68300      7.02040
     -15.38500      7.66230
     -15.05400      8.30510
     -14.68600      8.94900
     -14.27800      9.59410
     -13.82700     10.24000
     -13.32700     10.88800
     -12.77100     11.53700
     -12.15300     12.18700
     -11.46100     12.84000
     -10.67900     13.49300
      -9.78600     14.14900
      -8.74500     14.80700
      -7.49400     15.46600
      -5.90100     16.12800
      -3.52100     16.79100
</sweep>
<sweep>
      -0.93100    -14.80700
      -4.50600    -14.14900
      -6.22300    -13.49300
      -7.49500    -12.84000
      -8.52300    -12.18700
      -9.39000    -11.53700
     -10.13800    -10.88800
     -10.79200    -10.24000
     -11.36900     -9.59410
     -11.88100     -8.94900
     -12.33600     -8.30510
     -12.74100     -7.66230
     -13.10200     -7.02040
     -13.42100     -6.37940
     -13.70300     -5.73920
     -13.95000     -5.09970
     -14.16300     -4.46080
     -14.34500     -3.82260
     -14.49700     -3.18470
     -14.62000     -2.54730
     -14.71400     -1.91020
     -14.78200     -1.27330
     -14.82200     -0.63663
     -14.83500      0.00000
     -14.82200      0.63663
     -14.78200      1.27330
     -14.71400      1.91020
     -14.62000      2.54730
     -14.49700      3.18470
     -14.34500      3.82260
     -14.16300      4.46080
     -13.95000      5.09970
     -13.70300      5.73920
     -13.42100      6.37940
     -13.10200      7.02040
     -12.74100      7.66230
     -12.33600      8.30510
     -11.88100      8.94900
     -11.36900      9.59410
     -10.79200     10.24000
     -10.13800     10.88800
      -9.39000     11.53700
      -8.52300     12.18700
      -7.49500     12.84000
      -6.22300     13.49300
      -4.50600     14.14900
      -0.93100     14.80700
</sweep>
<sweep>
      -3.67800    -11.53700
      -5.31400    -10.88800
      -6.48300    -10.24000
      -7.41000     -9.59410
      -8.18000     -8.94900
      -8.83300     -8.30510
      -9.39500     -7.66230
      -9.88200     -7.02040
     -10.30500     -6.37940
     -10.67200     -5.73920
     -10.98900     -5.09970
     -11.26100     -4.46080
     -11.49000     -3.82260
     -11.68100     -3.18470
     -11.83400     -2.54730
     -11.95200     -1.91020
     -12.03500     -1.27330
     -12.08500     -0.63663
     -12.10100      0.00000
     -12.08500      0.63663
     -12.03500      1.27330
     -11.95200      1.91020
     -11.83400      2.54730
     -11.68100      3.18470
     -11.49000      3.82260
     -11.26100      4.46080
     -10.98900      5.09970
     -10.67200      5.73920
     -10.30500      6.37940
      -9.88200      7.02040
      -9.39500      7.66230
      -8.83300      8.30510
      -8.18000      8.94900
      -7.41000      9.59410
      -6.48300     10.24000
      -5.31400     10.88800
      -3.67800     11.53700
</sweep>
<sweep>
      -2.03500     -8.30510
      -3.80300     -7.66230
      -4.89100     -7.02040
      -5.70300     -6.37940
      -6.34700     -5.73920
      -6.87100     -5.09970
      -7.30000     -4.46080
      -7.65300     -3.82260
      -7.93800     -3.18470
      -8.16300     -2.54730
      -8.33400     -1.91020
      -8.45400     -1.27330
      -8.52600     -0.63663
      -8.54900      0.00000
      -8.52600      0.63663
      -8.45400      1.27330
      -8.33400      1.91020
      -8.16300      2.54730
      -7.93800      3.18470
      -7.65300      3.82260
      -7.30000      4.46080
      -6.87100      5.09970
      -6.34700      5.73920
      -5.70300      6.37940
      -4.89100      7.02040
      -3.80300      7.66230
      -2.03500      8.30510
</sweep>
